clade_founder_aa	mutant_aa	aa_site	expected_count	actual_count	delta_fitness
A	A	27	125.98	164	0.26283
A	A	67	95.134	322	1.2156
A	A	83	57.748	117	0.70173
A	A	93	110.84	100	-0.10245
A	A	123	110.84	110	-0.0075958
A	A	163	607.41	567	-0.068789
A	A	222	107.26	142	0.27941
A	A	243	110.84	112	0.010342
A	A	260	110.84	133	0.18149
A	A	262	110.84	133	0.18149
A	A	263	125.98	153	0.19362
A	A	264	107.92	83	-0.26118
A	A	288	110.84	90	-0.20726
A	A	292	125.98	56	-0.80584
A	A	344	762.24	505	-0.41138
A	A	348	125.98	134	0.061483
A	A	352	110.84	129	0.15107
A	A	372	125.98	130	0.031292
A	A	376	29.112	29	-0.003774
A	A	397	125.98	146	0.14694
A	A	411	110.84	294	0.97267
A	A	419	110.84	81	-0.31201
A	A	435	110.84	82	-0.29981
A	A	475	762.24	1523	0.69184
A	A	484	45.489	73	0.46888
A	A	520	125.98	142	0.11926
A	A	522	125.98	120	-0.048432
A	A	570	101.68	114	0.11381
A	A	575	110.84	269	0.88396
A	A	609	110.84	95	-0.15349
A	A	623	110.84	341	1.1207
A	A	626	125.98	153	0.19362
A	A	647	125.98	197	0.44566
A	A	653	110.84	135	0.19636
A	A	668	125.98	139	0.097983
A	A	672	110.84	64	-0.54595
A	A	684	125.98	84	-0.40333
A	A	688	110.84	66	-0.51541
A	A	694	762.24	235	-1.1752
A	A	701	125.98	159	0.23196
A	A	706	110.84	115	0.036659
A	A	713	762.24	220	-1.241
A	A	766	110.84	70	-0.457
A	A	771	110.84	56	-0.67837
A	A	783	125.98	106	-0.17194
A	A	829	125.98	144	0.1332
A	A	831	110.84	160	0.36568
A	A	845	110.84	110	-0.0075958
A	A	846	110.84	69	-0.47128
A	A	852	125.98	156	0.21297
A	A	871	110.84	127	0.13551
A	A	876	125.98	63	-0.68904
A	A	879	607.41	771	0.23831
A	A	890	125.98	152	0.18708
A	A	892	110.84	136	0.20371
A	A	893	125.98	201	0.46571
A	A	899	110.84	204	0.60796
A	A	903	110.84	92	-0.1854
A	A	924	762.24	526	-0.37067
A	A	930	110.84	216	0.66498
A	A	942	125.98	164	0.26283
A	A	944	125.98	46	-1.0006
A	A	956	125.98	61	-0.72104
A	A	958	110.84	84	-0.27586
A	A	972	125.98	96	-0.27054
A	A	982	6.9532	4	-0.50457
A	A	989	110.84	129	0.15107
A	A	1015	110.84	88	-0.22961
A	A	1016	125.98	127	0.0080349
A	A	1022	110.84	122	0.0955
A	A	1025	110.84	116	0.04528
A	A	1026	110.84	141	0.23969
A	A	1056	125.98	69	-0.59875
A	A	1070	125.98	72	-0.55649
A	A	1078	110.84	213	0.65103
A	A	1080	762.24	176	-1.4636
A	A	1087	125.98	67	-0.62795
A	A	1174	110.84	124	0.11169
A	A	1190	762.24	171	-1.4923
A	A	1222	110.84	166	0.40238
A	A	1226	762.24	150	-1.623
A	D	67	42.403	14	-1.0848
A	D	83	4.4935	1	-1.2027
A	D	93	48.529	3	-2.6396
A	D	123	48.529	9	-1.6411
A	D	222	46.956	2	-2.9435
A	D	243	48.529	8	-1.7523
A	D	260	48.529	65	0.28965
A	D	262	48.529	27	-0.57822
A	D	264	47.177	62	0.27072
A	D	288	48.529	0	-4.5855
A	D	344	48.529	14	-1.2183
A	D	352	48.529	22	-0.77889
A	D	376	13.596	0	-3.3391
A	D	411	48.529	2	-2.9761
A	D	419	48.529	1	-3.4869
A	D	435	48.529	2	-2.9761
A	D	475	48.529	8	-1.7523
A	D	570	44.767	132	1.074
A	D	575	48.529	0	-4.5855
A	D	609	48.529	0	-4.5855
A	D	623	48.529	3	-2.6396
A	D	653	48.529	0	-4.5855
A	D	672	48.529	0	-4.5855
A	D	688	48.529	39	-0.2161
A	D	694	48.529	1	-3.4869
A	D	706	48.529	2	-2.9761
A	D	713	48.529	19	-0.92199
A	D	766	48.529	0	-4.5855
A	D	771	48.529	37	-0.26806
A	D	831	48.529	13	-1.2897
A	D	845	48.529	33	-0.38086
A	D	846	48.529	7	-1.8775
A	D	871	48.529	1	-3.4869
A	D	892	48.529	0	-4.5855
A	D	899	48.529	0	-4.5855
A	D	903	48.529	1	-3.4869
A	D	924	48.529	0	-4.5855
A	D	930	48.529	2	-2.9761
A	D	958	48.529	7	-1.8775
A	D	989	48.529	0	-4.5855
A	D	1015	48.529	0	-4.5855
A	D	1022	48.529	1	-3.4869
A	D	1025	48.529	0	-4.5855
A	D	1026	48.529	0	-4.5855
A	D	1078	48.529	4	-2.3883
A	D	1080	48.529	2	-2.9761
A	D	1174	48.529	0	-4.5855
A	D	1190	48.529	1	-3.4869
A	D	1222	48.529	1	-3.4869
A	D	1226	48.529	0	-4.5855
A	E	27	48.529	9	-1.6411
A	E	163	48.529	10	-1.541
A	E	263	48.529	13	-1.2897
A	E	292	48.529	1	-3.4869
A	E	348	48.529	14	-1.2183
A	E	372	48.529	6	-2.0206
A	E	397	48.529	0	-4.5855
A	E	520	48.529	17	-1.0302
A	E	522	48.529	26	-0.61526
A	E	626	48.529	7	-1.8775
A	E	647	48.529	1	-3.4869
A	E	668	48.529	0	-4.5855
A	E	684	48.529	8	-1.7523
A	E	701	48.529	18	-0.97463
A	E	783	48.529	26	-0.61526
A	E	829	48.529	0	-4.5855
A	E	852	48.529	13	-1.2897
A	E	876	48.529	0	-4.5855
A	E	879	48.529	0	-4.5855
A	E	890	48.529	1	-3.4869
A	E	893	48.529	0	-4.5855
A	E	942	48.529	4	-2.3883
A	E	944	48.529	0	-4.5855
A	E	956	48.529	0	-4.5855
A	E	972	48.529	1	-3.4869
A	E	982	2.4099	0	-1.7613
A	E	1016	48.529	1	-3.4869
A	E	1056	48.529	1	-3.4869
A	E	1070	48.529	22	-0.77889
A	E	1087	48.529	0	-4.5855
A	G	27	16.822	8	-0.7119
A	G	67	15.336	7	-0.74738
A	G	83	0.52938	0	-0.7221
A	G	93	16.822	0	-3.5451
A	G	123	16.822	0	-3.5451
A	G	163	16.822	3	-1.5992
A	G	222	16.283	2	-1.9041
A	G	243	16.822	8	-0.7119
A	G	260	16.822	4	-1.3479
A	G	262	16.822	9	-0.60068
A	G	263	16.822	3	-1.5992
A	G	264	16.595	0	-3.5319
A	G	288	16.822	8	-0.7119
A	G	292	16.822	17	0.010234
A	G	344	16.822	5	-1.1472
A	G	348	16.822	2	-1.9357
A	G	352	16.822	6	-0.98016
A	G	372	16.822	4	-1.3479
A	G	376	5.519	2	-0.87863
A	G	397	16.822	0	-3.5451
A	G	411	16.822	5	-1.1472
A	G	419	16.822	0	-3.5451
A	G	435	16.822	0	-3.5451
A	G	475	16.822	2	-1.9357
A	G	484	6.778	3	-0.73209
A	G	520	16.822	6	-0.98016
A	G	522	16.822	4	-1.3479
A	G	570	14.906	10	-0.38338
A	G	575	16.822	17	0.010234
A	G	609	16.822	0	-3.5451
A	G	623	16.822	3	-1.5992
A	G	626	16.822	1	-2.4465
A	G	647	16.822	5	-1.1472
A	G	653	16.822	0	-3.5451
A	G	668	16.822	5	-1.1472
A	G	672	16.822	0	-3.5451
A	G	684	16.822	1	-2.4465
A	G	688	16.822	17	0.010234
A	G	694	16.822	0	-3.5451
A	G	701	16.822	5	-1.1472
A	G	706	16.822	11	-0.40962
A	G	713	16.822	3	-1.5992
A	G	766	16.822	0	-3.5451
A	G	771	16.822	7	-0.83706
A	G	783	16.822	7	-0.83706
A	G	829	16.822	0	-3.5451
A	G	831	16.822	4	-1.3479
A	G	845	16.822	20	0.16846
A	G	846	16.822	52	1.1088
A	G	852	16.822	2	-1.9357
A	G	871	16.822	6	-0.98016
A	G	876	16.822	0	-3.5451
A	G	879	16.822	12	-0.32624
A	G	890	16.822	2	-1.9357
A	G	892	16.822	3	-1.5992
A	G	893	16.822	0	-3.5451
A	G	899	16.822	1	-2.4465
A	G	903	16.822	0	-3.5451
A	G	924	16.822	1	-2.4465
A	G	930	16.822	5	-1.1472
A	G	942	16.822	1	-2.4465
A	G	944	16.822	1	-2.4465
A	G	956	16.822	1	-2.4465
A	G	958	16.822	0	-3.5451
A	G	972	16.822	0	-3.5451
A	G	982	1.6891	0	-1.4766
A	G	989	16.822	0	-3.5451
A	G	1015	16.822	2	-1.9357
A	G	1016	16.822	0	-3.5451
A	G	1022	16.822	0	-3.5451
A	G	1025	16.822	4	-1.3479
A	G	1026	16.822	1	-2.4465
A	G	1056	16.822	0	-3.5451
A	G	1070	16.822	4	-1.3479
A	G	1078	16.822	1	-2.4465
A	G	1080	16.822	1	-2.4465
A	G	1087	16.822	6	-0.98016
A	G	1174	16.822	1	-2.4465
A	G	1190	16.822	1	-2.4465
A	G	1222	16.822	1	-2.4465
A	G	1226	16.822	3	-1.5992
A	P	27	22.683	13	-0.54073
A	P	67	20.192	5	-1.325
A	P	83	1.7668	4	0.68573
A	P	93	22.683	1	-2.738
A	P	123	22.683	5	-1.4387
A	P	163	22.683	1	-2.738
A	P	222	21.87	42	0.64179
A	P	243	22.683	14	-0.46927
A	P	260	22.683	6	-1.2716
A	P	262	22.683	12	-0.61769
A	P	263	22.683	9	-0.89213
A	P	264	22.119	0	-3.8119
A	P	288	22.683	1	-2.738
A	P	292	22.683	0	-3.8366
A	P	344	22.683	7	-1.1285
A	P	348	22.683	32	0.33782
A	P	352	22.683	0	-3.8366
A	P	372	22.683	11	-0.70107
A	P	376	5.5876	14	0.86789
A	P	397	22.683	1	-2.738
A	P	411	22.683	1	-2.738
A	P	419	22.683	0	-3.8366
A	P	435	22.683	0	-3.8366
A	P	475	22.683	3	-1.8907
A	P	484	7.5144	40	1.6201
A	P	520	22.683	9	-0.89213
A	P	522	22.683	233	2.3098
A	P	570	20.986	1	-2.6619
A	P	575	22.683	0	-3.8366
A	P	609	22.683	0	-3.8366
A	P	623	22.683	0	-3.8366
A	P	626	22.683	2	-2.2271
A	P	647	22.683	9	-0.89213
A	P	653	22.683	0	-3.8366
A	P	668	22.683	0	-3.8366
A	P	672	22.683	0	-3.8366
A	P	684	22.683	15	-0.40258
A	P	688	22.683	10	-0.79204
A	P	694	22.683	1	-2.738
A	P	701	22.683	5	-1.4387
A	P	706	22.683	38	0.50724
A	P	713	22.683	0	-3.8366
A	P	766	22.683	1	-2.738
A	P	771	22.683	0	-3.8366
A	P	783	22.683	1	-2.738
A	P	829	22.683	0	-3.8366
A	P	831	22.683	4	-1.6393
A	P	845	22.683	4	-1.6393
A	P	846	22.683	5	-1.4387
A	P	852	22.683	0	-3.8366
A	P	871	22.683	2	-2.2271
A	P	876	22.683	1	-2.738
A	P	879	22.683	4	-1.6393
A	P	890	22.683	1	-2.738
A	P	892	22.683	1	-2.738
A	P	893	22.683	7	-1.1285
A	P	899	22.683	1	-2.738
A	P	903	22.683	0	-3.8366
A	P	924	22.683	1	-2.738
A	P	930	22.683	2	-2.2271
A	P	942	22.683	0	-3.8366
A	P	944	22.683	0	-3.8366
A	P	956	22.683	1	-2.738
A	P	958	22.683	0	-3.8366
A	P	972	22.683	1	-2.738
A	P	982	1.1329	3	0.76241
A	P	989	22.683	0	-3.8366
A	P	1015	22.683	0	-3.8366
A	P	1016	22.683	1	-2.738
A	P	1022	22.683	0	-3.8366
A	P	1025	22.683	1	-2.738
A	P	1026	22.683	1	-2.738
A	P	1056	22.683	1	-2.738
A	P	1070	22.683	2	-2.2271
A	P	1078	22.683	2	-2.2271
A	P	1080	22.683	0	-3.8366
A	P	1087	22.683	7	-1.1285
A	P	1174	22.683	2	-2.2271
A	P	1190	22.683	1	-2.738
A	P	1222	22.683	2	-2.2271
A	P	1226	22.683	0	-3.8366
A	S	27	392.03	602	0.42847
A	S	67	360.01	501	0.3301
A	S	83	19.491	32	0.48598
A	S	93	392.03	257	-0.4216
A	S	123	392.03	52	-2.0118
A	S	163	392.03	47	-2.1119
A	S	222	373.55	613	0.49478
A	S	243	392.03	540	0.31987
A	S	260	392.03	126	-1.1324
A	S	262	392.03	856	0.78023
A	S	263	392.03	140	-1.0274
A	S	264	385.54	94	-1.4073
A	S	288	392.03	140	-1.0274
A	S	292	392.03	68	-1.7458
A	S	344	392.03	380	-0.031136
A	S	348	392.03	479	0.20012
A	S	352	392.03	204	-0.65205
A	S	372	392.03	13	-3.3699
A	S	376	67.456	63	-0.067816
A	S	397	392.03	20	-2.9522
A	S	411	392.03	279	-0.33962
A	S	419	392.03	181	-0.77137
A	S	435	392.03	140	-1.0274
A	S	475	392.03	193	-0.70735
A	S	484	92.986	124	0.2865
A	S	520	392.03	615	0.44981
A	S	522	392.03	497	0.23697
A	S	570	355.18	222	-0.4691
A	S	575	392.03	291	-0.29758
A	S	609	392.03	10	-3.6212
A	S	623	392.03	448	0.13329
A	S	626	392.03	279	-0.33962
A	S	647	392.03	951	0.88542
A	S	653	392.03	38	-2.322
A	S	668	392.03	88	-1.4896
A	S	672	392.03	17	-3.1104
A	S	684	392.03	239	-0.49407
A	S	688	392.03	263	-0.39857
A	S	694	392.03	37	-2.3483
A	S	701	392.03	180	-0.77689
A	S	706	392.03	289	-0.30447
A	S	713	392.03	54	-1.9744
A	S	766	392.03	17	-3.1104
A	S	771	392.03	482	0.20636
A	S	783	392.03	226	-0.54988
A	S	829	392.03	77	-1.6223
A	S	831	392.03	117	-1.2062
A	S	845	392.03	1289	1.1894
A	S	846	392.03	372	-0.052386
A	S	852	392.03	210	-0.62314
A	S	871	392.03	491	0.22484
A	S	876	392.03	66	-1.7754
A	S	879	392.03	819	0.73607
A	S	890	392.03	43	-2.1999
A	S	892	392.03	348	-0.11898
A	S	893	392.03	147	-0.97879
A	S	899	392.03	300	-0.26717
A	S	903	392.03	70	-1.717
A	S	924	392.03	239	-0.49407
A	S	930	392.03	2	-5.0563
A	S	942	392.03	492	0.22687
A	S	944	392.03	40	-2.2713
A	S	956	392.03	24	-2.7739
A	S	958	392.03	152	-0.94546
A	S	972	392.03	5	-4.2679
A	S	989	392.03	7	-3.9577
A	S	1015	392.03	51	-2.031
A	S	1016	392.03	76	-1.6353
A	S	1022	392.03	92	-1.4454
A	S	1025	392.03	2	-5.0563
A	S	1026	392.03	140	-1.0274
A	S	1056	392.03	2	-5.0563
A	S	1070	392.03	314	-0.22164
A	S	1078	392.03	1305	1.2017
A	S	1080	392.03	60	-1.87
A	S	1087	392.03	633	0.47864
A	S	1174	392.03	99	-1.3725
A	S	1190	392.03	53	-1.9929
A	S	1222	392.03	31	-2.5226
A	S	1226	392.03	22	-2.8591
A	T	27	192.69	74	-0.9529
A	T	67	167.31	42	-1.3733
A	T	83	17.619	8	-0.75687
A	T	93	192.69	4	-3.7596
A	T	123	192.69	34	-1.7227
A	T	163	192.69	36	-1.6664
A	T	222	186.33	83	-0.80534
A	T	243	192.69	41	-1.538
A	T	260	192.69	109	-0.56777
A	T	262	192.69	109	-0.56777
A	T	263	192.69	120	-0.47205
A	T	264	187.85	45	-1.4206
A	T	288	192.69	13	-2.661
A	T	292	192.69	53	-1.284
A	T	344	192.69	153	-0.23
A	T	348	192.69	72	-0.98011
A	T	352	192.69	22	-2.1502
A	T	372	192.69	23	-2.1067
A	T	397	192.69	7	-3.2488
A	T	411	192.69	42	-1.5142
A	T	419	192.69	17	-2.4015
A	T	435	192.69	25	-2.025
A	T	475	192.69	56	-1.2295
A	T	484	70.739	84	0.17071
A	T	520	192.69	28	-1.9138
A	T	522	192.69	36	-1.6664
A	T	570	177.86	59	-1.0978
A	T	575	192.69	12	-2.738
A	T	609	192.69	0	-5.9568
A	T	623	192.69	61	-1.1447
A	T	626	192.69	54	-1.2655
A	T	647	192.69	62	-1.1285
A	T	653	192.69	6	-3.3919
A	T	668	192.69	7	-3.2488
A	T	672	192.69	40	-1.5624
A	T	684	192.69	166	-0.1487
A	T	688	192.69	163	-0.16689
A	T	694	192.69	27	-1.9495
A	T	701	192.69	103	-0.62413
A	T	706	192.69	15	-2.5229
A	T	713	192.69	17	-2.4015
A	T	766	192.69	3	-4.0109
A	T	771	192.69	5	-3.559
A	T	783	192.69	44	-1.4682
A	T	829	192.69	99	-0.66354
A	T	831	192.69	59	-1.1777
A	T	845	192.69	58	-1.1947
A	T	846	192.69	55	-1.2473
A	T	852	192.69	52	-1.3029
A	T	871	192.69	17	-2.4015
A	T	876	192.69	24	-2.065
A	T	879	192.69	194	0.0067328
A	T	890	192.69	64	-1.097
A	T	892	192.69	9	-3.0124
A	T	893	192.69	28	-1.9138
A	T	899	192.69	13	-2.661
A	T	903	192.69	0	-5.9568
A	T	924	192.69	18	-2.3459
A	T	930	192.69	1	-4.8582
A	T	942	192.69	121	-0.46379
A	T	944	192.69	4	-3.7596
A	T	956	192.69	0	-5.9568
A	T	958	192.69	1	-4.8582
A	T	972	192.69	1	-4.8582
A	T	982	9.9852	1	-1.9445
A	T	989	192.69	1	-4.8582
A	T	1015	192.69	3	-4.0109
A	T	1016	192.69	56	-1.2295
A	T	1022	192.69	1	-4.8582
A	T	1025	192.69	1	-4.8582
A	T	1026	192.69	17	-2.4015
A	T	1056	192.69	2	-4.3474
A	T	1070	192.69	132	-0.37712
A	T	1078	192.69	135	-0.35473
A	T	1080	192.69	4	-3.7596
A	T	1087	192.69	37	-1.6394
A	T	1174	192.69	24	-2.065
A	T	1190	192.69	7	-3.2488
A	T	1222	192.69	88	-0.7807
A	T	1226	192.69	23	-2.1067
A	V	27	696.89	559	-0.22031
A	V	67	607.65	2172	1.2732
A	V	93	696.89	19	-3.5769
A	V	123	696.89	109	-1.8514
A	V	163	696.89	260	-0.98475
A	V	222	672.23	1762	0.96314
A	V	243	696.89	236	-1.0814
A	V	260	696.89	194	-1.2769
A	V	262	696.89	223	-1.1379
A	V	263	696.89	205	-1.2219
A	V	264	678.39	189	-1.2761
A	V	288	696.89	241	-1.0605
A	V	292	696.89	7	-4.5324
A	V	344	696.89	87	-2.0757
A	V	348	696.89	71	-2.2777
A	V	352	696.89	260	-0.98475
A	V	372	696.89	163	-1.4505
A	V	376	176.97	20	-2.1584
A	V	397	696.89	70	-2.2917
A	V	411	696.89	88	-2.0643
A	V	419	696.89	22	-3.4338
A	V	435	696.89	10	-4.196
A	V	475	696.89	395	-0.5672
A	V	484	247.72	439	0.57133
A	V	520	696.89	80	-2.1591
A	V	522	696.89	852	0.20082
A	V	570	631.97	336	-0.63104
A	V	575	696.89	30	-3.1296
A	V	609	696.89	9	-4.2961
A	V	623	696.89	670	-0.039328
A	V	626	696.89	246	-1.04
A	V	647	696.89	143	-1.581
A	V	653	696.89	870	0.22172
A	V	668	696.89	59	-2.4614
A	V	672	696.89	338	-0.72283
A	V	684	696.89	1040	0.40011
A	V	688	696.89	2462	1.2616
A	V	694	696.89	352	-0.6823
A	V	701	696.89	1388	0.68863
A	V	706	696.89	803	0.14163
A	V	713	696.89	8	-4.4073
A	V	766	696.89	19	-3.5769
A	V	771	696.89	74	-2.2366
A	V	783	696.89	242	-1.0563
A	V	829	696.89	97	-1.9675
A	V	831	696.89	785	0.11897
A	V	845	696.89	757	0.082672
A	V	846	696.89	914	0.27103
A	V	852	696.89	322	-0.77125
A	V	871	696.89	476	-0.38088
A	V	876	696.89	11	-4.105
A	V	879	696.89	835	0.18068
A	V	890	696.89	108	-1.8606
A	V	892	696.89	1083	0.4406
A	V	893	696.89	342	-0.71108
A	V	899	696.89	43	-2.7746
A	V	903	696.89	1	-6.1419
A	V	924	696.89	130	-1.676
A	V	930	696.89	57	-2.4956
A	V	942	696.89	129	-1.6837
A	V	944	696.89	15	-3.8065
A	V	956	696.89	3	-5.2946
A	V	958	696.89	7	-4.5324
A	V	972	696.89	2	-5.6311
A	V	982	46.415	0	-4.5415
A	V	989	696.89	0	-7.2405
A	V	1015	696.89	5	-4.8426
A	V	1016	696.89	84	-2.1106
A	V	1022	696.89	6	-4.6755
A	V	1025	696.89	0	-7.2405
A	V	1026	696.89	11	-4.105
A	V	1056	696.89	17	-3.6852
A	V	1070	696.89	638	-0.08823
A	V	1078	696.89	420	-0.50591
A	V	1080	696.89	11	-4.105
A	V	1087	696.89	87	-2.0757
A	V	1174	696.89	224	-1.1335
A	V	1190	696.89	31	-3.0974
A	V	1222	696.89	43	-2.7746
A	V	1226	696.89	75	-2.2232
C	*	15	17.508	0	-3.584
C	*	131	17.508	1	-2.4854
C	*	152	0.11345	0	-0.20449
C	*	166	48.529	0	-4.5855
C	*	291	17.508	0	-3.584
C	*	301	17.508	0	-3.584
C	*	336	48.529	0	-4.5855
C	*	361	17.508	3	-1.6381
C	*	379	17.508	0	-3.584
C	*	391	48.529	0	-4.5855
C	*	432	48.529	0	-4.5855
C	*	480	17.508	1	-2.4854
C	*	488	17.508	0	-3.584
C	*	525	17.508	0	-3.584
C	*	538	17.508	0	-3.584
C	*	590	17.508	0	-3.584
C	*	617	48.529	0	-4.5855
C	*	649	17.508	0	-3.584
C	*	662	17.508	0	-3.584
C	*	671	48.529	0	-4.5855
C	*	738	17.508	0	-3.584
C	*	743	17.508	1	-2.4854
C	*	749	48.529	0	-4.5855
C	*	760	17.508	0	-3.584
C	*	840	48.529	0	-4.5855
C	*	851	17.508	0	-3.584
C	*	1032	17.508	0	-3.584
C	*	1043	17.508	0	-3.584
C	*	1082	17.508	0	-3.584
C	*	1126	17.508	0	-3.584
C	*	1235	48.529	0	-4.5855
C	*	1236	17.508	0	-3.584
C	*	1240	48.529	1	-3.4869
C	*	1241	17.508	0	-3.584
C	*	1243	17.508	0	-3.584
C	*	1247	17.508	0	-3.584
C	*	1248	17.508	0	-3.584
C	*	1250	17.508	0	-3.584
C	*	1253	48.529	0	-4.5855
C	*	1254	48.529	8	-1.7523
C	C	15	82.096	56	-0.37972
C	C	131	82.096	61	-0.29492
C	C	152	0.48739	1	0.41816
C	C	166	696.89	75	-2.2232
C	C	291	82.096	74	-0.10316
C	C	301	82.096	74	-0.10316
C	C	336	696.89	463	-0.40855
C	C	361	82.096	101	0.2061
C	C	379	82.096	56	-0.37972
C	C	391	696.89	199	-1.2515
C	C	432	696.89	1978	1.0427
C	C	480	82.096	49	-0.51199
C	C	488	82.096	85	0.034557
C	C	525	82.096	122	0.39415
C	C	538	82.096	47	-0.55323
C	C	590	82.096	124	0.41035
C	C	617	696.89	243	-1.0522
C	C	649	82.096	88	0.069043
C	C	662	82.096	78	-0.050861
C	C	671	696.89	570	-0.20084
C	C	738	82.096	93	0.124
C	C	743	82.096	50	-0.49199
C	C	749	696.89	136	-1.631
C	C	760	82.096	221	0.98646
C	C	840	696.89	213	-1.1837
C	C	851	82.096	65	-0.23191
C	C	1032	82.096	76	-0.076669
C	C	1043	82.096	114	0.32662
C	C	1082	82.096	88	0.069043
C	C	1126	82.096	78	-0.050861
C	C	1235	696.89	247	-1.0359
C	C	1236	82.096	54	-0.41576
C	C	1240	696.89	311	-0.80595
C	C	1241	82.096	56	-0.37972
C	C	1243	82.096	58	-0.34493
C	C	1247	82.096	98	0.1761
C	C	1248	82.096	57	-0.36217
C	C	1250	82.096	60	-0.31132
C	C	1253	696.89	224	-1.1335
C	C	1254	696.89	281	-0.90722
C	F	15	392.03	297	-0.27721
C	F	131	392.03	7	-3.9577
C	F	152	3.2215	1	-0.90866
C	F	166	392.03	64	-1.806
C	F	291	392.03	0	-6.6658
C	F	301	392.03	1	-5.5672
C	F	336	392.03	2	-5.0563
C	F	361	392.03	4	-4.4685
C	F	379	392.03	3	-4.7199
C	F	391	392.03	0	-6.6658
C	F	432	392.03	3	-4.7199
C	F	480	392.03	0	-6.6658
C	F	488	392.03	3	-4.7199
C	F	525	392.03	5	-4.2679
C	F	538	392.03	0	-6.6658
C	F	590	392.03	3	-4.7199
C	F	617	392.03	2	-5.0563
C	F	649	392.03	0	-6.6658
C	F	662	392.03	1	-5.5672
C	F	671	392.03	0	-6.6658
C	F	738	392.03	13	-3.3699
C	F	743	392.03	5	-4.2679
C	F	749	392.03	1	-5.5672
C	F	760	392.03	2	-5.0563
C	F	840	392.03	1	-5.5672
C	F	851	392.03	1	-5.5672
C	F	1032	392.03	1	-5.5672
C	F	1043	392.03	2	-5.0563
C	F	1082	392.03	0	-6.6658
C	F	1126	392.03	0	-6.6658
C	F	1235	392.03	739	0.63335
C	F	1236	392.03	522	0.286
C	F	1240	392.03	73	-1.6753
C	F	1241	392.03	73	-1.6753
C	F	1243	392.03	1247	1.1563
C	F	1247	392.03	845	0.76731
C	F	1248	392.03	276	-0.35041
C	F	1250	392.03	450	0.13774
C	F	1253	392.03	69	-1.7313
C	F	1254	392.03	178	-0.78803
C	G	15	11.238	4	-0.95878
C	G	131	11.238	0	-3.156
C	G	152	0.10037	0	-0.18294
C	G	166	11.238	0	-3.156
C	G	291	11.238	2	-1.5466
C	G	301	11.238	0	-3.156
C	G	336	11.238	1	-2.0574
C	G	361	11.238	0	-3.156
C	G	379	11.238	0	-3.156
C	G	391	11.238	0	-3.156
C	G	432	11.238	0	-3.156
C	G	480	11.238	0	-3.156
C	G	488	11.238	0	-3.156
C	G	525	11.238	0	-3.156
C	G	538	11.238	0	-3.156
C	G	590	11.238	0	-3.156
C	G	617	11.238	0	-3.156
C	G	649	11.238	61	1.6562
C	G	662	11.238	0	-3.156
C	G	671	11.238	0	-3.156
C	G	738	11.238	1	-2.0574
C	G	743	11.238	7	-0.44795
C	G	749	11.238	0	-3.156
C	G	760	11.238	0	-3.156
C	G	840	11.238	0	-3.156
C	G	851	11.238	0	-3.156
C	G	1032	11.238	0	-3.156
C	G	1043	11.238	0	-3.156
C	G	1082	11.238	1	-2.0574
C	G	1126	11.238	1	-2.0574
C	G	1235	11.238	2	-1.5466
C	G	1236	11.238	12	0.062873
C	G	1240	11.238	29	0.92153
C	G	1241	11.238	8	-0.32279
C	G	1243	11.238	3	-1.2101
C	G	1247	11.238	5	-0.75811
C	G	1248	11.238	4	-0.95878
C	G	1250	11.238	3	-1.2101
C	G	1253	11.238	8	-0.32279
C	G	1254	11.238	1	-2.0574
C	R	15	82.096	29	-1.0296
C	R	131	82.096	2	-3.4977
C	R	152	0.48739	0	-0.68046
C	R	166	82.096	0	-5.1071
C	R	291	82.096	1	-4.0085
C	R	301	82.096	0	-5.1071
C	R	336	82.096	1	-4.0085
C	R	361	82.096	2	-3.4977
C	R	379	82.096	0	-5.1071
C	R	391	82.096	0	-5.1071
C	R	432	82.096	1	-4.0085
C	R	480	82.096	0	-5.1071
C	R	488	82.096	2	-3.4977
C	R	525	82.096	1	-4.0085
C	R	538	82.096	3	-3.1612
C	R	590	82.096	1	-4.0085
C	R	617	82.096	2	-3.4977
C	R	649	82.096	0	-5.1071
C	R	662	82.096	0	-5.1071
C	R	671	82.096	0	-5.1071
C	R	738	82.096	0	-5.1071
C	R	743	82.096	2	-3.4977
C	R	749	82.096	1	-4.0085
C	R	760	82.096	1	-4.0085
C	R	840	82.096	1	-4.0085
C	R	851	82.096	1	-4.0085
C	R	1032	82.096	1	-4.0085
C	R	1043	82.096	2	-3.4977
C	R	1082	82.096	1	-4.0085
C	R	1126	82.096	0	-5.1071
C	R	1235	82.096	0	-5.1071
C	R	1236	82.096	1	-4.0085
C	R	1240	82.096	3	-3.1612
C	R	1241	82.096	5	-2.7092
C	R	1243	82.096	27	-1.0998
C	R	1247	82.096	41	-0.68827
C	R	1248	82.096	43	-0.6412
C	R	1250	82.096	19	-1.4435
C	R	1253	82.096	0	-5.1071
C	R	1254	82.096	4	-2.9099
C	S	15	40.191	15	-0.96518
C	S	131	40.191	11	-1.2637
C	S	152	0.22046	0	-0.36528
C	S	166	40.191	20	-0.68559
C	S	291	40.191	2	-2.7897
C	S	301	40.191	1	-3.3006
C	S	336	40.191	5	-2.0013
C	S	361	40.191	2	-2.7897
C	S	379	40.191	1	-3.3006
C	S	391	40.191	5	-2.0013
C	S	432	40.191	0	-4.3992
C	S	480	40.191	4	-2.2019
C	S	488	40.191	1	-3.3006
C	S	525	40.191	0	-4.3992
C	S	538	40.191	1	-3.3006
C	S	590	40.191	0	-4.3992
C	S	617	40.191	1	-3.3006
C	S	649	40.191	0	-4.3992
C	S	662	40.191	1	-3.3006
C	S	671	40.191	0	-4.3992
C	S	738	40.191	2	-2.7897
C	S	743	40.191	3	-2.4533
C	S	749	40.191	0	-4.3992
C	S	760	40.191	1	-3.3006
C	S	840	40.191	1	-3.3006
C	S	851	40.191	0	-4.3992
C	S	1032	40.191	3	-2.4533
C	S	1043	40.191	0	-4.3992
C	S	1082	40.191	1	-3.3006
C	S	1126	40.191	0	-4.3992
C	S	1235	40.191	33	-0.19447
C	S	1236	40.191	69	0.53531
C	S	1240	40.191	37	-0.081676
C	S	1241	40.191	7	-1.6911
C	S	1243	40.191	43	0.066744
C	S	1247	40.191	111	1.008
C	S	1248	40.191	44	0.089472
C	S	1250	40.191	14	-1.0319
C	S	1253	40.191	15	-0.96518
C	S	1254	40.191	5	-2.0013
C	W	15	11.238	0	-3.156
C	W	131	11.238	1	-2.0574
C	W	166	16.822	0	-3.5451
C	W	291	11.238	0	-3.156
C	W	301	11.238	0	-3.156
C	W	336	16.822	0	-3.5451
C	W	361	11.238	0	-3.156
C	W	379	11.238	0	-3.156
C	W	391	16.822	1	-2.4465
C	W	432	16.822	0	-3.5451
C	W	480	11.238	0	-3.156
C	W	488	11.238	0	-3.156
C	W	525	11.238	1	-2.0574
C	W	538	11.238	0	-3.156
C	W	590	11.238	0	-3.156
C	W	617	16.822	0	-3.5451
C	W	649	11.238	0	-3.156
C	W	662	11.238	0	-3.156
C	W	671	16.822	0	-3.5451
C	W	738	11.238	0	-3.156
C	W	743	11.238	0	-3.156
C	W	749	16.822	0	-3.5451
C	W	760	11.238	0	-3.156
C	W	840	16.822	0	-3.5451
C	W	851	11.238	1	-2.0574
C	W	1032	11.238	0	-3.156
C	W	1043	11.238	0	-3.156
C	W	1082	11.238	0	-3.156
C	W	1126	11.238	0	-3.156
C	W	1235	16.822	0	-3.5451
C	W	1236	11.238	0	-3.156
C	W	1240	16.822	4	-1.3479
C	W	1241	11.238	0	-3.156
C	W	1243	11.238	6	-0.59105
C	W	1247	11.238	15	0.27798
C	W	1248	11.238	4	-0.95878
C	W	1250	11.238	5	-0.75811
C	W	1253	16.822	2	-1.9357
C	W	1254	16.822	1	-2.4465
C	Y	15	192.69	38	-1.613
C	Y	131	192.69	2	-4.3474
C	Y	152	1.1587	1	-0.10057
C	Y	166	192.69	2	-4.3474
C	Y	291	192.69	3	-4.0109
C	Y	301	192.69	2	-4.3474
C	Y	336	192.69	2	-4.3474
C	Y	361	192.69	2	-4.3474
C	Y	379	192.69	0	-5.9568
C	Y	391	192.69	2	-4.3474
C	Y	432	192.69	2	-4.3474
C	Y	480	192.69	1	-4.8582
C	Y	488	192.69	2	-4.3474
C	Y	525	192.69	0	-5.9568
C	Y	538	192.69	0	-5.9568
C	Y	590	192.69	0	-5.9568
C	Y	617	192.69	0	-5.9568
C	Y	649	192.69	0	-5.9568
C	Y	662	192.69	0	-5.9568
C	Y	671	192.69	1	-4.8582
C	Y	738	192.69	0	-5.9568
C	Y	743	192.69	0	-5.9568
C	Y	749	192.69	1	-4.8582
C	Y	760	192.69	1	-4.8582
C	Y	840	192.69	0	-5.9568
C	Y	851	192.69	1	-4.8582
C	Y	1032	192.69	1	-4.8582
C	Y	1043	192.69	0	-5.9568
C	Y	1082	192.69	0	-5.9568
C	Y	1126	192.69	0	-5.9568
C	Y	1235	192.69	2	-4.3474
C	Y	1236	192.69	49	-1.3617
C	Y	1240	192.69	53	-1.284
C	Y	1241	192.69	40	-1.5624
C	Y	1243	192.69	51	-1.3221
C	Y	1247	192.69	156	-0.21064
C	Y	1248	192.69	152	-0.23653
C	Y	1250	192.69	110	-0.55868
C	Y	1253	192.69	58	-1.1947
C	Y	1254	192.69	25	-2.025
D	A	40	11.35	0	-3.1655
D	A	53	11.35	7	-0.45741
D	A	80	11.35	90	2.033
D	A	88	11.35	15	0.26852
D	A	111	11.35	4	-0.96824
D	A	138	11.304	23	0.68852
D	A	178	11.35	2	-1.556
D	A	198	11.35	22	0.6412
D	A	215	9.8232	33	1.1772
D	A	228	11.35	20	0.54811
D	A	253	11.35	65	1.7097
D	A	287	11.35	22	0.6412
D	A	290	11.35	0	-3.1655
D	A	294	11.35	2	-1.556
D	A	339	3.1488	14	1.3797
D	A	364	11.35	1	-2.0669
D	A	389	11.35	7	-0.45741
D	A	398	11.35	0	-3.1655
D	A	405	7.035	5	-0.31481
D	A	420	11.35	22	0.6412
D	A	427	11.35	18	0.44545
D	A	428	11.35	9	-0.22102
D	A	442	11.35	0	-3.1655
D	A	450	0.20445	0	-0.34281
D	A	467	11.35	0	-3.1655
D	A	568	11.35	1	-2.0669
D	A	571	11.35	2	-1.556
D	A	574	11.35	3	-1.2196
D	A	578	11.35	0	-3.1655
D	A	586	11.35	6	-0.60051
D	A	627	11.35	27	0.84187
D	A	663	11.35	0	-3.1655
D	A	737	11.35	0	-3.1655
D	A	745	11.35	23	0.68468
D	A	775	11.35	0	-3.1655
D	A	796	5.5083	3	-0.54038
D	A	808	11.35	12	0.053412
D	A	820	11.35	3	-1.2196
D	A	830	11.35	6	-0.60051
D	A	839	11.35	29	0.91207
D	A	843	11.35	28	0.87759
D	A	848	11.35	0	-3.1655
D	A	867	11.35	24	0.72636
D	A	936	11.35	18	0.44545
D	A	979	11.35	0	-3.1655
D	A	985	11.35	0	-3.1655
D	A	994	11.35	1	-2.0669
D	A	1041	11.35	3	-1.2196
D	A	1084	11.35	42	1.2772
D	A	1118	10.761	16	0.38201
D	A	1127	11.35	28	0.87759
D	A	1139	11.35	8	-0.33225
D	A	1146	9.7968	24	0.86684
D	A	1153	11.35	52	1.4885
D	A	1163	11.35	46	1.3671
D	A	1165	11.35	27	0.84187
D	A	1168	11.35	24	0.72636
D	A	1184	11.35	3	-1.2196
D	A	1199	11.35	10	-0.12094
D	A	1257	11.35	0	-3.1655
D	A	1259	11.35	7	-0.45741
D	A	1260	11.35	21	0.59574
D	D	40	696.89	640	-0.085102
D	D	53	696.89	1797	0.9468
D	D	80	82.096	581	1.9517
D	D	88	82.096	117	0.35248
D	D	111	82.096	182	0.79279
D	D	138	81.768	243	1.0851
D	D	178	696.89	153	-1.5137
D	D	198	82.096	188	0.82514
D	D	215	70.937	279	1.3642
D	D	228	82.096	169	0.71889
D	D	253	82.096	129	0.44972
D	D	264	2.1791	2	-0.06919
D	D	287	82.096	109	0.28197
D	D	290	696.89	1214	0.55474
D	D	294	696.89	918	0.27539
D	D	339	22.591	55	0.87696
D	D	364	82.096	63	-0.26292
D	D	389	82.096	306	1.3113
D	D	398	82.096	86	0.046185
D	D	405	46.359	119	0.93618
D	D	420	82.096	54	-0.41576
D	D	427	82.096	97	0.16589
D	D	428	82.096	206	0.91634
D	D	442	82.096	156	0.6391
D	D	450	2.1791	4	0.5186
D	D	467	82.096	271	1.19
D	D	568	696.89	154	-1.5072
D	D	570	4.2463	9	0.69393
D	D	571	696.89	221	-1.1469
D	D	574	82.096	231	1.0306
D	D	578	82.096	456	1.7096
D	D	586	696.89	270	-0.94708
D	D	627	82.096	343	1.4252
D	D	663	696.89	234	-1.0899
D	D	737	82.096	87	0.057679
D	D	745	82.096	131	0.46505
D	D	775	696.89	253	-1.012
D	D	796	35.2	63	0.5759
D	D	808	82.096	499	1.7996
D	D	820	82.096	380	1.5275
D	D	830	82.096	118	0.36095
D	D	839	82.096	209	0.93076
D	D	843	82.096	308	1.3178
D	D	848	696.89	546	-0.24382
D	D	867	82.096	212	0.94498
D	D	936	696.89	1778	0.93617
D	D	979	82.096	537	1.873
D	D	985	696.89	217	-1.1652
D	D	994	82.096	127	0.43416
D	D	1041	82.096	125	0.41835
D	D	1084	82.096	211	0.94027
D	D	1118	650.48	274	-0.86353
D	D	1127	82.096	76	-0.076669
D	D	1139	82.096	401	1.5812
D	D	1146	319.65	537	0.51814
D	D	1153	82.096	160	0.66433
D	D	1163	82.096	88	0.069043
D	D	1165	82.096	64	-0.24729
D	D	1168	696.89	388	-0.58506
D	D	1184	696.89	133	-1.6532
D	D	1199	82.096	368	1.4955
D	D	1257	82.096	249	1.1055
D	D	1259	696.89	852	0.20082
D	D	1260	696.89	80	-2.1591
D	E	40	65.35	5	-2.4826
D	E	53	65.35	41	-0.46169
D	E	80	28.747	35	0.19377
D	E	88	28.747	52	0.58505
D	E	111	28.747	11	-0.93342
D	E	138	28.577	11	-0.92759
D	E	178	65.35	25	-0.94871
D	E	198	28.747	3	-2.123
D	E	215	24.197	48	0.67488
D	E	228	28.747	36	0.22155
D	E	253	28.747	24	-0.17709
D	E	264	0.74168	0	-0.90961
D	E	287	28.747	25	-0.13709
D	E	290	65.35	5	-2.4826
D	E	294	65.35	4	-2.6833
D	E	339	8.6463	5	-0.5086
D	E	364	28.747	1	-2.9703
D	E	389	28.747	26	-0.098622
D	E	398	28.747	0	-4.0689
D	E	405	16.735	8	-0.70689
D	E	420	28.747	3	-2.123
D	E	427	28.747	8	-1.2357
D	E	428	28.747	20	-0.35534
D	E	442	28.747	3	-2.123
D	E	450	0.74168	0	-0.90961
D	E	467	28.747	1	-2.9703
D	E	568	65.35	0	-4.8805
D	E	570	1.992	0	-1.6062
D	E	571	65.35	18	-1.2696
D	E	574	28.747	6	-1.504
D	E	578	28.747	0	-4.0689
D	E	586	65.35	10	-1.836
D	E	627	28.747	40	0.32554
D	E	663	65.35	1	-3.7819
D	E	737	28.747	13	-0.77308
D	E	745	28.747	13	-0.77308
D	E	775	65.35	3	-2.9346
D	E	796	12.186	9	-0.28917
D	E	808	28.747	15	-0.63493
D	E	820	28.747	34	0.16519
D	E	830	28.747	11	-0.93342
D	E	839	28.747	31	0.074221
D	E	843	28.747	3	-2.123
D	E	848	65.35	13	-1.5847
D	E	867	28.747	30	0.04196
D	E	936	65.35	73	0.1099
D	E	979	28.747	11	-0.93342
D	E	985	65.35	10	-1.836
D	E	994	28.747	0	-4.0689
D	E	1041	28.747	20	-0.35534
D	E	1084	28.747	96	1.1938
D	E	1118	61.251	27	-0.80893
D	E	1127	28.747	23	-0.21877
D	E	1139	28.747	8	-1.2357
D	E	1146	41.253	65	0.45027
D	E	1153	28.747	3	-2.123
D	E	1163	28.747	10	-1.0244
D	E	1165	28.747	17	-0.51357
D	E	1168	65.35	41	-0.46169
D	E	1184	65.35	38	-0.53673
D	E	1199	28.747	24	-0.17709
D	E	1257	28.747	62	0.7594
D	E	1259	65.35	29	-0.80299
D	E	1260	65.35	50	-0.26541
D	G	40	89.169	5	-2.7914
D	G	53	89.169	15	-1.7553
D	G	80	89.169	200	0.80469
D	G	88	89.169	106	0.17203
D	G	111	89.169	11	-2.0538
D	G	138	88.767	122	0.31648
D	G	178	89.169	51	-0.55454
D	G	198	89.169	160	0.58217
D	G	215	77.965	505	1.8629
D	G	228	89.169	42	-0.74662
D	G	253	89.169	870	2.2729
D	G	264	2.0239	3	0.32696
D	G	287	89.169	55	-0.47974
D	G	290	89.169	1	-4.0907
D	G	294	89.169	25	-1.2574
D	G	364	89.169	2	-3.5798
D	G	389	89.169	64	-0.32945
D	G	398	89.169	1	-4.0907
D	G	405	52.489	47	-0.10936
D	G	420	89.169	14	-1.822
D	G	427	89.169	63	-0.34508
D	G	428	89.169	93	0.041842
D	G	442	89.169	0	-5.1893
D	G	450	2.0239	0	-1.619
D	G	467	89.169	0	-5.1893
D	G	568	89.169	47	-0.63539
D	G	570	4.9491	6	0.17635
D	G	571	89.169	37	-0.87178
D	G	574	89.169	9	-2.2448
D	G	578	89.169	1	-4.0907
D	G	586	89.169	10	-2.1447
D	G	627	89.169	54	-0.49792
D	G	663	89.169	2	-3.5798
D	G	737	89.169	6	-2.6243
D	G	745	89.169	217	0.88608
D	G	775	89.169	2	-3.5798
D	G	796	41.285	34	-0.19159
D	G	808	89.169	28	-1.1462
D	G	820	89.169	21	-1.4281
D	G	830	89.169	32	-1.0149
D	G	839	89.169	28	-1.1462
D	G	843	89.169	136	0.4202
D	G	848	89.169	0	-5.1893
D	G	867	89.169	67	-0.28399
D	G	936	89.169	70	-0.24051
D	G	979	89.169	0	-5.1893
D	G	985	89.169	8	-2.3561
D	G	994	89.169	0	-5.1893
D	G	1041	89.169	38	-0.84546
D	G	1084	89.169	167	0.62486
D	G	1118	84.219	37	-0.815
D	G	1127	89.169	160	0.58217
D	G	1139	89.169	34	-0.95516
D	G	1146	75.735	24	-1.1351
D	G	1153	89.169	116	0.26177
D	G	1163	89.169	102	0.13374
D	G	1165	89.169	136	0.4202
D	G	1168	89.169	115	0.25315
D	G	1184	89.169	49	-0.59415
D	G	1199	89.169	92	0.031089
D	G	1257	89.169	1	-4.0907
D	G	1259	89.169	1	-4.0907
D	G	1260	89.169	38	-0.84546
D	H	40	22.683	1	-2.738
D	H	53	22.683	2	-2.2271
D	H	80	22.683	54	0.85478
D	H	88	22.683	110	1.5616
D	H	111	22.683	40	0.55788
D	H	138	22.548	307	2.5909
D	H	178	22.683	174	2.0185
D	H	198	22.683	36	0.45389
D	H	215	20.192	480	3.1451
D	H	228	22.683	271	2.4605
D	H	253	22.683	3	-1.8907
D	H	264	0.5641	0	-0.75528
D	H	287	22.683	80	1.2448
D	H	290	22.683	2	-2.2271
D	H	294	22.683	2	-2.2271
D	H	339	5.6167	22	1.3025
D	H	364	22.683	1	-2.738
D	H	389	22.683	4	-1.6393
D	H	398	22.683	0	-3.8366
D	H	405	13.494	11	-0.19625
D	H	420	22.683	2	-2.2271
D	H	427	22.683	84	1.2933
D	H	428	22.683	27	0.17077
D	H	442	22.683	1	-2.738
D	H	450	0.5641	0	-0.75528
D	H	467	22.683	0	-3.8366
D	H	568	22.683	1	-2.738
D	H	570	1.1329	0	-1.1835
D	H	571	22.683	3	-1.8907
D	H	574	22.683	86	1.3167
D	H	578	22.683	1	-2.738
D	H	586	22.683	4	-1.6393
D	H	627	22.683	71	1.1263
D	H	663	22.683	0	-3.8366
D	H	737	22.683	1	-2.738
D	H	745	22.683	3	-1.8907
D	H	775	22.683	0	-3.8366
D	H	796	11.003	150	2.5714
D	H	808	22.683	38	0.50724
D	H	820	22.683	30	0.27431
D	H	830	22.683	15	-0.40258
D	H	839	22.683	3	-1.8907
D	H	843	22.683	2	-2.2271
D	H	848	22.683	0	-3.8366
D	H	867	22.683	1	-2.738
D	H	936	22.683	657	3.345
D	H	979	22.683	21	-0.075366
D	H	985	22.683	0	-3.8366
D	H	994	22.683	0	-3.8366
D	H	1041	22.683	0	-3.8366
D	H	1084	22.683	82	1.2694
D	H	1118	21.55	211	2.2609
D	H	1127	22.683	3	-1.8907
D	H	1139	22.683	489	3.05
D	H	1146	19.081	330	2.826
D	H	1153	22.683	64	1.0232
D	H	1163	22.683	49	0.75855
D	H	1165	22.683	10	-0.79204
D	H	1168	22.683	77	1.2069
D	H	1184	22.683	13	-0.54073
D	H	1199	22.683	165	1.9656
D	H	1257	22.683	3	-1.8907
D	H	1259	22.683	23	0.013582
D	H	1260	22.683	62	0.99175
D	N	40	192.69	5	-3.559
D	N	53	192.69	117	-0.49726
D	N	80	192.69	156	-0.21064
D	N	88	192.69	58	-1.1947
D	N	111	192.69	251	0.26374
D	N	138	191.76	80	-0.87058
D	N	178	192.69	415	0.76578
D	N	198	192.69	16	-2.4603
D	N	215	167.31	72	-0.83923
D	N	228	192.69	37	-1.6394
D	N	253	192.69	100	-0.65354
D	N	264	4.8498	0	-2.3702
D	N	287	192.69	65	-1.0816
D	N	290	192.69	0	-5.9568
D	N	294	192.69	26	-1.9866
D	N	339	51.738	21	-0.88776
D	N	364	192.69	11	-2.8214
D	N	389	192.69	29	-1.8793
D	N	398	192.69	1	-4.8582
D	N	405	108.55	209	0.65288
D	N	420	192.69	171	-0.11912
D	N	427	192.69	53	-1.284
D	N	428	192.69	1	-4.8582
D	N	442	192.69	2	-4.3474
D	N	467	192.69	0	-5.9568
D	N	568	192.69	83	-0.83885
D	N	570	9.9852	0	-3.0431
D	N	571	192.69	1	-4.8582
D	N	574	192.69	125	-0.43139
D	N	578	192.69	0	-5.9568
D	N	586	192.69	32	-1.7825
D	N	627	192.69	112	-0.54075
D	N	663	192.69	1	-4.8582
D	N	737	192.69	0	-5.9568
D	N	745	192.69	1	-4.8582
D	N	775	192.69	0	-5.9568
D	N	796	83.167	27	-1.1127
D	N	808	192.69	131	-0.38469
D	N	820	192.69	46	-1.4242
D	N	830	192.69	33	-1.7522
D	N	839	192.69	88	-0.7807
D	N	843	192.69	57	-1.2119
D	N	848	192.69	2	-4.3474
D	N	867	192.69	59	-1.1777
D	N	936	192.69	257	0.28732
D	N	979	192.69	1	-4.8582
D	N	985	192.69	17	-2.4015
D	N	994	192.69	2	-4.3474
D	N	1041	192.69	7	-3.2488
D	N	1084	192.69	78	-0.9006
D	N	1118	182.71	1	-4.8052
D	N	1127	192.69	43	-1.4909
D	N	1139	192.69	131	-0.38469
D	N	1146	158.76	58	-1.0015
D	N	1153	192.69	44	-1.4682
D	N	1163	192.69	125	-0.43139
D	N	1165	192.69	50	-1.3417
D	N	1168	192.69	68	-1.0369
D	N	1184	192.69	93	-0.72574
D	N	1199	192.69	243	0.23142
D	N	1257	192.69	0	-5.9568
D	N	1259	192.69	32	-1.7825
D	N	1260	192.69	247	0.24771
D	V	40	25.461	2	-2.3403
D	V	53	25.461	0	-3.9498
D	V	80	25.461	4	-1.7525
D	V	88	25.461	9	-1.0053
D	V	111	25.461	2	-2.3403
D	V	138	25.346	23	-0.095147
D	V	178	25.461	0	-3.9498
D	V	198	25.461	3	-2.0038
D	V	215	22.157	45	0.69722
D	V	228	25.461	12	-0.73088
D	V	253	25.461	60	0.84604
D	V	264	0.77908	1	0.15932
D	V	287	25.461	5	-1.5519
D	V	290	25.461	1	-2.8511
D	V	294	25.461	1	-2.8511
D	V	339	6.5598	10	0.39695
D	V	364	25.461	0	-3.9498
D	V	389	25.461	2	-2.3403
D	V	398	25.461	0	-3.9498
D	V	405	15.284	7	-0.74407
D	V	420	25.461	4	-1.7525
D	V	427	25.461	36	0.34071
D	V	428	25.461	13	-0.65392
D	V	442	25.461	6	-1.3848
D	V	450	0.77908	0	-0.93929
D	V	467	25.461	2	-2.3403
D	V	568	25.461	0	-3.9498
D	V	570	1.4153	4	0.8542
D	V	571	25.461	1	-2.8511
D	V	574	25.461	66	0.9406
D	V	578	25.461	0	-3.9498
D	V	586	25.461	0	-3.9498
D	V	627	25.461	1	-2.8511
D	V	663	25.461	0	-3.9498
D	V	737	25.461	7	-1.2417
D	V	745	25.461	16	-0.45325
D	V	775	25.461	0	-3.9498
D	V	796	11.98	5	-0.81937
D	V	808	25.461	10	-0.90523
D	V	820	25.461	2	-2.3403
D	V	830	25.461	6	-1.3848
D	V	839	25.461	18	-0.33884
D	V	843	25.461	8	-1.1165
D	V	848	25.461	0	-3.9498
D	V	867	25.461	8	-1.1165
D	V	936	25.461	21	-0.18855
D	V	979	25.461	12	-0.73088
D	V	985	25.461	5	-1.5519
D	V	994	25.461	1	-2.8511
D	V	1041	25.461	0	-3.9498
D	V	1084	25.461	46	0.58285
D	V	1118	24.046	12	-0.67482
D	V	1127	25.461	13	-0.65392
D	V	1139	25.461	9	-1.0053
D	V	1146	21.739	22	0.01168
D	V	1153	25.461	30	0.16112
D	V	1163	25.461	29	0.12778
D	V	1165	25.461	9	-1.0053
D	V	1168	25.461	15	-0.51577
D	V	1184	25.461	5	-1.5519
D	V	1199	25.461	15	-0.51577
D	V	1257	25.461	3	-2.0038
D	V	1259	25.461	8	-1.1165
D	V	1260	25.461	2	-2.3403
D	Y	40	392.03	5	-4.2679
D	Y	53	392.03	4	-4.4685
D	Y	80	392.03	826	0.74458
D	Y	88	392.03	150	-0.95866
D	Y	111	392.03	2	-5.0563
D	Y	138	388.63	549	0.3451
D	Y	178	392.03	102	-1.3428
D	Y	198	392.03	124	-1.1483
D	Y	215	360.01	878	0.89071
D	Y	228	392.03	204	-0.65205
D	Y	253	392.03	134	-1.0711
D	Y	264	6.4982	6	-0.073851
D	Y	287	392.03	22	-2.8591
D	Y	290	392.03	4	-4.4685
D	Y	294	392.03	2	-5.0563
D	Y	339	72.411	31	-0.83926
D	Y	364	392.03	3	-4.7199
D	Y	389	392.03	7	-3.9577
D	Y	398	392.03	0	-6.6658
D	Y	405	278.1	111	-0.91577
D	Y	420	392.03	18	-3.0549
D	Y	427	392.03	217	-0.59042
D	Y	428	392.03	63	-1.8216
D	Y	442	392.03	6	-4.1008
D	Y	450	6.4982	1	-1.5402
D	Y	467	392.03	0	-6.6658
D	Y	568	392.03	4	-4.4685
D	Y	570	30.358	24	-0.23072
D	Y	571	392.03	20	-2.9522
D	Y	574	392.03	965	0.90002
D	Y	578	392.03	0	-6.6658
D	Y	586	392.03	2	-5.0563
D	Y	627	392.03	106	-1.3045
D	Y	663	392.03	0	-6.6658
D	Y	737	392.03	20	-2.9522
D	Y	745	392.03	10	-3.6212
D	Y	775	392.03	1	-5.5672
D	Y	796	246.08	396	0.475
D	Y	808	392.03	29	-2.5882
D	Y	820	392.03	16	-3.1693
D	Y	830	392.03	187	-0.73884
D	Y	839	392.03	122	-1.1645
D	Y	843	392.03	13	-3.3699
D	Y	848	392.03	1	-5.5672
D	Y	867	392.03	41	-2.2469
D	Y	936	392.03	1076	1.0088
D	Y	979	392.03	64	-1.806
D	Y	985	392.03	0	-6.6658
D	Y	994	392.03	2	-5.0563
D	Y	1041	392.03	3	-4.7199
D	Y	1084	392.03	348	-0.11898
D	Y	1118	361.68	285	-0.23789
D	Y	1127	392.03	59	-1.8866
D	Y	1139	392.03	225	-0.5543
D	Y	1146	345.56	313	-0.098813
D	Y	1153	392.03	766	0.66921
D	Y	1163	392.03	814	0.72995
D	Y	1165	392.03	178	-0.78803
D	Y	1168	392.03	154	-0.93243
D	Y	1184	392.03	158	-0.90687
D	Y	1199	392.03	227	-0.54547
D	Y	1257	392.03	11	-3.5303
D	Y	1259	392.03	356	-0.096288
D	Y	1260	392.03	359	-0.087908
E	*	96	392.03	2	-5.0563
E	*	132	392.03	1	-5.5672
E	*	147	1.0836	0	-1.1528
E	*	154	392.03	0	-6.6658
E	*	156	223.98	0	-6.1069
E	*	169	392.03	0	-6.6658
E	*	180	388.99	1	-5.5594
E	*	183	19.491	0	-3.6884
E	*	191	392.03	0	-6.6658
E	*	213	19.491	0	-3.6884
E	*	224	392.03	0	-6.6658
E	*	281	392.03	1	-5.5672
E	*	298	392.03	4	-4.4685
E	*	309	392.03	0	-6.6658
E	*	324	392.03	1	-5.5672
E	*	340	392.03	3	-4.7199
E	*	406	392.03	1	-5.5672
E	*	465	392.03	0	-6.6658
E	*	471	392.03	0	-6.6658
E	*	484	242.67	1	-5.0883
E	*	516	392.03	1	-5.5672
E	*	554	385.54	0	-6.6491
E	*	583	392.03	0	-6.6658
E	*	619	392.03	2	-5.0563
E	*	654	392.03	1	-5.5672
E	*	661	392.03	1	-5.5672
E	*	702	392.03	0	-6.6658
E	*	725	392.03	0	-6.6658
E	*	748	392.03	2	-5.0563
E	*	773	392.03	1	-5.5672
E	*	780	392.03	1	-5.5672
E	*	819	392.03	1	-5.5672
E	*	868	392.03	0	-6.6658
E	*	918	392.03	0	-6.6658
E	*	988	392.03	0	-6.6658
E	*	990	392.03	8	-3.8326
E	*	1017	392.03	2	-5.0563
E	*	1031	392.03	1	-5.5672
E	*	1072	392.03	0	-6.6658
E	*	1092	392.03	1	-5.5672
E	*	1111	392.03	0	-6.6658
E	*	1144	392.03	0	-6.6658
E	*	1150	392.03	1	-5.5672
E	*	1151	392.03	0	-6.6658
E	*	1182	392.03	0	-6.6658
E	*	1188	392.03	0	-6.6658
E	*	1195	392.03	0	-6.6658
E	*	1202	392.03	2	-5.0563
E	*	1207	392.03	1	-5.5672
E	*	1258	392.03	0	-6.6658
E	*	1262	392.03	9	-3.7213
E	A	96	11.35	47	1.3884
E	A	132	11.35	52	1.4885
E	A	147	0.049505	0	-0.09441
E	A	154	11.35	48	1.4092
E	A	156	7.3921	27	1.2483
E	A	169	11.35	4	-0.96824
E	A	180	11.227	34	1.0791
E	A	183	0.88576	0	-1.0194
E	A	191	11.35	0	-3.1655
E	A	213	0.88576	1	0.079218
E	A	224	11.35	5	-0.76757
E	A	281	11.35	20	0.54811
E	A	298	11.35	2	-1.556
E	A	309	11.35	24	0.72636
E	A	324	11.35	20	0.54811
E	A	340	11.35	87	1.9993
E	A	406	11.35	3	-1.2196
E	A	465	11.35	6	-0.60051
E	A	471	11.35	18	0.44545
E	A	484	5.4629	102	2.8443
E	A	516	11.35	4	-0.96824
E	A	554	11.145	63	1.6961
E	A	583	11.35	20	0.54811
E	A	619	11.35	34	1.0686
E	A	654	11.35	46	1.3671
E	A	661	11.35	18	0.44545
E	A	702	11.35	17	0.38988
E	A	725	11.35	0	-3.1655
E	A	748	11.35	11	-0.029969
E	A	773	11.35	1	-2.0669
E	A	780	11.35	24	0.72636
E	A	819	11.35	0	-3.1655
E	A	868	11.35	12	0.053412
E	A	918	11.35	19	0.4981
E	A	988	11.35	4	-0.96824
E	A	990	11.35	14	0.20183
E	A	1017	11.35	3	-1.2196
E	A	1031	11.35	0	-3.1655
E	A	1072	11.35	25	0.76636
E	A	1092	11.35	20	0.54811
E	A	1111	11.35	22	0.6412
E	A	1144	11.35	40	1.229
E	A	1150	11.35	25	0.76636
E	A	1151	11.35	11	-0.029969
E	A	1182	11.35	3	-1.2196
E	A	1188	11.35	41	1.2534
E	A	1195	11.35	29	0.91207
E	A	1202	11.35	25	0.76636
E	A	1207	11.35	9	-0.22102
E	A	1258	11.35	23	0.68468
E	A	1262	11.35	35	1.0972
E	D	96	414.72	309	-0.29384
E	D	132	36.811	46	0.22016
E	D	147	0.19636	0	-0.33127
E	D	154	36.811	17	-0.75709
E	D	156	238.79	99	-0.87752
E	D	169	36.811	29	-0.2349
E	D	180	36.382	77	0.74255
E	D	183	21.257	32	0.40129
E	D	191	36.811	3	-2.3665
E	D	213	21.257	23	0.077053
E	D	224	36.811	2	-2.703
E	D	281	36.811	26	-0.34215
E	D	298	36.811	0	-4.3124
E	D	309	36.811	31	-0.1693
E	D	324	36.811	29	-0.2349
E	D	340	36.811	232	1.8296
E	D	406	36.811	29	-0.2349
E	D	465	414.72	72	-1.7452
E	D	471	36.811	32	-0.13805
E	D	484	17.327	95	1.6784
E	D	516	36.811	11	-1.1769
E	D	554	407.65	206	-0.68135
E	D	583	414.72	1743	1.4348
E	D	619	36.811	62	0.51587
E	D	654	36.811	48	0.26227
E	D	661	414.72	206	-0.6985
E	D	702	36.811	50	0.30268
E	D	725	36.811	79	0.75646
E	D	748	36.811	3	-2.3665
E	D	773	36.811	4	-2.1152
E	D	780	36.811	77	0.73099
E	D	819	36.811	0	-4.3124
E	D	868	36.811	28	-0.26939
E	D	918	414.72	46	-2.1893
E	D	988	414.72	16	-3.2254
E	D	990	36.811	44	0.1762
E	D	1017	36.811	20	-0.59887
E	D	1031	414.72	18	-3.111
E	D	1072	36.811	44	0.1762
E	D	1092	36.811	75	0.70484
E	D	1111	36.811	13	-1.0166
E	D	1144	36.811	43	0.15347
E	D	1150	414.72	588	0.34878
E	D	1151	414.72	244	-0.52959
E	D	1182	36.811	37	0.0050489
E	D	1188	414.72	125	-1.1965
E	D	1195	36.811	68	0.60754
E	D	1202	36.811	23	-0.46229
E	D	1207	414.72	597	0.36395
E	D	1258	36.811	365	2.282
E	D	1262	414.72	87	-1.5572
E	E	96	192.69	122	-0.45559
E	E	132	89.169	89	-0.001881
E	E	147	0.52475	0	-0.7176
E	E	154	89.169	32	-1.0149
E	E	156	134.73	63	-0.75592
E	E	169	89.169	65	-0.31407
E	E	180	88.089	88	-0.0010086
E	E	183	17.619	6	-1.0251
E	E	191	89.169	108	0.19063
E	E	213	17.619	8	-0.75687
E	E	224	89.169	66	-0.29892
E	E	281	89.169	33	-0.98457
E	E	298	89.169	60	-0.39348
E	E	309	89.169	38	-0.84546
E	E	324	89.169	133	0.39798
E	E	340	89.169	64	-0.32945
E	E	406	89.169	53	-0.51644
E	E	465	192.69	43	-1.4909
E	E	471	89.169	35	-0.92659
E	E	484	40.884	31	-0.2729
E	E	516	89.169	46	-0.65667
E	E	554	187.85	64	-1.0716
E	E	583	192.69	158	-0.19794
E	E	619	89.169	104	0.15307
E	E	654	89.169	100	0.11404
E	E	661	192.69	59	-1.1777
E	E	702	89.169	42	-0.74662
E	E	725	89.169	44	-0.70063
E	E	748	89.169	83	-0.071273
E	E	773	89.169	48	-0.61456
E	E	780	89.169	73	-0.19883
E	E	819	89.169	153	0.53758
E	E	868	89.169	41	-0.77043
E	E	918	192.69	105	-0.60499
E	E	988	192.69	124	-0.43939
E	E	990	89.169	62	-0.36095
E	E	1017	89.169	35	-0.92659
E	E	1031	192.69	44	-1.4682
E	E	1072	89.169	62	-0.36095
E	E	1092	89.169	73	-0.19883
E	E	1111	89.169	47	-0.63539
E	E	1144	89.169	83	-0.071273
E	E	1150	192.69	207	0.071432
E	E	1151	192.69	42	-1.5142
E	E	1182	89.169	40	-0.79482
E	E	1188	192.69	141	-0.3114
E	E	1195	89.169	100	0.11404
E	E	1202	89.169	42	-0.74662
E	E	1207	192.69	162	-0.17302
E	E	1258	89.169	85	-0.047603
E	E	1262	192.69	179	-0.073524
E	G	96	89.169	85	-0.047603
E	G	132	89.169	9	-2.2448
E	G	147	0.52475	2	0.89184
E	G	154	89.169	64	-0.32945
E	G	156	59.765	36	-0.50144
E	G	169	89.169	5	-2.7914
E	G	180	88.089	90	0.021339
E	G	183	7.8667	8	0.015808
E	G	191	89.169	1	-4.0907
E	G	213	7.8667	118	2.6507
E	G	224	89.169	6	-2.6243
E	G	281	89.169	21	-1.4281
E	G	298	89.169	1	-4.0907
E	G	309	89.169	43	-0.72336
E	G	324	89.169	21	-1.4281
E	G	340	89.169	31	-1.0461
E	G	406	89.169	2	-3.5798
E	G	465	89.169	31	-1.0461
E	G	471	89.169	26	-1.219
E	G	484	40.884	77	0.62739
E	G	516	89.169	14	-1.822
E	G	554	87.145	79	-0.097533
E	G	583	89.169	14	-1.822
E	G	619	89.169	15	-1.7553
E	G	654	89.169	9	-2.2448
E	G	661	89.169	21	-1.4281
E	G	702	89.169	7	-2.4812
E	G	725	89.169	2	-3.5798
E	G	748	89.169	4	-2.992
E	G	773	89.169	5	-2.7914
E	G	780	89.169	47	-0.63539
E	G	819	89.169	1	-4.0907
E	G	868	89.169	18	-1.5783
E	G	918	89.169	13	-1.8934
E	G	988	89.169	2	-3.5798
E	G	990	89.169	8	-2.3561
E	G	1017	89.169	11	-2.0538
E	G	1031	89.169	1	-4.0907
E	G	1072	89.169	11	-2.0538
E	G	1092	89.169	27	-1.1819
E	G	1111	89.169	19	-1.5257
E	G	1144	89.169	16	-1.6928
E	G	1150	89.169	22	-1.3826
E	G	1151	89.169	3	-3.2434
E	G	1182	89.169	4	-2.992
E	G	1188	89.169	15	-1.7553
E	G	1195	89.169	50	-0.57415
E	G	1202	89.169	52	-0.53531
E	G	1207	89.169	24	-1.2974
E	G	1258	89.169	7	-2.4812
E	G	1262	89.169	78	-0.13302
E	K	96	192.69	15	-2.5229
E	K	132	192.69	48	-1.3821
E	K	154	192.69	81	-0.8631
E	K	156	134.73	19	-1.9366
E	K	169	192.69	21	-2.1956
E	K	180	190.11	117	-0.4838
E	K	183	17.619	6	-1.0251
E	K	191	192.69	0	-5.9568
E	K	213	17.619	4	-1.3929
E	K	224	192.69	19	-2.2933
E	K	281	192.69	47	-1.403
E	K	298	192.69	3	-4.0109
E	K	309	192.69	93	-0.72574
E	K	324	192.69	45	-1.446
E	K	340	192.69	259	0.29506
E	K	406	192.69	1	-4.8582
E	K	465	192.69	2	-4.3474
E	K	471	192.69	9	-3.0124
E	K	484	82.229	473	1.7446
E	K	516	192.69	18	-2.3459
E	K	554	187.85	190	0.011376
E	K	583	192.69	43	-1.4909
E	K	619	192.69	190	-0.014047
E	K	654	192.69	154	-0.22351
E	K	661	192.69	12	-2.738
E	K	702	192.69	54	-1.2655
E	K	725	192.69	3	-4.0109
E	K	748	192.69	9	-3.0124
E	K	773	192.69	1	-4.8582
E	K	780	192.69	39	-1.5874
E	K	819	192.69	0	-5.9568
E	K	868	192.69	10	-2.9123
E	K	918	192.69	18	-2.3459
E	K	988	192.69	0	-5.9568
E	K	990	192.69	0	-5.9568
E	K	1017	192.69	7	-3.2488
E	K	1031	192.69	0	-5.9568
E	K	1072	192.69	54	-1.2655
E	K	1092	192.69	31	-1.8137
E	K	1111	192.69	47	-1.403
E	K	1144	192.69	29	-1.8793
E	K	1150	192.69	90	-0.75835
E	K	1151	192.69	3	-4.0109
E	K	1182	192.69	9	-3.0124
E	K	1188	192.69	45	-1.446
E	K	1195	192.69	21	-2.1956
E	K	1202	192.69	147	-0.26987
E	K	1207	192.69	4	-3.7596
E	K	1258	192.69	9	-3.0124
E	K	1262	192.69	53	-1.284
E	Q	96	22.683	45	0.67429
E	Q	132	22.683	146	1.8436
E	Q	147	0.13091	5	2.1653
E	Q	154	22.683	110	1.5616
E	Q	156	14.812	78	1.6345
E	Q	169	22.683	5	-1.4387
E	Q	180	22.398	33	0.38048
E	Q	191	22.683	1	-2.738
E	Q	213	1.7668	4	0.68573
E	Q	224	22.683	371	2.7741
E	Q	281	22.683	160	1.9349
E	Q	298	22.683	8	-1.0034
E	Q	309	22.683	598	3.251
E	Q	324	22.683	127	1.7047
E	Q	340	22.683	157	1.916
E	Q	406	22.683	136	1.7729
E	Q	465	22.683	0	-3.8366
E	Q	471	22.683	250	2.38
E	Q	484	10.868	515	3.8144
E	Q	516	22.683	221	2.257
E	Q	554	22.119	212	2.2402
E	Q	583	22.683	272	2.4642
E	Q	619	22.683	195	2.1321
E	Q	654	22.683	196	2.1372
E	Q	661	22.683	18	-0.22565
E	Q	702	22.683	153	1.8903
E	Q	725	22.683	8	-1.0034
E	Q	748	22.683	156	1.9096
E	Q	773	22.683	5	-1.4387
E	Q	780	22.683	186	2.085
E	Q	819	22.683	1	-2.738
E	Q	868	22.683	1	-2.738
E	Q	918	22.683	16	-0.34006
E	Q	988	22.683	0	-3.8366
E	Q	990	22.683	3	-1.8907
E	Q	1017	22.683	2	-2.2271
E	Q	1031	22.683	2	-2.2271
E	Q	1072	22.683	55	0.87296
E	Q	1092	22.683	10	-0.79204
E	Q	1111	22.683	302	2.5687
E	Q	1144	22.683	264	2.4344
E	Q	1150	22.683	33	0.36813
E	Q	1151	22.683	7	-1.1285
E	Q	1182	22.683	240	2.3393
E	Q	1188	22.683	14	-0.46927
E	Q	1195	22.683	251	2.384
E	Q	1202	22.683	744	3.4693
E	Q	1207	22.683	2	-2.2271
E	Q	1258	22.683	50	0.77855
E	Q	1262	22.683	6	-1.2716
E	V	96	25.461	60	0.84604
E	V	132	25.461	21	-0.18855
E	V	147	0.14686	1	0.84109
E	V	154	25.461	5	-1.5519
E	V	156	17.13	17	-0.0074278
E	V	169	25.461	3	-2.0038
E	V	180	25.155	91	1.2716
E	V	183	2.2731	5	0.68479
E	V	191	25.461	0	-3.9498
E	V	224	25.461	6	-1.3848
E	V	281	25.461	36	0.34071
E	V	298	25.461	3	-2.0038
E	V	309	25.461	17	-0.39441
E	V	324	25.461	17	-0.39441
E	V	340	25.461	48	0.62496
E	V	406	25.461	1	-2.8511
E	V	465	25.461	0	-3.9498
E	V	471	25.461	21	-0.18855
E	V	484	11.864	71	1.7549
E	V	516	25.461	6	-1.3848
E	V	554	24.682	45	0.59157
E	V	583	25.461	4	-1.7525
E	V	619	25.461	23	-0.099606
E	V	654	25.461	89	1.2376
E	V	661	25.461	17	-0.39441
E	V	702	25.461	23	-0.099606
E	V	725	25.461	0	-3.9498
E	V	748	25.461	14	-0.58246
E	V	773	25.461	1	-2.8511
E	V	780	25.461	15	-0.51577
E	V	819	25.461	0	-3.9498
E	V	868	25.461	10	-0.90523
E	V	918	25.461	16	-0.45325
E	V	988	25.461	1	-2.8511
E	V	990	25.461	3	-2.0038
E	V	1017	25.461	1	-2.8511
E	V	1031	25.461	3	-2.0038
E	V	1072	25.461	17	-0.39441
E	V	1092	25.461	18	-0.33884
E	V	1111	25.461	17	-0.39441
E	V	1144	25.461	110	1.4484
E	V	1150	25.461	26	0.020539
E	V	1151	25.461	2	-2.3403
E	V	1182	25.461	0	-3.9498
E	V	1188	25.461	14	-0.58246
E	V	1195	25.461	22	-0.14309
E	V	1202	25.461	27	0.05758
E	V	1207	25.461	17	-0.39441
E	V	1258	25.461	37	0.36773
E	V	1262	25.461	24	-0.057933
F	C	2	11.238	4	-0.95878
F	C	4	11.238	4	-0.95878
F	C	18	0.072863	0	-0.13604
F	C	32	11.238	7	-0.44795
F	C	43	11.238	1	-2.0574
F	C	55	11.238	1	-2.0574
F	C	58	11.238	0	-3.156
F	C	59	11.238	6	-0.59105
F	C	65	11.238	10	-0.11148
F	C	79	11.238	3	-1.2101
F	C	86	11.238	0	-3.156
F	C	92	11.238	3	-1.2101
F	C	106	11.238	0	-3.156
F	C	127	0.25363	0	-0.41029
F	C	133	11.238	0	-3.156
F	C	135	11.238	1	-2.0574
F	C	140	11.238	1	-2.0574
F	C	157	7.4751	5	-0.37157
F	C	168	11.238	0	-3.156
F	C	175	11.238	5	-0.75811
F	C	186	11.238	4	-0.95878
F	C	192	11.238	1	-2.0574
F	C	194	11.238	0	-3.156
F	C	201	11.238	1	-2.0574
F	C	216	0.25363	0	-0.41029
F	C	220	11.238	2	-1.5466
F	C	238	11.238	0	-3.156
F	C	275	11.238	1	-2.0574
F	C	306	11.238	3	-1.2101
F	C	329	11.238	12	0.062873
F	C	338	11.238	0	-3.156
F	C	342	11.238	0	-3.156
F	C	347	11.238	0	-3.156
F	C	371	2.5997	0	-1.8244
F	C	374	11.238	0	-3.156
F	C	375	3.951	0	-2.1863
F	C	377	11.238	0	-3.156
F	C	392	11.238	0	-3.156
F	C	400	11.238	1	-2.0574
F	C	429	11.238	0	-3.156
F	C	456	11.072	0	-3.1418
F	C	464	11.238	0	-3.156
F	C	486	8.428	0	-2.8823
F	C	490	10.434	0	-3.085
F	C	497	11.238	1	-2.0574
F	C	515	11.238	0	-3.156
F	C	541	11.238	0	-3.156
F	C	543	11.238	0	-3.156
F	C	559	11.238	0	-3.156
F	C	562	11.238	0	-3.156
F	C	565	11.238	0	-3.156
F	C	592	11.238	0	-3.156
F	C	643	11.238	1	-2.0574
F	C	718	11.238	1	-2.0574
F	C	759	11.238	2	-1.5466
F	C	782	11.238	2	-1.5466
F	C	797	11.238	26	0.81429
F	C	800	11.238	0	-3.156
F	C	802	11.238	0	-3.156
F	C	817	11.238	0	-3.156
F	C	823	11.238	0	-3.156
F	C	833	11.238	0	-3.156
F	C	855	11.238	0	-3.156
F	C	888	11.238	0	-3.156
F	C	898	11.238	0	-3.156
F	C	906	11.238	0	-3.156
F	C	927	11.238	0	-3.156
F	C	939	0.25363	0	-0.41029
F	C	970	11.238	0	-3.156
F	C	981	1.3513	0	-1.309
F	C	1042	11.238	0	-3.156
F	C	1052	11.238	1	-2.0574
F	C	1062	11.238	0	-3.156
F	C	1075	11.238	5	-0.75811
F	C	1089	11.238	0	-3.156
F	C	1095	11.238	0	-3.156
F	C	1103	11.238	6	-0.59105
F	C	1109	11.238	1	-2.0574
F	C	1121	11.238	0	-3.156
F	C	1148	11.238	0	-3.156
F	C	1156	11.238	0	-3.156
F	C	1176	0.072863	0	-0.13604
F	C	1220	11.238	4	-0.95878
F	C	1256	11.238	0	-3.156
F	F	2	82.096	0	-5.1071
F	F	4	82.096	50	-0.49199
F	F	18	0.32741	0	-0.50369
F	F	32	696.89	1799	0.94791
F	F	43	696.89	1573	0.81371
F	F	55	696.89	1686	0.88306
F	F	58	696.89	1457	0.73713
F	F	59	82.096	87	0.057679
F	F	65	696.89	189	-1.303
F	F	79	82.096	50	-0.49199
F	F	86	82.096	105	0.24475
F	F	92	82.096	48	-0.5324
F	F	106	82.096	59	-0.32798
F	F	127	2.1791	1	-0.58002
F	F	133	82.096	103	0.22561
F	F	135	82.096	36	-0.81665
F	F	140	82.096	33	-0.90241
F	F	157	463.68	143	-1.1739
F	F	168	82.096	36	-0.81665
F	F	175	82.096	38	-0.7633
F	F	186	696.89	910	0.26664
F	F	192	82.096	57	-0.36217
F	F	194	82.096	22	-1.3004
F	F	201	82.096	79	-0.038202
F	F	216	18.505	2	-2.0284
F	F	220	82.096	58	-0.34493
F	F	238	82.096	72	-0.13037
F	F	275	82.096	43	-0.6412
F	F	306	685.99	1527	0.7998
F	F	329	82.096	122	0.39415
F	F	338	82.096	64	-0.24729
F	F	342	82.096	176	0.75936
F	F	347	82.096	48	-0.5324
F	F	371	176.97	130	-0.30745
F	F	374	82.096	85	0.034557
F	F	375	266.22	188	-0.34711
F	F	377	82.096	123	0.40228
F	F	392	82.096	91	0.10238
F	F	400	82.096	32	-0.93272
F	F	429	82.096	91	0.10238
F	F	456	80.556	57	-0.34335
F	F	464	82.096	51	-0.47238
F	F	486	57.34	56	-0.02344
F	F	490	74.361	118	0.45929
F	F	497	696.89	280	-0.91078
F	F	515	82.096	84	0.022792
F	F	541	696.89	899	0.25449
F	F	543	696.89	2692	1.3509
F	F	559	82.096	64	-0.24729
F	F	562	696.89	1892	0.9983
F	F	565	82.096	69	-0.17263
F	F	592	82.096	74	-0.10316
F	F	643	82.096	79	-0.038202
F	F	718	82.096	82	-0.001161
F	F	759	82.096	37	-0.78962
F	F	782	82.096	55	-0.39758
F	F	797	82.096	25	-1.1753
F	F	800	82.096	46	-0.57451
F	F	802	82.096	28	-1.0641
F	F	817	82.096	36	-0.81665
F	F	823	696.89	149	-1.5401
F	F	833	696.89	114	-1.8068
F	F	855	82.096	188	0.82514
F	F	888	82.096	93	0.124
F	F	898	82.096	31	-0.96397
F	F	906	82.096	59	-0.32798
F	F	927	82.096	44	-0.61847
F	F	939	2.1791	0	-1.6786
F	F	970	82.096	66	-0.21676
F	F	981	11.159	4	-0.952
F	F	1042	82.096	71	-0.14426
F	F	1052	696.89	286	-0.88961
F	F	1062	696.89	657	-0.058907
F	F	1075	696.89	229	-1.1114
F	F	1089	82.096	140	0.53125
F	F	1095	82.096	49	-0.51199
F	F	1103	82.096	40	-0.71266
F	F	1109	82.096	36	-0.81665
F	F	1121	82.096	52	-0.45315
F	F	1148	696.89	1712	0.89836
F	F	1156	82.096	38	-0.7633
F	F	1176	0.32741	0	-0.50369
F	F	1220	82.096	40	-0.71266
F	F	1256	82.096	38	-0.7633
F	I	2	17.508	0	-3.584
F	I	4	17.508	11	-0.44849
F	I	18	0.09715	0	-0.17756
F	I	32	17.508	3	-1.6381
F	I	43	17.508	0	-3.584
F	I	55	17.508	0	-3.584
F	I	58	17.508	0	-3.584
F	I	59	17.508	1	-2.4854
F	I	65	17.508	1	-2.4854
F	I	79	17.508	3	-1.6381
F	I	86	17.508	11	-0.44849
F	I	92	17.508	4	-1.3868
F	I	106	17.508	1	-2.4854
F	I	127	0.48805	1	0.41749
F	I	133	17.508	4	-1.3868
F	I	135	17.508	9	-0.63955
F	I	140	17.508	14	-0.21669
F	I	157	12.732	1	-2.1771
F	I	168	17.508	0	-3.584
F	I	175	17.508	4	-1.3868
F	I	186	17.508	4	-1.3868
F	I	192	17.508	4	-1.3868
F	I	194	17.508	0	-3.584
F	I	201	17.508	3	-1.6381
F	I	216	0.48805	0	-0.68113
F	I	220	17.508	13	-0.28815
F	I	238	17.508	0	-3.584
F	I	275	17.508	0	-3.584
F	I	306	17.508	2	-1.9745
F	I	329	17.508	0	-3.584
F	I	338	17.508	3	-1.6381
F	I	342	17.508	4	-1.3868
F	I	347	17.508	2	-1.9745
F	I	371	4.541	0	-2.3108
F	I	374	17.508	8	-0.75077
F	I	375	7.7394	0	-2.8021
F	I	377	17.508	0	-3.584
F	I	392	17.508	0	-3.584
F	I	400	17.508	0	-3.584
F	I	429	17.508	2	-1.9745
F	I	456	17.221	1	-2.4693
F	I	464	17.508	0	-3.584
F	I	486	12.196	12	-0.015594
F	I	490	16.197	24	0.38343
F	I	497	17.508	0	-3.584
F	I	515	17.508	1	-2.4854
F	I	541	17.508	0	-3.584
F	I	543	17.508	10	-0.53946
F	I	559	17.508	0	-3.584
F	I	562	17.508	0	-3.584
F	I	565	17.508	10	-0.53946
F	I	592	17.508	2	-1.9745
F	I	643	17.508	4	-1.3868
F	I	718	17.508	1	-2.4854
F	I	759	17.508	0	-3.584
F	I	782	17.508	0	-3.584
F	I	797	17.508	3	-1.6381
F	I	800	17.508	0	-3.584
F	I	802	17.508	0	-3.584
F	I	817	17.508	0	-3.584
F	I	823	17.508	1	-2.4854
F	I	833	17.508	6	-1.019
F	I	855	17.508	0	-3.584
F	I	888	17.508	7	-0.87594
F	I	898	17.508	0	-3.584
F	I	906	17.508	1	-2.4854
F	I	927	17.508	0	-3.584
F	I	939	0.48805	1	0.41749
F	I	970	17.508	0	-3.584
F	I	981	3.1984	4	0.19618
F	I	1042	17.508	2	-1.9745
F	I	1052	17.508	10	-0.53946
F	I	1062	17.508	0	-3.584
F	I	1075	17.508	0	-3.584
F	I	1089	17.508	0	-3.584
F	I	1095	17.508	0	-3.584
F	I	1103	17.508	0	-3.584
F	I	1109	17.508	5	-1.1861
F	I	1121	17.508	1	-2.4854
F	I	1148	17.508	0	-3.584
F	I	1156	17.508	1	-2.4854
F	I	1176	0.09715	0	-0.17756
F	I	1220	17.508	3	-1.6381
F	I	1256	17.508	0	-3.584
F	L	2	110.84	306	1.0126
F	L	4	110.84	31	-1.2626
F	L	18	0.17001	0	-0.29269
F	L	32	147.45	170	0.14189
F	L	43	147.45	2	-4.0806
F	L	55	147.45	24	-1.7982
F	L	58	147.45	31	-1.5469
F	L	59	110.84	113	0.019192
F	L	65	147.45	46	-1.1574
F	L	79	110.84	79	-0.33685
F	L	86	110.84	29	-1.3282
F	L	92	110.84	20	-1.6922
F	L	106	110.84	14	-2.0385
F	L	127	2.9208	0	-1.923
F	L	133	110.84	15	-1.9718
F	L	135	110.84	50	-0.79064
F	L	140	110.84	106	-0.044466
F	L	157	95.471	1011	2.3551
F	L	168	110.84	53	-0.73293
F	L	175	110.84	104	-0.063424
F	L	186	147.45	270	0.60342
F	L	192	110.84	43	-0.93985
F	L	194	110.84	4	-3.2085
F	L	201	110.84	29	-1.3282
F	L	216	1.5786	0	-1.4248
F	L	220	110.84	95	-0.15349
F	L	238	110.84	18	-1.7948
F	L	275	110.84	50	-0.79064
F	L	306	146.96	134	-0.092005
F	L	329	110.84	56	-0.67837
F	L	338	110.84	72	-0.42902
F	L	342	110.84	35	-1.1431
F	L	347	110.84	5	-3.0079
F	L	371	41.086	93	0.81019
F	L	374	110.84	61	-0.59357
F	L	375	59.857	19	-1.1299
F	L	377	110.84	44	-0.91712
F	L	392	110.84	6	-2.8408
F	L	400	110.84	5	-3.0079
F	L	429	110.84	4	-3.2085
F	L	456	108.85	667	1.809
F	L	464	110.84	48	-0.83105
F	L	486	77.964	44	-0.56716
F	L	490	100.99	351	1.2422
F	L	497	147.45	2	-4.0806
F	L	515	110.84	34	-1.1717
F	L	541	147.45	4	-3.4928
F	L	543	147.45	22	-1.8833
F	L	559	110.84	2	-3.7963
F	L	562	147.45	2	-4.0806
F	L	565	110.84	189	0.53178
F	L	592	110.84	42	-0.96311
F	L	643	110.84	152	0.31455
F	L	718	110.84	13	-2.1099
F	L	759	110.84	4	-3.2085
F	L	782	110.84	1	-4.3071
F	L	797	110.84	53	-0.73293
F	L	800	110.84	0	-5.4058
F	L	802	110.84	10	-2.3612
F	L	817	110.84	66	-0.51541
F	L	823	147.45	6	-3.125
F	L	833	147.45	21	-1.9288
F	L	855	110.84	97	-0.13276
F	L	888	110.84	96	-0.14307
F	L	898	110.84	1	-4.3071
F	L	906	110.84	3	-3.4598
F	L	927	110.84	5	-3.0079
F	L	939	2.9208	5	0.47488
F	L	970	110.84	0	-5.4058
F	L	981	4.5497	4	-0.11525
F	L	1042	110.84	16	-1.9093
F	L	1052	147.45	50	-1.0749
F	L	1062	147.45	40	-1.2955
F	L	1075	147.45	73	-0.69956
F	L	1089	110.84	9	-2.4613
F	L	1095	110.84	75	-0.38848
F	L	1103	110.84	88	-0.22961
F	L	1109	110.84	41	-0.98692
F	L	1121	110.84	74	-0.40181
F	L	1148	147.45	14	-2.3227
F	L	1156	110.84	77	-0.36233
F	L	1176	0.49742	0	-0.69057
F	L	1220	110.84	43	-0.93985
F	L	1256	110.84	6	-2.8408
F	S	2	82.096	11	-1.9716
F	S	4	82.096	11	-1.9716
F	S	18	0.32741	1	0.59492
F	S	32	82.096	79	-0.038202
F	S	43	82.096	2	-3.4977
F	S	55	82.096	5	-2.7092
F	S	58	82.096	18	-1.4962
F	S	59	82.096	231	1.0306
F	S	65	82.096	22	-1.3004
F	S	79	82.096	77	-0.063681
F	S	86	82.096	4	-2.9099
F	S	92	82.096	7	-2.3991
F	S	106	82.096	2	-3.4977
F	S	127	2.1791	1	-0.58002
F	S	133	82.096	1	-4.0085
F	S	135	82.096	5	-2.7092
F	S	140	82.096	32	-0.93272
F	S	157	53.825	207	1.3402
F	S	168	82.096	10	-2.0626
F	S	175	82.096	51	-0.47238
F	S	186	82.096	238	1.0604
F	S	192	82.096	1	-4.0085
F	S	194	82.096	2	-3.4977
F	S	201	82.096	5	-2.7092
F	S	216	2.1791	2	-0.06919
F	S	220	82.096	8	-2.2739
F	S	238	82.096	2	-3.4977
F	S	275	82.096	2	-3.4977
F	S	306	82.096	6	-2.5422
F	S	329	82.096	2	-3.4977
F	S	338	82.096	4	-2.9099
F	S	342	82.096	2	-3.4977
F	S	347	82.096	3	-3.1612
F	S	374	82.096	16	-1.6106
F	S	377	82.096	1	-4.0085
F	S	392	82.096	8	-2.2739
F	S	400	82.096	1	-4.0085
F	S	429	82.096	3	-3.1612
F	S	456	80.556	4	-2.8911
F	S	464	82.096	16	-1.6106
F	S	486	57.34	91	0.45866
F	S	490	74.361	478	1.855
F	S	497	82.096	0	-5.1071
F	S	515	82.096	24	-1.2153
F	S	541	82.096	0	-5.1071
F	S	543	82.096	1	-4.0085
F	S	559	82.096	2	-3.4977
F	S	562	82.096	0	-5.1071
F	S	565	82.096	5	-2.7092
F	S	592	82.096	51	-0.47238
F	S	643	82.096	0	-5.1071
F	S	718	82.096	4	-2.9099
F	S	759	82.096	10	-2.0626
F	S	782	82.096	3	-3.1612
F	S	797	82.096	7	-2.3991
F	S	800	82.096	1	-4.0085
F	S	802	82.096	0	-5.1071
F	S	817	82.096	10	-2.0626
F	S	823	82.096	5	-2.7092
F	S	833	82.096	26	-1.1368
F	S	855	82.096	68	-0.18713
F	S	888	82.096	3	-3.1612
F	S	898	82.096	2	-3.4977
F	S	906	82.096	0	-5.1071
F	S	927	82.096	1	-4.0085
F	S	970	82.096	1	-4.0085
F	S	981	11.159	17	0.40612
F	S	1042	82.096	5	-2.7092
F	S	1052	82.096	0	-5.1071
F	S	1062	82.096	1	-4.0085
F	S	1075	82.096	4	-2.9099
F	S	1089	82.096	0	-5.1071
F	S	1095	82.096	1	-4.0085
F	S	1103	82.096	54	-0.41576
F	S	1109	82.096	2	-3.4977
F	S	1121	82.096	0	-5.1071
F	S	1148	82.096	1	-4.0085
F	S	1156	82.096	2	-3.4977
F	S	1176	0.32741	0	-0.50369
F	S	1220	82.096	0	-5.1071
F	S	1256	82.096	0	-5.1071
F	V	2	11.238	3	-1.2101
F	V	4	11.238	2	-1.5466
F	V	18	0.072863	0	-0.13604
F	V	32	11.238	19	0.50756
F	V	43	11.238	0	-3.156
F	V	55	11.238	0	-3.156
F	V	58	11.238	17	0.39935
F	V	59	11.238	3	-1.2101
F	V	65	11.238	3	-1.2101
F	V	79	11.238	2	-1.5466
F	V	86	11.238	4	-0.95878
F	V	92	11.238	5	-0.75811
F	V	106	11.238	2	-1.5466
F	V	133	11.238	1	-2.0574
F	V	135	11.238	13	0.13983
F	V	140	11.238	12	0.062873
F	V	157	7.4751	8	0.063745
F	V	168	11.238	1	-2.0574
F	V	175	11.238	11	-0.020508
F	V	186	11.238	18	0.45492
F	V	192	11.238	3	-1.2101
F	V	194	11.238	1	-2.0574
F	V	201	11.238	1	-2.0574
F	V	216	0.25363	0	-0.41029
F	V	220	11.238	18	0.45492
F	V	238	11.238	3	-1.2101
F	V	275	11.238	2	-1.5466
F	V	306	11.238	8	-0.32279
F	V	329	11.238	4	-0.95878
F	V	338	11.238	1	-2.0574
F	V	342	11.238	2	-1.5466
F	V	347	11.238	3	-1.2101
F	V	371	2.5997	0	-1.8244
F	V	374	11.238	3	-1.2101
F	V	375	3.951	0	-2.1863
F	V	377	11.238	0	-3.156
F	V	392	11.238	1	-2.0574
F	V	400	11.238	0	-3.156
F	V	429	11.238	0	-3.156
F	V	456	11.072	26	0.82852
F	V	464	11.238	1	-2.0574
F	V	486	8.428	57	1.8626
F	V	490	10.434	68	1.8349
F	V	497	11.238	0	-3.156
F	V	515	11.238	0	-3.156
F	V	541	11.238	1	-2.0574
F	V	543	11.238	9	-0.21156
F	V	559	11.238	0	-3.156
F	V	562	11.238	1	-2.0574
F	V	565	11.238	22	0.65066
F	V	592	11.238	7	-0.44795
F	V	643	11.238	3	-1.2101
F	V	718	11.238	5	-0.75811
F	V	759	11.238	0	-3.156
F	V	782	11.238	0	-3.156
F	V	797	11.238	15	0.27798
F	V	800	11.238	1	-2.0574
F	V	802	11.238	0	-3.156
F	V	817	11.238	2	-1.5466
F	V	823	11.238	1	-2.0574
F	V	833	11.238	5	-0.75811
F	V	855	11.238	19	0.50756
F	V	888	11.238	9	-0.21156
F	V	898	11.238	0	-3.156
F	V	906	11.238	2	-1.5466
F	V	927	11.238	1	-2.0574
F	V	939	0.25363	0	-0.41029
F	V	970	11.238	0	-3.156
F	V	981	1.3513	2	0.3004
F	V	1042	11.238	2	-1.5466
F	V	1052	11.238	5	-0.75811
F	V	1062	11.238	0	-3.156
F	V	1075	11.238	6	-0.59105
F	V	1089	11.238	0	-3.156
F	V	1095	11.238	0	-3.156
F	V	1103	11.238	6	-0.59105
F	V	1109	11.238	1	-2.0574
F	V	1121	11.238	7	-0.44795
F	V	1148	11.238	1	-2.0574
F	V	1156	11.238	0	-3.156
F	V	1220	11.238	11	-0.020508
F	V	1256	11.238	0	-3.156
F	Y	2	17.508	5	-1.1861
F	Y	4	17.508	2	-1.9745
F	Y	18	0.09715	0	-0.17756
F	Y	32	17.508	17	-0.028638
F	Y	43	17.508	13	-0.28815
F	Y	55	17.508	13	-0.28815
F	Y	58	17.508	6	-1.019
F	Y	59	17.508	13	-0.28815
F	Y	65	17.508	9	-0.63955
F	Y	79	17.508	6	-1.019
F	Y	86	17.508	3	-1.6381
F	Y	92	17.508	5	-1.1861
F	Y	106	17.508	1	-2.4854
F	Y	127	0.48805	0	-0.68113
F	Y	133	17.508	2	-1.9745
F	Y	135	17.508	0	-3.584
F	Y	140	17.508	1	-2.4854
F	Y	157	12.732	4	-1.0785
F	Y	168	17.508	1	-2.4854
F	Y	175	17.508	4	-1.3868
F	Y	186	17.508	4	-1.3868
F	Y	192	17.508	3	-1.6381
F	Y	194	17.508	0	-3.584
F	Y	201	17.508	0	-3.584
F	Y	216	0.48805	0	-0.68113
F	Y	220	17.508	4	-1.3868
F	Y	238	17.508	0	-3.584
F	Y	275	17.508	1	-2.4854
F	Y	306	17.508	2	-1.9745
F	Y	329	17.508	2	-1.9745
F	Y	338	17.508	2	-1.9745
F	Y	342	17.508	0	-3.584
F	Y	347	17.508	2	-1.9745
F	Y	371	4.541	13	0.98508
F	Y	374	17.508	2	-1.9745
F	Y	375	7.7394	6	-0.23713
F	Y	377	17.508	0	-3.584
F	Y	392	17.508	4	-1.3868
F	Y	400	17.508	0	-3.584
F	Y	429	17.508	0	-3.584
F	Y	456	17.221	4	-1.3707
F	Y	464	17.508	2	-1.9745
F	Y	486	12.196	3	-1.2886
F	Y	490	16.197	26	0.4619
F	Y	497	17.508	1	-2.4854
F	Y	515	17.508	1	-2.4854
F	Y	541	17.508	4	-1.3868
F	Y	543	17.508	0	-3.584
F	Y	559	17.508	0	-3.584
F	Y	562	17.508	0	-3.584
F	Y	565	17.508	9	-0.63955
F	Y	592	17.508	5	-1.1861
F	Y	643	17.508	1	-2.4854
F	Y	718	17.508	2	-1.9745
F	Y	759	17.508	0	-3.584
F	Y	782	17.508	9	-0.63955
F	Y	797	17.508	1	-2.4854
F	Y	800	17.508	0	-3.584
F	Y	802	17.508	0	-3.584
F	Y	817	17.508	2	-1.9745
F	Y	823	17.508	3	-1.6381
F	Y	833	17.508	4	-1.3868
F	Y	855	17.508	0	-3.584
F	Y	888	17.508	1	-2.4854
F	Y	898	17.508	0	-3.584
F	Y	906	17.508	1	-2.4854
F	Y	927	17.508	1	-2.4854
F	Y	939	0.48805	0	-0.68113
F	Y	970	17.508	0	-3.584
F	Y	981	3.1984	0	-2.001
F	Y	1042	17.508	0	-3.584
F	Y	1052	17.508	5	-1.1861
F	Y	1062	17.508	5	-1.1861
F	Y	1075	17.508	13	-0.28815
F	Y	1089	17.508	16	-0.087478
F	Y	1095	17.508	5	-1.1861
F	Y	1103	17.508	6	-1.019
F	Y	1109	17.508	2	-1.9745
F	Y	1121	17.508	1	-2.4854
F	Y	1148	17.508	4	-1.3868
F	Y	1156	17.508	1	-2.4854
F	Y	1176	0.09715	0	-0.17756
F	Y	1220	17.508	1	-2.4854
F	Y	1256	17.508	1	-2.4854
G	*	158	6.4982	0	-2.6388
G	*	181	392.03	2	-5.0563
G	*	283	392.03	0	-6.6658
G	*	311	392.03	1	-5.5672
G	*	381	392.03	1	-5.5672
G	*	416	392.03	106	-1.3045
G	*	526	392.03	0	-6.6658
G	*	601	392.03	0	-6.6658
G	*	769	392.03	2	-5.0563
G	*	910	392.03	0	-6.6658
G	*	946	392.03	0	-6.6658
G	*	1035	392.03	0	-6.6658
G	*	1044	392.03	0	-6.6658
G	*	1085	392.03	0	-6.6658
G	*	1131	392.03	3	-4.7199
G	*	1204	392.03	1	-5.5672
G	*	1251	392.03	0	-6.6658
G	*	1267	392.03	11	-3.5303
G	A	35	22.683	8	-1.0034
G	A	72	22.683	11	-0.70107
G	A	75	22.683	144	1.8299
G	A	89	22.683	2	-2.2271
G	A	103	22.683	0	-3.8366
G	A	107	22.683	2	-2.2271
G	A	158	0.5641	0	-0.75528
G	A	181	22.683	377	2.7902
G	A	184	22.683	3	-1.8907
G	A	199	22.683	7	-1.1285
G	A	213	3.8209	2	-0.54716
G	A	219	20.192	0	-3.7229
G	A	232	22.683	9	-0.89213
G	A	252	20.916	3	-1.8114
G	A	257	22.315	2	-2.2111
G	A	261	22.683	70	1.1122
G	A	268	22.683	1	-2.738
G	A	283	22.683	11	-0.70107
G	A	311	22.683	1	-2.738
G	A	339	11.003	0	-3.1357
G	A	381	22.683	1	-2.738
G	A	404	22.683	7	-1.1285
G	A	413	22.683	19	-0.173
G	A	416	22.683	1	-2.738
G	A	431	22.683	1	-2.738
G	A	446	17.493	37	0.73435
G	A	447	22.683	1	-2.738
G	A	476	22.683	21	-0.075366
G	A	482	22.683	8	-1.0034
G	A	485	22.683	32	0.33782
G	A	496	20.192	3	-1.777
G	A	502	22.683	2	-2.2271
G	A	504	22.683	0	-3.8366
G	A	526	22.683	0	-3.8366
G	A	545	22.683	1	-2.738
G	A	548	22.683	0	-3.8366
G	A	550	22.683	1	-2.738
G	A	566	22.683	2	-2.2271
G	A	593	22.683	0	-3.8366
G	A	594	22.683	1	-2.738
G	A	601	22.683	0	-3.8366
G	A	614	19.081	8	-0.8345
G	A	639	22.683	23	0.013582
G	A	648	22.683	0	-3.8366
G	A	652	22.683	36	0.45389
G	A	667	22.683	2	-2.2271
G	A	669	22.683	7	-1.1285
G	A	700	22.683	6	-1.2716
G	A	744	22.683	1	-2.738
G	A	757	22.683	3	-1.8907
G	A	769	22.683	99	1.4567
G	A	798	22.683	2	-2.2271
G	A	799	22.683	1	-2.738
G	A	832	22.683	1	-2.738
G	A	838	22.683	0	-3.8366
G	A	842	22.683	3	-1.8907
G	A	857	22.683	0	-3.8366
G	A	880	22.683	1	-2.738
G	A	885	22.683	1	-2.738
G	A	889	22.683	2	-2.2271
G	A	891	22.683	0	-3.8366
G	A	908	22.683	0	-3.8366
G	A	910	22.683	2	-2.2271
G	A	932	22.683	13	-0.54073
G	A	946	22.683	10	-0.79204
G	A	971	22.683	0	-3.8366
G	A	999	22.683	2	-2.2271
G	A	1035	22.683	2	-2.2271
G	A	1044	22.683	1	-2.738
G	A	1046	22.683	0	-3.8366
G	A	1059	22.683	0	-3.8366
G	A	1085	22.683	137	1.7802
G	A	1093	22.683	0	-3.8366
G	A	1099	22.683	2	-2.2271
G	A	1131	22.683	101	1.4766
G	A	1167	22.683	23	0.013582
G	A	1171	22.683	7	-1.1285
G	A	1204	22.683	2	-2.2271
G	A	1219	22.683	26	0.13373
G	A	1223	22.683	0	-3.8366
G	A	1246	22.683	3	-1.8907
G	A	1251	22.683	21	-0.075366
G	A	1267	22.683	5	-1.4387
G	C	35	392.03	57	-1.9208
G	C	75	392.03	72	-1.689
G	C	89	392.03	1	-5.5672
G	C	103	392.03	15	-3.2318
G	C	107	392.03	2	-5.0563
G	C	184	392.03	6	-4.1008
G	C	199	392.03	29	-2.5882
G	C	219	360.01	49	-1.9855
G	C	232	392.03	179	-0.78245
G	C	252	372.54	3	-4.6689
G	C	257	389.34	26	-2.6886
G	C	261	392.03	275	-0.35404
G	C	268	392.03	2	-5.0563
G	C	339	246.08	30	-2.0899
G	C	404	392.03	12	-3.4469
G	C	431	392.03	1	-5.5672
G	C	446	331.33	0	-6.4978
G	C	447	392.03	5	-4.2679
G	C	476	392.03	6	-4.1008
G	C	482	392.03	2	-5.0563
G	C	485	392.03	1	-5.5672
G	C	496	360.01	5	-4.1828
G	C	502	392.03	3	-4.7199
G	C	504	392.03	0	-6.6658
G	C	545	392.03	3	-4.7199
G	C	548	392.03	0	-6.6658
G	C	550	392.03	1	-5.5672
G	C	566	392.03	0	-6.6658
G	C	593	392.03	13	-3.3699
G	C	594	392.03	2	-5.0563
G	C	614	345.56	1	-5.4411
G	C	639	392.03	33	-2.4611
G	C	648	392.03	0	-6.6658
G	C	667	392.03	7	-3.9577
G	C	669	392.03	1	-5.5672
G	C	700	392.03	7	-3.9577
G	C	744	392.03	8	-3.8326
G	C	757	392.03	1	-5.5672
G	C	798	392.03	20	-2.9522
G	C	799	392.03	8	-3.8326
G	C	832	392.03	6	-4.1008
G	C	838	392.03	10	-3.6212
G	C	842	392.03	15	-3.2318
G	C	857	392.03	11	-3.5303
G	C	880	392.03	2	-5.0563
G	C	885	392.03	21	-2.9046
G	C	889	392.03	4	-4.4685
G	C	891	392.03	1	-5.5672
G	C	908	392.03	8	-3.8326
G	C	932	392.03	91	-1.4563
G	C	971	392.03	2	-5.0563
G	C	999	392.03	9	-3.7213
G	C	1046	392.03	5	-4.2679
G	C	1059	392.03	1	-5.5672
G	C	1093	392.03	4	-4.4685
G	C	1099	392.03	9	-3.7213
G	C	1167	392.03	5	-4.2679
G	C	1171	392.03	13	-3.3699
G	C	1219	392.03	1189	1.1087
G	C	1223	392.03	25	-2.7339
G	C	1246	392.03	89	-1.4784
G	D	35	192.69	3	-4.0109
G	D	75	192.69	161	-0.17919
G	D	89	192.69	4	-3.7596
G	D	103	192.69	3	-4.0109
G	D	107	192.69	2	-4.3474
G	D	184	192.69	195	0.011861
G	D	199	192.69	10	-2.9123
G	D	219	167.31	125	-0.29051
G	D	232	192.69	6	-3.3919
G	D	252	175.08	201	0.13772
G	D	257	189.34	437	0.83488
G	D	261	192.69	194	0.0067328
G	D	268	192.69	2	-4.3474
G	D	339	83.167	80	-0.038582
G	D	404	192.69	0	-5.9568
G	D	431	192.69	1	-4.8582
G	D	446	141.49	240	0.52699
G	D	447	192.69	10	-2.9123
G	D	476	192.69	37	-1.6394
G	D	482	192.69	84	-0.82695
G	D	485	192.69	82	-0.8509
G	D	496	167.31	6	-3.251
G	D	502	192.69	4	-3.7596
G	D	504	192.69	52	-1.3029
G	D	545	192.69	0	-5.9568
G	D	548	192.69	1	-4.8582
G	D	550	192.69	0	-5.9568
G	D	566	192.69	1	-4.8582
G	D	593	192.69	1	-4.8582
G	D	594	192.69	19	-2.2933
G	D	639	192.69	31	-1.8137
G	D	648	192.69	0	-5.9568
G	D	667	192.69	1	-4.8582
G	D	669	192.69	0	-5.9568
G	D	700	192.69	2	-4.3474
G	D	744	192.69	28	-1.9138
G	D	757	192.69	13	-2.661
G	D	798	192.69	100	-0.65354
G	D	799	192.69	11	-2.8214
G	D	832	192.69	32	-1.7825
G	D	838	192.69	57	-1.2119
G	D	842	192.69	94	-0.7151
G	D	857	192.69	2	-4.3474
G	D	880	192.69	0	-5.9568
G	D	885	192.69	14	-2.5896
G	D	889	192.69	0	-5.9568
G	D	891	192.69	505	0.96185
G	D	908	192.69	0	-5.9568
G	D	932	192.69	81	-0.8631
G	D	971	192.69	1	-4.8582
G	D	999	192.69	1	-4.8582
G	D	1046	192.69	7	-3.2488
G	D	1059	192.69	0	-5.9568
G	D	1093	192.69	2	-4.3474
G	D	1099	192.69	269	0.33287
G	D	1167	192.69	64	-1.097
G	D	1171	192.69	75	-0.93957
G	D	1219	192.69	8	-3.1236
G	D	1223	192.69	2	-4.3474
G	D	1246	192.69	70	-1.0081
G	E	72	192.69	499	0.94991
G	E	158	4.8498	1	-1.2716
G	E	181	192.69	251	0.26374
G	E	213	32.582	154	1.5412
G	E	283	192.69	0	-5.9568
G	E	311	192.69	0	-5.9568
G	E	381	192.69	4	-3.7596
G	E	413	192.69	19	-2.2933
G	E	416	192.69	27	-1.9495
G	E	526	192.69	1	-4.8582
G	E	601	192.69	0	-5.9568
G	E	652	192.69	2	-4.3474
G	E	769	192.69	38	-1.613
G	E	910	192.69	2	-4.3474
G	E	946	192.69	80	-0.87544
G	E	1035	192.69	2	-4.3474
G	E	1044	192.69	3	-4.0109
G	E	1085	192.69	158	-0.19794
G	E	1131	192.69	22	-2.1502
G	E	1204	192.69	17	-2.4015
G	E	1251	192.69	132	-0.37712
G	E	1267	192.69	32	-1.7825
G	G	35	110.84	30	-1.2949
G	G	72	607.41	385	-0.45549
G	G	75	110.84	107	-0.03512
G	G	89	110.84	44	-0.91712
G	G	103	762.24	148	-1.6363
G	G	107	110.84	146	0.27441
G	G	158	3.0074	7	0.76002
G	G	181	125.98	138	0.090789
G	G	184	110.84	40	-1.0113
G	G	199	110.84	65	-0.53056
G	G	213	84.368	34	-0.90014
G	G	219	95.134	69	-0.3192
G	G	232	110.84	42	-0.96311
G	G	252	100.99	59	-0.534
G	G	257	109.02	79	-0.32034
G	G	261	110.84	77	-0.36233
G	G	268	110.84	47	-0.85188
G	G	283	125.98	144	0.1332
G	G	311	125.98	96	-0.27054
G	G	339	47.385	49	0.033164
G	G	381	125.98	114	-0.099507
G	G	404	110.84	39	-1.0363
G	G	413	607.41	1492	0.89818
G	G	416	125.98	112	-0.11713
G	G	431	762.24	527	-0.36877
G	G	446	80.539	33	-0.88339
G	G	447	110.84	24	-1.5139
G	G	476	110.84	50	-0.79064
G	G	482	110.84	68	-0.48578
G	G	485	110.84	59	-0.62664
G	G	496	95.134	50	-0.63855
G	G	502	110.84	70	-0.457
G	G	504	110.84	117	0.053827
G	G	526	125.98	40	-1.1388
G	G	545	110.84	55	-0.69623
G	G	548	762.24	94	-2.0883
G	G	550	110.84	34	-1.1717
G	G	566	762.24	123	-1.8207
G	G	593	110.84	52	-0.7518
G	G	594	110.84	37	-1.0883
G	G	601	125.98	86	-0.37994
G	G	614	92.206	55	-0.51305
G	G	639	110.84	124	0.11169
G	G	648	762.24	673	-0.12444
G	G	652	607.41	359	-0.52532
G	G	667	110.84	82	-0.29981
G	G	669	110.84	222	0.69232
G	G	700	110.84	49	-0.81064
G	G	744	110.84	73	-0.41533
G	G	757	762.24	154	-1.5967
G	G	769	125.98	87	-0.36844
G	G	798	110.84	47	-0.85188
G	G	799	110.84	28	-1.3627
G	G	832	762.24	185	-1.4139
G	G	838	110.84	68	-0.48578
G	G	842	110.84	77	-0.36233
G	G	857	762.24	466	-0.49167
G	G	880	110.84	83	-0.28776
G	G	885	110.84	86	-0.25247
G	G	889	110.84	59	-0.62664
G	G	891	110.84	48	-0.83105
G	G	908	110.84	42	-0.96311
G	G	910	125.98	200	0.46073
G	G	932	762.24	737	-0.033658
G	G	946	125.98	106	-0.17194
G	G	971	110.84	38	-1.062
G	G	999	762.24	145	-1.6567
G	G	1035	125.98	70	-0.58447
G	G	1044	125.98	148	0.1605
G	G	1046	762.24	375	-0.70867
G	G	1059	110.84	44	-0.91712
G	G	1085	125.98	122	-0.03197
G	G	1093	110.84	83	-0.28776
G	G	1099	762.24	91	-2.1206
G	G	1131	125.98	114	-0.099507
G	G	1167	110.84	39	-1.0363
G	G	1171	762.24	247	-1.1255
G	G	1204	125.98	82	-0.42728
G	G	1219	110.84	111	0.0014133
G	G	1223	762.24	177	-1.458
G	G	1246	762.24	387	-0.67721
G	G	1251	125.98	298	0.85869
G	G	1267	125.98	76	-0.50279
G	R	35	22.683	28	0.20649
G	R	72	215.38	249	0.14475
G	R	75	22.683	142	1.8159
G	R	89	22.683	0	-3.8366
G	R	103	22.683	0	-3.8366
G	R	107	22.683	0	-3.8366
G	R	158	0.5641	1	0.34334
G	R	181	215.38	421	0.66911
G	R	184	22.683	4	-1.6393
G	R	199	22.683	10	-0.79204
G	R	213	36.403	18	-0.69052
G	R	219	20.192	1	-2.6243
G	R	232	22.683	1	-2.738
G	R	252	20.916	5	-1.3594
G	R	257	22.315	18	-0.20964
G	R	261	22.683	133	1.7507
G	R	268	22.683	0	-3.8366
G	R	283	215.38	2	-4.4584
G	R	311	215.38	1	-4.9692
G	R	339	11.003	0	-3.1357
G	R	381	215.38	46	-1.5353
G	R	404	22.683	10	-0.79204
G	R	413	215.38	45	-1.557
G	R	416	215.38	3	-4.1219
G	R	431	22.683	0	-3.8366
G	R	446	17.493	26	0.38716
G	R	447	22.683	1	-2.738
G	R	476	22.683	1	-2.738
G	R	482	22.683	77	1.2069
G	R	485	22.683	38	0.50724
G	R	496	20.192	2	-2.1135
G	R	502	22.683	0	-3.8366
G	R	504	22.683	2	-2.2271
G	R	526	215.38	2	-4.4584
G	R	545	22.683	0	-3.8366
G	R	548	22.683	1	-2.738
G	R	550	22.683	0	-3.8366
G	R	566	22.683	0	-3.8366
G	R	593	22.683	1	-2.738
G	R	594	22.683	2	-2.2271
G	R	601	215.38	0	-6.0679
G	R	614	19.081	0	-3.6677
G	R	639	22.683	20	-0.12299
G	R	648	22.683	0	-3.8366
G	R	652	215.38	0	-6.0679
G	R	667	22.683	0	-3.8366
G	R	669	22.683	0	-3.8366
G	R	700	22.683	5	-1.4387
G	R	744	22.683	1	-2.738
G	R	757	22.683	1	-2.738
G	R	769	215.38	70	-1.1191
G	R	798	22.683	1	-2.738
G	R	799	22.683	0	-3.8366
G	R	832	22.683	3	-1.8907
G	R	838	22.683	5	-1.4387
G	R	842	22.683	3	-1.8907
G	R	857	22.683	0	-3.8366
G	R	880	22.683	0	-3.8366
G	R	885	22.683	0	-3.8366
G	R	889	22.683	1	-2.738
G	R	891	22.683	0	-3.8366
G	R	908	22.683	1	-2.738
G	R	910	215.38	3	-4.1219
G	R	932	22.683	30	0.27431
G	R	946	215.38	152	-0.34755
G	R	971	22.683	0	-3.8366
G	R	999	22.683	2	-2.2271
G	R	1035	215.38	1	-4.9692
G	R	1044	215.38	0	-6.0679
G	R	1046	22.683	1	-2.738
G	R	1059	22.683	0	-3.8366
G	R	1085	215.38	230	0.065538
G	R	1093	22.683	0	-3.8366
G	R	1099	22.683	3	-1.8907
G	R	1131	215.38	26	-2.0976
G	R	1167	22.683	44	0.65207
G	R	1171	22.683	7	-1.1285
G	R	1204	215.38	19	-2.4043
G	R	1219	22.683	4	-1.6393
G	R	1223	22.683	0	-3.8366
G	R	1246	22.683	2	-2.2271
G	R	1251	215.38	161	-0.29021
G	R	1267	215.38	172	-0.22432
G	S	35	192.69	32	-1.7825
G	S	75	192.69	177	-0.084729
G	S	89	192.69	3	-4.0109
G	S	103	192.69	7	-3.2488
G	S	107	192.69	2	-4.3474
G	S	184	192.69	270	0.33657
G	S	199	192.69	14	-2.5896
G	S	219	167.31	204	0.19775
G	S	232	192.69	33	-1.7522
G	S	252	175.08	229	0.26783
G	S	257	189.34	410	0.77118
G	S	261	192.69	212	0.095243
G	S	268	192.69	49	-1.3617
G	S	339	83.167	68	-0.20001
G	S	404	192.69	12	-2.738
G	S	431	192.69	1	-4.8582
G	S	446	141.49	629	1.4892
G	S	447	192.69	22	-2.1502
G	S	476	192.69	549	1.0453
G	S	482	192.69	149	-0.2564
G	S	485	192.69	131	-0.38469
G	S	496	167.31	192	0.13728
G	S	502	192.69	4	-3.7596
G	S	504	192.69	49	-1.3617
G	S	545	192.69	12	-2.738
G	S	548	192.69	2	-4.3474
G	S	550	192.69	0	-5.9568
G	S	566	192.69	95	-0.70457
G	S	593	192.69	12	-2.738
G	S	594	192.69	91	-0.74736
G	S	614	158.76	53	-1.0908
G	S	639	192.69	73	-0.96641
G	S	648	192.69	0	-5.9568
G	S	667	192.69	22	-2.1502
G	S	669	192.69	8	-3.1236
G	S	700	192.69	5	-3.559
G	S	744	192.69	47	-1.403
G	S	757	192.69	8	-3.1236
G	S	798	192.69	98	-0.67364
G	S	799	192.69	15	-2.5229
G	S	832	192.69	49	-1.3617
G	S	838	192.69	80	-0.87544
G	S	842	192.69	124	-0.43939
G	S	857	192.69	13	-2.661
G	S	880	192.69	6	-3.3919
G	S	885	192.69	25	-2.025
G	S	889	192.69	18	-2.3459
G	S	891	192.69	13	-2.661
G	S	908	192.69	20	-2.2433
G	S	932	192.69	102	-0.63384
G	S	971	192.69	1	-4.8582
G	S	999	192.69	0	-5.9568
G	S	1046	192.69	18	-2.3459
G	S	1059	192.69	0	-5.9568
G	S	1093	192.69	14	-2.5896
G	S	1099	192.69	139	-0.32563
G	S	1167	192.69	96	-0.69416
G	S	1171	192.69	109	-0.56777
G	S	1219	192.69	117	-0.49726
G	S	1223	192.69	68	-1.0369
G	S	1246	192.69	160	-0.18541
G	V	35	392.03	211	-0.6184
G	V	72	392.03	304	-0.25395
G	V	75	392.03	1389	1.2641
G	V	89	392.03	3	-4.7199
G	V	103	392.03	5	-4.2679
G	V	107	392.03	3	-4.7199
G	V	158	6.4982	4	-0.44158
G	V	181	392.03	1883	1.5683
G	V	184	392.03	386	-0.015491
G	V	199	392.03	40	-2.2713
G	V	219	360.01	46	-2.0481
G	V	232	392.03	84	-1.5359
G	V	252	372.54	226	-0.49895
G	V	257	389.34	169	-0.83289
G	V	261	392.03	670	0.5354
G	V	268	392.03	5	-4.2679
G	V	283	392.03	1	-5.5672
G	V	311	392.03	0	-6.6658
G	V	339	246.08	24	-2.309
G	V	381	392.03	2	-5.0563
G	V	404	392.03	9	-3.7213
G	V	413	392.03	53	-1.9929
G	V	416	392.03	2	-5.0563
G	V	431	392.03	0	-6.6658
G	V	446	331.33	2323	1.9462
G	V	447	392.03	40	-2.2713
G	V	476	392.03	19	-3.0022
G	V	482	392.03	83	-1.5478
G	V	485	392.03	138	-1.0418
G	V	496	360.01	27	-2.5733
G	V	502	392.03	1	-5.5672
G	V	504	392.03	17	-3.1104
G	V	526	392.03	0	-6.6658
G	V	545	392.03	1	-5.5672
G	V	548	392.03	1	-5.5672
G	V	550	392.03	0	-6.6658
G	V	566	392.03	0	-6.6658
G	V	593	392.03	22	-2.8591
G	V	594	392.03	13	-3.3699
G	V	601	392.03	0	-6.6658
G	V	614	345.56	6	-3.9748
G	V	639	392.03	57	-1.9208
G	V	648	392.03	0	-6.6658
G	V	652	392.03	2	-5.0563
G	V	667	392.03	3	-4.7199
G	V	669	392.03	6	-4.1008
G	V	700	392.03	5	-4.2679
G	V	744	392.03	2	-5.0563
G	V	757	392.03	10	-3.6212
G	V	769	392.03	851	0.77438
G	V	798	392.03	22	-2.8591
G	V	799	392.03	28	-2.6227
G	V	832	392.03	8	-3.8326
G	V	838	392.03	42	-2.2231
G	V	842	392.03	86	-1.5125
G	V	857	392.03	9	-3.7213
G	V	880	392.03	1	-5.5672
G	V	885	392.03	14	-3.2985
G	V	889	392.03	6	-4.1008
G	V	891	392.03	7	-3.9577
G	V	908	392.03	2	-5.0563
G	V	910	392.03	0	-6.6658
G	V	932	392.03	146	-0.9856
G	V	946	392.03	202	-0.66188
G	V	971	392.03	0	-6.6658
G	V	999	392.03	4	-4.4685
G	V	1035	392.03	55	-1.9562
G	V	1044	392.03	1	-5.5672
G	V	1046	392.03	0	-6.6658
G	V	1059	392.03	0	-6.6658
G	V	1085	392.03	141	-1.0203
G	V	1093	392.03	0	-6.6658
G	V	1099	392.03	48	-2.0911
G	V	1131	392.03	4	-4.4685
G	V	1167	392.03	349	-0.11612
G	V	1171	392.03	199	-0.67681
G	V	1204	392.03	15	-3.2318
G	V	1219	392.03	908	0.83917
G	V	1223	392.03	13	-3.3699
G	V	1246	392.03	60	-1.87
G	V	1251	392.03	293	-0.29075
G	V	1267	392.03	191	-0.71773
G	W	72	392.03	138	-1.0418
G	W	213	47.965	8	-1.7408
G	W	413	392.03	44	-2.1771
G	W	652	392.03	1	-5.5672
H	D	49	16.822	3	-1.5992
H	D	52	0.1032	0	-0.18764
H	D	66	16.822	2	-1.9357
H	D	69	13.757	15	0.083572
H	D	146	16.292	19	0.14949
H	D	207	16.822	0	-3.5451
H	D	245	16.595	11	-0.39644
H	D	505	7.0048	0	-2.7087
H	D	519	16.822	10	-0.50059
H	D	625	16.822	4	-1.3479
H	D	655	8.3045	0	-2.8684
H	D	681	8.4671	0	-2.8867
H	D	954	8.4534	0	-2.8852
H	D	1048	16.822	0	-3.5451
H	D	1058	16.822	0	-3.5451
H	D	1064	16.822	0	-3.5451
H	D	1083	16.822	6	-0.98016
H	D	1088	16.822	0	-3.5451
H	D	1101	16.822	35	0.71757
H	D	1159	16.822	0	-3.5451
H	D	1271	16.822	2	-1.9357
H	H	49	82.096	102	0.2159
H	H	52	1.54	8	1.4271
H	H	66	82.096	121	0.38595
H	H	69	56.72	91	0.46943
H	H	146	644.17	1780	1.0159
H	H	207	696.89	99	-1.9472
H	H	245	79.917	213	0.97641
H	H	339	10.539	24	0.79721
H	H	445	2.1791	1	-0.58002
H	H	505	266.22	209	-0.24148
H	H	519	82.096	161	0.67055
H	H	625	82.096	110	0.29106
H	H	655	34.872	46	0.27352
H	H	681	35.197	94	0.97353
H	H	954	46.108	115	0.90749
H	H	1048	82.096	294	1.2713
H	H	1058	82.096	81	-0.013356
H	H	1064	82.096	134	0.4876
H	H	1083	82.096	122	0.39415
H	H	1088	696.89	96	-1.9778
H	H	1101	696.89	1533	0.78796
H	H	1118	46.415	28	-0.49843
H	H	1159	82.096	316	1.3434
H	H	1271	82.096	73	-0.11667
H	L	49	25.461	24	-0.057933
H	L	52	0.47971	0	-0.67265
H	L	66	25.461	8	-1.1165
H	L	69	18.278	17	-0.070472
H	L	146	23.188	82	1.2478
H	L	207	25.461	15	-0.51577
H	L	245	24.682	0	-3.9193
H	L	339	3.199	4	0.19601
H	L	505	9.7589	0	-3.0213
H	L	519	25.461	122	1.5515
H	L	625	25.461	11	-0.81426
H	L	655	11.864	13	0.087873
H	L	681	10.395	13	0.21438
H	L	954	13.309	18	0.29246
H	L	1048	25.461	0	-3.9498
H	L	1058	25.461	11	-0.81426
H	L	1064	25.461	0	-3.9498
H	L	1083	25.461	2	-2.3403
H	L	1088	25.461	1	-2.8511
H	L	1101	25.461	7	-1.2417
H	L	1118	1.4153	0	-1.343
H	L	1159	25.461	32	0.22463
H	L	1271	25.461	3	-2.0038
H	N	49	48.529	0	-4.5855
H	N	52	0.83453	0	-0.98173
H	N	66	48.529	31	-0.44241
H	N	69	34.556	17	-0.69475
H	N	146	44.035	77	0.554
H	N	207	48.529	12	-1.3667
H	N	245	47.177	125	0.96786
H	N	339	6.1417	4	-0.3893
H	N	445	1.3518	1	-0.21069
H	N	505	19.722	2	-2.0905
H	N	519	48.529	5	-2.1877
H	N	625	48.529	16	-1.089
H	N	655	21.034	3	-1.8169
H	N	681	20.78	8	-0.91772
H	N	954	26.847	7	-1.2937
H	N	1048	48.529	0	-4.5855
H	N	1058	48.529	8	-1.7523
H	N	1064	48.529	0	-4.5855
H	N	1083	48.529	24	-0.69373
H	N	1088	48.529	2	-2.9761
H	N	1101	48.529	34	-0.35144
H	N	1118	2.4099	2	-0.15183
H	N	1159	48.529	5	-2.1877
H	N	1271	48.529	5	-2.1877
H	P	49	11.35	0	-3.1655
H	P	52	0.18144	0	-0.3096
H	P	66	11.35	9	-0.22102
H	P	69	8.2191	6	-0.29372
H	P	146	10.464	26	0.88252
H	P	207	11.35	3	-1.2196
H	P	245	11.145	13	0.14778
H	P	339	1.1397	1	-0.089056
H	P	445	0.20445	32	3.8316
H	P	505	4.2885	0	-2.2594
H	P	519	11.35	9	-0.22102
H	P	625	11.35	2	-1.556
H	P	655	5.4629	7	0.22935
H	P	954	5.7681	0	-2.5286
H	P	1048	11.35	0	-3.1655
H	P	1058	11.35	0	-3.1655
H	P	1064	11.35	0	-3.1655
H	P	1083	11.35	0	-3.1655
H	P	1088	11.35	0	-3.1655
H	P	1101	11.35	0	-3.1655
H	P	1118	0.58882	0	-0.77824
H	P	1159	11.35	6	-0.60051
H	P	1271	11.35	1	-2.0669
H	Q	49	28.747	12	-0.85004
H	Q	52	0.28759	1	0.64424
H	Q	66	28.747	29	0.0086238
H	Q	69	19.119	14	-0.30234
H	Q	146	60.327	418	1.9286
H	Q	207	65.35	24	-0.98871
H	Q	245	28.005	2	-2.4338
H	Q	339	3.0441	3	-0.012533
H	Q	445	0.74168	0	-0.90961
H	Q	505	26.727	1	-2.8987
H	Q	519	28.747	48	0.5058
H	Q	625	28.747	38	0.27489
H	Q	655	12.016	3	-1.2742
H	Q	681	12.941	3	-1.3455
H	Q	954	5.4954	0	-2.4841
H	Q	1048	28.747	1	-2.9703
H	Q	1058	28.747	7	-1.3609
H	Q	1064	28.747	0	-4.0689
H	Q	1083	28.747	35	0.19377
H	Q	1088	65.35	9	-1.9361
H	Q	1101	65.35	157	0.87204
H	Q	1118	4.099	3	-0.27308
H	Q	1159	28.747	2	-2.4595
H	Q	1271	28.747	0	-4.0689
H	R	49	89.169	12	-1.9704
H	R	52	1.575	2	0.18633
H	R	66	89.169	216	0.88147
H	R	69	63.94	25	-0.92705
H	R	146	81.302	53	-0.42462
H	R	207	89.169	51	-0.55454
H	R	245	87.145	123	0.34295
H	R	445	2.0239	5	0.77894
H	R	505	34.449	0	-4.247
H	R	519	89.169	13	-1.8934
H	R	625	89.169	146	0.49091
H	R	655	40.884	35	-0.15335
H	R	681	37.374	217	1.7479
H	R	954	47.13	17	-1.0013
H	R	1048	89.169	0	-5.1893
H	R	1058	89.169	36	-0.89881
H	R	1064	89.169	2	-3.5798
H	R	1083	89.169	28	-1.1462
H	R	1088	89.169	39	-0.81982
H	R	1101	89.169	48	-0.61456
H	R	1118	4.9491	0	-2.3886
H	R	1159	89.169	130	0.37525
H	R	1271	89.169	4	-2.992
H	Y	49	696.89	1647	0.85966
H	Y	52	10.907	17	0.42797
H	Y	66	696.89	99	-1.9472
H	Y	69	490.21	815	0.50794
H	Y	146	644.17	1126	0.55813
H	Y	207	696.89	88	-2.0643
H	Y	245	678.39	1689	0.91173
H	Y	339	74.719	64	-0.15374
H	Y	445	18.505	19	0.025712
H	Y	519	696.89	78	-2.1843
H	Y	625	696.89	212	-1.1884
H	Y	655	315.65	1055	1.2056
H	Y	681	294.13	195	-0.41017
H	Y	954	372.37	163	-0.82441
H	Y	1048	696.89	11	-4.105
H	Y	1058	696.89	695	-0.0027204
H	Y	1064	696.89	0	-7.2405
H	Y	1083	696.89	324	-0.76507
H	Y	1088	696.89	110	-1.8423
H	Y	1101	696.89	1270	0.59981
H	Y	1118	46.415	46	-0.0088851
H	Y	1159	696.89	154	-1.5072
H	Y	1271	696.89	61	-2.4283
I	F	13	0.18682	0	-0.31746
I	F	95	3.3038	2	-0.41971
I	F	105	25.461	9	-1.0053
I	F	119	25.461	1	-2.8511
I	F	128	25.461	5	-1.5519
I	F	197	25.461	3	-2.0038
I	F	210	25.142	30	0.1735
I	F	233	25.461	1	-2.8511
I	F	235	25.461	3	-2.0038
I	F	285	25.461	0	-3.9498
I	F	312	25.461	4	-1.7525
I	F	326	25.461	0	-3.9498
I	F	332	24.682	0	-3.9193
I	F	358	25.461	3	-2.0038
I	F	402	25.461	0	-3.9498
I	F	410	25.461	0	-3.9498
I	F	418	25.461	0	-3.9498
I	F	468	25.461	9	-1.0053
I	F	472	25.461	15	-0.51577
I	F	569	25.461	25	-0.017928
I	F	584	25.461	0	-3.9498
I	F	587	25.461	0	-3.9498
I	F	624	25.461	9	-1.0053
I	F	666	25.461	0	-3.9498
I	F	692	25.461	66	0.9406
I	F	693	25.461	28	0.093298
I	F	712	25.461	5	-1.5519
I	F	720	25.461	0	-3.9498
I	F	726	25.461	1	-2.8511
I	F	742	25.461	3	-2.0038
I	F	788	25.461	1	-2.8511
I	F	794	25.461	13	-0.65392
I	F	818	25.461	3	-2.0038
I	F	834	25.461	42	0.4929
I	F	844	25.461	12	-0.73088
I	F	850	25.461	21	-0.18855
I	F	870	25.461	1	-2.8511
I	F	882	25.461	4	-1.7525
I	F	909	25.461	1	-2.8511
I	F	923	25.461	3	-2.0038
I	F	931	25.461	2	-2.3403
I	F	934	25.461	3	-2.0038
I	F	973	25.461	1	-2.8511
I	F	980	25.461	0	-3.9498
I	F	993	25.461	3	-2.0038
I	F	997	25.461	0	-3.9498
I	F	1013	25.461	3	-2.0038
I	F	1018	25.461	1	-2.8511
I	F	1027	0.11551	0	-0.20784
I	F	1081	25.461	29	0.12778
I	F	1114	25.461	25	-0.017928
I	F	1115	25.461	4	-1.7525
I	F	1132	25.461	9	-1.0053
I	F	1169	25.461	70	0.99901
I	F	1172	25.461	11	-0.81426
I	F	1179	25.461	3	-2.0038
I	F	1183	25.461	1	-2.8511
I	F	1198	25.461	14	-0.58246
I	F	1216	25.461	14	-0.58246
I	F	1225	25.461	31	0.19338
I	F	1232	25.461	22	-0.14309
I	I	13	0.60084	0	-0.78922
I	I	19	9.2169	8	-0.1338
I	I	68	26.497	233	2.1575
I	I	95	14.357	16	0.10486
I	I	100	36.811	11	-1.1769
I	I	101	36.811	34	-0.078333
I	I	105	99.604	27	-1.292
I	I	119	99.604	34	-1.0653
I	I	128	99.604	40	-0.90491
I	I	197	99.604	61	-0.48717
I	I	203	36.811	38	0.031366
I	I	210	97.913	89	-0.094937
I	I	231	36.811	65	0.56276
I	I	233	99.604	79	-0.23046
I	I	235	745.42	91	-2.0983
I	I	285	99.604	210	0.74327
I	I	312	745.42	1437	0.65604
I	I	326	99.604	31	-1.1562
I	I	332	96.937	82	-0.16641
I	I	358	745.42	140	-1.6694
I	I	368	3.1588	1	-0.89168
I	I	402	99.604	28	-1.2563
I	I	410	745.42	2227	1.094
I	I	418	99.604	69	-0.36489
I	I	434	36.811	7	-1.6044
I	I	468	99.604	40	-0.90491
I	I	472	745.42	643	-0.1477
I	I	569	99.604	125	0.22609
I	I	584	99.604	87	-0.13457
I	I	587	99.604	262	0.96404
I	I	598	36.811	30	-0.20157
I	I	624	99.604	122	0.2019
I	I	651	36.811	17	-0.75709
I	I	664	36.811	3	-2.3665
I	I	666	99.604	149	0.40108
I	I	670	36.811	57	0.43249
I	I	692	745.42	2226	1.0936
I	I	693	99.604	129	0.25747
I	I	712	99.604	115	0.14306
I	I	714	36.811	8	-1.4792
I	I	716	2.0041	1	-0.51247
I	I	720	99.604	34	-1.0653
I	I	726	99.604	95	-0.047086
I	I	742	99.604	65	-0.42416
I	I	770	36.811	20	-0.59887
I	I	788	99.604	47	-0.74548
I	I	794	99.604	62	-0.47105
I	I	805	36.811	12	-1.0936
I	I	818	99.604	69	-0.36489
I	I	834	745.42	171	-1.47
I	I	844	99.604	113	0.12559
I	I	850	99.604	40	-0.90491
I	I	870	99.604	78	-0.24311
I	I	882	745.42	295	-0.92595
I	I	896	36.811	3	-2.3665
I	I	909	99.604	84	-0.16946
I	I	923	99.604	105	0.052499
I	I	931	99.604	66	-0.40901
I	I	934	99.604	280	1.0304
I	I	973	99.604	58	-0.53719
I	I	980	745.42	419	-0.57556
I	I	993	99.604	61	-0.48717
I	I	997	745.42	117	-1.8482
I	I	1013	99.604	85	-0.1577
I	I	1018	745.42	727	-0.025009
I	I	1027	0.42456	1	0.4839
I	I	1081	99.604	46	-0.76676
I	I	1114	745.42	2332	1.1401
I	I	1115	99.604	107	0.071279
I	I	1130	36.811	59	0.46668
I	I	1132	99.604	75	-0.28208
I	I	1169	745.42	378	-0.67841
I	I	1172	99.604	130	0.26516
I	I	1179	99.604	82	-0.19341
I	I	1183	99.604	146	0.38081
I	I	1198	745.42	519	-0.36176
I	I	1210	36.811	20	-0.59887
I	I	1216	99.604	79	-0.23046
I	I	1221	36.811	16	-0.81593
I	I	1225	99.604	69	-0.36489
I	I	1227	36.811	26	-0.34215
I	I	1232	99.604	77	-0.25593
I	K	19	4.541	1	-1.2121
I	K	68	10.926	26	0.84129
I	K	100	17.508	1	-2.4854
I	K	101	17.508	0	-3.584
I	K	203	17.508	4	-1.3868
I	K	231	17.508	2	-1.9745
I	K	368	1.3112	0	-1.2871
I	K	434	17.508	0	-3.584
I	K	598	17.508	0	-3.584
I	K	651	17.508	0	-3.584
I	K	664	17.508	3	-1.6381
I	K	670	17.508	0	-3.584
I	K	714	17.508	3	-1.6381
I	K	716	1.0112	0	-1.1061
I	K	770	17.508	1	-2.4854
I	K	805	17.508	2	-1.9745
I	K	896	17.508	0	-3.584
I	K	1130	17.508	0	-3.584
I	K	1210	17.508	0	-3.584
I	K	1221	17.508	0	-3.584
I	K	1227	17.508	0	-3.584
I	L	13	0.070781	0	-0.1324
I	L	19	9.2169	354	3.5968
I	L	68	26.497	41	0.42997
I	L	95	1.5267	3	0.54635
I	L	100	36.811	40	0.08201
I	L	101	36.811	18	-0.70152
I	L	105	11.35	22	0.6412
I	L	119	11.35	1	-2.0669
I	L	128	11.35	0	-3.1655
I	L	197	11.35	1	-2.0669
I	L	203	36.811	37	0.0050489
I	L	210	11.227	5	-0.75713
I	L	231	36.811	8	-1.4792
I	L	233	11.35	1	-2.0669
I	L	235	11.35	0	-3.1655
I	L	285	11.35	6	-0.60051
I	L	312	11.35	9	-0.22102
I	L	326	11.35	0	-3.1655
I	L	332	11.145	4	-0.95084
I	L	358	11.35	7	-0.45741
I	L	368	2.2731	3	0.2328
I	L	402	11.35	13	0.13037
I	L	410	11.35	6	-0.60051
I	L	418	11.35	1	-2.0669
I	L	434	36.811	18	-0.70152
I	L	468	11.35	9	-0.22102
I	L	472	11.35	20	0.54811
I	L	569	11.35	17	0.38988
I	L	584	11.35	5	-0.76757
I	L	587	11.35	1	-2.0669
I	L	598	36.811	2	-2.703
I	L	624	11.35	19	0.4981
I	L	651	36.811	3	-2.3665
I	L	664	36.811	7	-1.6044
I	L	666	11.35	5	-0.76757
I	L	670	36.811	17	-0.75709
I	L	692	11.35	14	0.20183
I	L	693	11.35	3	-1.2196
I	L	712	11.35	2	-1.556
I	L	714	36.811	31	-0.1693
I	L	716	2.0041	5	0.78681
I	L	720	11.35	1	-2.0669
I	L	726	11.35	0	-3.1655
I	L	742	11.35	0	-3.1655
I	L	770	36.811	9	-1.368
I	L	788	11.35	39	1.204
I	L	794	11.35	32	1.0089
I	L	805	36.811	52	0.34152
I	L	818	11.35	1	-2.0669
I	L	834	11.35	13	0.13037
I	L	844	11.35	2	-1.556
I	L	850	11.35	30	0.94541
I	L	870	11.35	12	0.053412
I	L	882	11.35	6	-0.60051
I	L	896	36.811	25	-0.38061
I	L	909	11.35	0	-3.1655
I	L	923	11.35	8	-0.33225
I	L	931	11.35	6	-0.60051
I	L	934	11.35	13	0.13037
I	L	973	11.35	0	-3.1655
I	L	980	11.35	0	-3.1655
I	L	993	11.35	6	-0.60051
I	L	997	11.35	2	-1.556
I	L	1013	11.35	21	0.59574
I	L	1018	11.35	3	-1.2196
I	L	1027	0.045379	0	-0.086873
I	L	1081	11.35	20	0.54811
I	L	1114	11.35	49	1.4297
I	L	1115	11.35	11	-0.029969
I	L	1130	36.811	61	0.49975
I	L	1132	11.35	6	-0.60051
I	L	1169	11.35	16	0.33104
I	L	1172	11.35	2	-1.556
I	L	1179	11.35	7	-0.45741
I	L	1183	11.35	23	0.68468
I	L	1198	11.35	8	-0.33225
I	L	1210	36.811	15	-0.87845
I	L	1216	11.35	6	-0.60051
I	L	1221	36.811	22	-0.50578
I	L	1225	11.35	24	0.72636
I	L	1227	36.811	38	0.031366
I	L	1232	11.35	19	0.4981
I	M	13	0.10037	0	-0.18294
I	M	19	23.245	5	-1.4626
I	M	68	63.94	35	-0.5962
I	M	95	1.3513	0	-1.309
I	M	100	89.169	30	-1.0784
I	M	101	89.169	26	-1.219
I	M	105	11.238	1	-2.0574
I	M	119	11.238	3	-1.2101
I	M	128	11.238	0	-3.156
I	M	197	11.238	3	-1.2101
I	M	203	89.169	67	-0.28399
I	M	210	11.106	1	-2.046
I	M	231	89.169	33	-0.98457
I	M	233	11.238	3	-1.2101
I	M	235	16.822	0	-3.5451
I	M	285	11.238	0	-3.156
I	M	312	16.822	15	-0.11113
I	M	326	11.238	0	-3.156
I	M	332	10.985	1	-2.0355
I	M	358	16.822	0	-3.5451
I	M	368	7.8667	2	-1.208
I	M	402	11.238	0	-3.156
I	M	410	16.822	1	-2.4465
I	M	418	11.238	0	-3.156
I	M	434	89.169	21	-1.4281
I	M	468	11.238	9	-0.21156
I	M	472	16.822	2	-1.9357
I	M	569	11.238	14	0.21129
I	M	584	11.238	1	-2.0574
I	M	587	11.238	0	-3.156
I	M	598	89.169	1	-4.0907
I	M	624	11.238	49	1.4391
I	M	651	89.169	4	-2.992
I	M	664	89.169	1	-4.0907
I	M	666	11.238	0	-3.156
I	M	670	89.169	111	0.2179
I	M	692	16.822	18	0.065804
I	M	693	11.238	1	-2.0574
I	M	712	11.238	0	-3.156
I	M	714	89.169	9	-2.2448
I	M	716	4.9491	2	-0.77916
I	M	720	11.238	1	-2.0574
I	M	726	11.238	2	-1.5466
I	M	742	11.238	1	-2.0574
I	M	770	89.169	18	-1.5783
I	M	788	11.238	6	-0.59105
I	M	794	11.238	0	-3.156
I	M	805	89.169	117	0.27032
I	M	818	11.238	2	-1.5466
I	M	834	16.822	6	-0.98016
I	M	844	11.238	13	0.13983
I	M	850	11.238	3	-1.2101
I	M	870	11.238	1	-2.0574
I	M	882	16.822	1	-2.4465
I	M	896	89.169	8	-2.3561
I	M	909	11.238	0	-3.156
I	M	923	11.238	3	-1.2101
I	M	931	11.238	5	-0.75811
I	M	934	11.238	14	0.21129
I	M	973	11.238	3	-1.2101
I	M	980	16.822	0	-3.5451
I	M	993	11.238	1	-2.0574
I	M	997	16.822	0	-3.5451
I	M	1013	11.238	0	-3.156
I	M	1018	16.822	9	-0.60068
I	M	1027	0.072863	0	-0.13604
I	M	1081	11.238	9	-0.21156
I	M	1114	16.822	18	0.065804
I	M	1115	11.238	0	-3.156
I	M	1130	89.169	173	0.66006
I	M	1132	11.238	11	-0.020508
I	M	1169	16.822	2	-1.9357
I	M	1172	11.238	0	-3.156
I	M	1179	11.238	1	-2.0574
I	M	1183	11.238	8	-0.32279
I	M	1198	16.822	1	-2.4465
I	M	1210	89.169	8	-2.3561
I	M	1216	11.238	18	0.45492
I	M	1221	89.169	28	-1.1462
I	M	1225	11.238	5	-0.75811
I	M	1227	89.169	38	-0.84546
I	M	1232	11.238	1	-2.0574
I	N	13	0.11345	0	-0.20449
I	N	95	3.1984	0	-2.001
I	N	105	17.508	0	-3.584
I	N	119	17.508	0	-3.584
I	N	128	17.508	0	-3.584
I	N	197	17.508	5	-1.1861
I	N	210	17.23	6	-1.0035
I	N	233	17.508	1	-2.4854
I	N	235	17.508	2	-1.9745
I	N	285	17.508	0	-3.584
I	N	312	17.508	0	-3.584
I	N	326	17.508	1	-2.4854
I	N	332	17.02	0	-3.5565
I	N	358	17.508	1	-2.4854
I	N	402	17.508	1	-2.4854
I	N	410	17.508	0	-3.584
I	N	418	17.508	1	-2.4854
I	N	468	17.508	0	-3.584
I	N	472	17.508	2	-1.9745
I	N	569	17.508	0	-3.584
I	N	584	17.508	0	-3.584
I	N	587	17.508	0	-3.584
I	N	624	17.508	0	-3.584
I	N	666	17.508	8	-0.75077
I	N	692	17.508	2	-1.9745
I	N	693	17.508	2	-1.9745
I	N	712	17.508	3	-1.6381
I	N	720	17.508	1	-2.4854
I	N	726	17.508	0	-3.584
I	N	742	17.508	1	-2.4854
I	N	788	17.508	0	-3.584
I	N	794	17.508	2	-1.9745
I	N	818	17.508	1	-2.4854
I	N	834	17.508	8	-0.75077
I	N	844	17.508	0	-3.584
I	N	850	17.508	1	-2.4854
I	N	870	17.508	0	-3.584
I	N	882	17.508	0	-3.584
I	N	909	17.508	0	-3.584
I	N	923	17.508	0	-3.584
I	N	931	17.508	0	-3.584
I	N	934	17.508	0	-3.584
I	N	973	17.508	1	-2.4854
I	N	980	17.508	0	-3.584
I	N	993	17.508	0	-3.584
I	N	997	17.508	0	-3.584
I	N	1013	17.508	0	-3.584
I	N	1018	17.508	0	-3.584
I	N	1027	0.09715	0	-0.17756
I	N	1081	17.508	0	-3.584
I	N	1114	17.508	3	-1.6381
I	N	1115	17.508	0	-3.584
I	N	1132	17.508	12	-0.36511
I	N	1169	17.508	0	-3.584
I	N	1172	17.508	4	-1.3868
I	N	1179	17.508	2	-1.9745
I	N	1183	17.508	0	-3.584
I	N	1198	17.508	0	-3.584
I	N	1216	17.508	3	-1.6381
I	N	1225	17.508	14	-0.21669
I	N	1232	17.508	1	-2.4854
I	R	19	2.5997	4	0.37278
I	R	68	8.1933	6	-0.29075
I	R	100	11.238	2	-1.5466
I	R	101	11.238	0	-3.156
I	R	203	11.238	0	-3.156
I	R	231	11.238	0	-3.156
I	R	368	0.80402	0	-0.9586
I	R	434	11.238	0	-3.156
I	R	598	11.238	0	-3.156
I	R	651	11.238	0	-3.156
I	R	664	11.238	0	-3.156
I	R	670	11.238	0	-3.156
I	R	714	11.238	0	-3.156
I	R	716	0.98083	0	-1.0857
I	R	770	11.238	0	-3.156
I	R	805	11.238	0	-3.156
I	R	896	11.238	0	-3.156
I	R	1130	11.238	0	-3.156
I	R	1210	11.238	0	-3.156
I	R	1221	11.238	0	-3.156
I	R	1227	11.238	0	-3.156
I	S	95	1.3513	3	0.63687
I	S	105	11.238	2	-1.5466
I	S	119	11.238	1	-2.0574
I	S	128	11.238	0	-3.156
I	S	197	11.238	22	0.65066
I	S	210	11.106	13	0.15119
I	S	233	11.238	2	-1.5466
I	S	235	11.238	4	-0.95878
I	S	285	11.238	3	-1.2101
I	S	312	11.238	0	-3.156
I	S	326	11.238	0	-3.156
I	S	332	10.985	0	-3.1342
I	S	358	11.238	0	-3.156
I	S	402	11.238	1	-2.0574
I	S	410	11.238	2	-1.5466
I	S	418	11.238	1	-2.0574
I	S	468	11.238	1	-2.0574
I	S	472	11.238	1	-2.0574
I	S	569	11.238	12	0.062873
I	S	584	11.238	0	-3.156
I	S	587	11.238	1	-2.0574
I	S	624	11.238	1	-2.0574
I	S	666	11.238	0	-3.156
I	S	692	11.238	1	-2.0574
I	S	693	11.238	2	-1.5466
I	S	712	11.238	1	-2.0574
I	S	720	11.238	2	-1.5466
I	S	726	11.238	2	-1.5466
I	S	742	11.238	0	-3.156
I	S	788	11.238	0	-3.156
I	S	794	11.238	2	-1.5466
I	S	818	11.238	0	-3.156
I	S	834	11.238	27	0.85133
I	S	844	11.238	13	0.13983
I	S	850	11.238	13	0.13983
I	S	870	11.238	7	-0.44795
I	S	882	11.238	1	-2.0574
I	S	909	11.238	1	-2.0574
I	S	923	11.238	0	-3.156
I	S	931	11.238	1	-2.0574
I	S	934	11.238	1	-2.0574
I	S	973	11.238	1	-2.0574
I	S	980	11.238	0	-3.156
I	S	993	11.238	0	-3.156
I	S	997	11.238	0	-3.156
I	S	1013	11.238	1	-2.0574
I	S	1018	11.238	0	-3.156
I	S	1027	0.072863	0	-0.13604
I	S	1081	11.238	0	-3.156
I	S	1114	11.238	23	0.69414
I	S	1115	11.238	1	-2.0574
I	S	1132	11.238	5	-0.75811
I	S	1169	11.238	2	-1.5466
I	S	1172	11.238	1	-2.0574
I	S	1179	11.238	0	-3.156
I	S	1183	11.238	1	-2.0574
I	S	1198	11.238	1	-2.0574
I	S	1216	11.238	34	1.0781
I	S	1225	11.238	27	0.85133
I	S	1232	11.238	12	0.062873
I	T	13	0.48739	0	-0.68046
I	T	68	56.72	438	2.0365
I	T	100	82.096	105	0.24475
I	T	101	82.096	133	0.48014
I	T	105	82.096	29	-1.0296
I	T	119	82.096	2	-3.4977
I	T	128	82.096	8	-2.2739
I	T	197	82.096	35	-0.84443
I	T	203	82.096	21	-1.3459
I	T	210	80.683	176	0.77661
I	T	231	82.096	103	0.22561
I	T	233	82.096	13	-1.8113
I	T	235	82.096	52	-0.45315
I	T	285	82.096	9	-2.1627
I	T	312	82.096	10	-2.0626
I	T	326	82.096	3	-3.1612
I	T	332	79.917	18	-1.4695
I	T	358	82.096	2	-3.4977
I	T	368	7.7352	0	-2.8016
I	T	402	82.096	6	-2.5422
I	T	410	82.096	5	-2.7092
I	T	418	82.096	4	-2.9099
I	T	434	82.096	29	-1.0296
I	T	468	82.096	40	-0.71266
I	T	472	82.096	52	-0.45315
I	T	569	82.096	26	-1.1368
I	T	584	82.096	19	-1.4435
I	T	587	82.096	0	-5.1071
I	T	598	82.096	0	-5.1071
I	T	624	82.096	20	-1.3935
I	T	651	82.096	13	-1.8113
I	T	664	82.096	0	-5.1071
I	T	666	82.096	1	-4.0085
I	T	670	82.096	26	-1.1368
I	T	692	82.096	2	-3.4977
I	T	693	82.096	4	-2.9099
I	T	712	82.096	17	-1.5518
I	T	714	82.096	2	-3.4977
I	T	720	82.096	2	-3.4977
I	T	726	82.096	71	-0.14426
I	T	742	82.096	5	-2.7092
I	T	770	82.096	6	-2.5422
I	T	788	82.096	13	-1.8113
I	T	794	82.096	79	-0.038202
I	T	805	82.096	1	-4.0085
I	T	818	82.096	4	-2.9099
I	T	834	82.096	248	1.1015
I	T	844	82.096	51	-0.47238
I	T	850	82.096	51	-0.47238
I	T	870	82.096	31	-0.96397
I	T	882	82.096	13	-1.8113
I	T	896	82.096	118	0.36095
I	T	909	82.096	0	-5.1071
I	T	923	82.096	1	-4.0085
I	T	931	82.096	2	-3.4977
I	T	934	82.096	11	-1.9716
I	T	973	82.096	2	-3.4977
I	T	980	82.096	2	-3.4977
I	T	993	82.096	3	-3.1612
I	T	997	82.096	1	-4.0085
I	T	1013	82.096	11	-1.9716
I	T	1018	82.096	27	-1.0998
I	T	1081	82.096	8	-2.2739
I	T	1114	82.096	253	1.1214
I	T	1115	82.096	37	-0.78962
I	T	1130	82.096	91	0.10238
I	T	1132	82.096	23	-1.257
I	T	1169	82.096	27	-1.0998
I	T	1172	82.096	13	-1.8113
I	T	1179	82.096	4	-2.9099
I	T	1183	82.096	0	-5.1071
I	T	1198	82.096	16	-1.6106
I	T	1210	82.096	86	0.046185
I	T	1216	82.096	189	0.83043
I	T	1221	82.096	92	0.11325
I	T	1225	82.096	78	-0.050861
I	T	1227	82.096	35	-0.84443
I	T	1232	82.096	64	-0.24729
I	V	13	0.51111	0	-0.7042
I	V	19	23.245	10	-0.816
I	V	68	63.94	46	-0.32628
I	V	95	11.204	12	0.065798
I	V	100	89.169	48	-0.61456
I	V	101	89.169	45	-0.67841
I	V	105	89.169	225	0.9222
I	V	119	89.169	75	-0.17199
I	V	128	89.169	191	0.75877
I	V	197	89.169	233	0.95706
I	V	203	89.169	44	-0.70063
I	V	210	87.891	141	0.47053
I	V	231	89.169	52	-0.53531
I	V	233	89.169	273	1.1152
I	V	235	89.169	38	-0.84546
I	V	285	89.169	35	-0.92659
I	V	312	89.169	102	0.13374
I	V	326	89.169	72	-0.21253
I	V	332	87.145	27	-1.1591
I	V	358	89.169	61	-0.37708
I	V	368	7.8667	11	0.31809
I	V	402	89.169	48	-0.61456
I	V	410	89.169	89	-0.001881
I	V	418	89.169	51	-0.55454
I	V	434	89.169	165	0.61285
I	V	468	89.169	89	-0.001881
I	V	472	89.169	58	-0.42709
I	V	569	89.169	140	0.44909
I	V	584	89.169	141	0.45618
I	V	587	89.169	14	-1.822
I	V	598	89.169	108	0.19063
I	V	624	89.169	63	-0.34508
I	V	651	89.169	117	0.27032
I	V	664	89.169	9	-2.2448
I	V	666	89.169	98	0.093937
I	V	670	89.169	306	1.2291
I	V	692	89.169	28	-1.1462
I	V	693	89.169	59	-0.41014
I	V	712	89.169	42	-0.74662
I	V	714	89.169	67	-0.28399
I	V	716	4.9491	9	0.55584
I	V	720	89.169	26	-1.219
I	V	726	89.169	88	-0.013117
I	V	742	89.169	67	-0.28399
I	V	770	89.169	68	-0.26929
I	V	788	89.169	46	-0.65667
I	V	794	89.169	80	-0.10786
I	V	805	89.169	45	-0.67841
I	V	818	89.169	510	1.7393
I	V	834	89.169	262	1.0741
I	V	844	89.169	187	0.73766
I	V	850	89.169	104	0.15307
I	V	870	89.169	138	0.43475
I	V	882	89.169	31	-1.0461
I	V	896	89.169	33	-0.98457
I	V	909	89.169	289	1.172
I	V	923	89.169	29	-1.1117
I	V	931	89.169	87	-0.024481
I	V	934	89.169	155	0.55053
I	V	973	89.169	2	-3.5798
I	V	980	89.169	3	-3.2434
I	V	993	89.169	25	-1.2574
I	V	997	89.169	90	0.0092302
I	V	1013	89.169	5	-2.7914
I	V	1018	89.169	64	-0.32945
I	V	1027	0.40182	0	-0.58981
I	V	1081	89.169	261	1.0703
I	V	1114	89.169	139	0.44194
I	V	1115	89.169	135	0.41285
I	V	1130	89.169	52	-0.53531
I	V	1132	89.169	97	0.083733
I	V	1169	89.169	124	0.32819
I	V	1172	89.169	79	-0.12036
I	V	1179	89.169	74	-0.18532
I	V	1183	89.169	118	0.27879
I	V	1198	89.169	93	0.041842
I	V	1210	89.169	104	0.15307
I	V	1216	89.169	135	0.41285
I	V	1221	89.169	140	0.44909
I	V	1225	89.169	156	0.55694
I	V	1227	89.169	69	-0.25479
I	V	1232	89.169	72	-0.21253
K	*	41	25.461	0	-3.9498
K	*	77	25.461	1	-2.8511
K	*	97	25.461	0	-3.9498
K	*	113	25.461	0	-3.9498
K	*	129	25.461	2	-2.3403
K	*	147	25.142	1	-2.8388
K	*	150	25.461	1	-2.8511
K	*	182	25.461	0	-3.9498
K	*	187	25.461	0	-3.9498
K	*	195	25.461	1	-2.8511
K	*	202	25.461	1	-2.8511
K	*	206	25.461	0	-3.9498
K	*	278	25.461	0	-3.9498
K	*	300	25.461	1	-2.8511
K	*	304	25.461	0	-3.9498
K	*	310	25.461	0	-3.9498
K	*	356	24.682	0	-3.9193
K	*	378	25.461	0	-3.9498
K	*	386	25.461	0	-3.9498
K	*	403	0.77908	0	-0.93929
K	*	417	11.864	0	-3.208
K	*	424	25.461	0	-3.9498
K	*	440	6.6277	1	-1.5585
K	*	444	24.424	0	-3.909
K	*	458	25.461	1	-2.8511
K	*	460	4.0895	0	-2.2169
K	*	462	25.461	1	-2.8511
K	*	478	17.784	0	-3.5992
K	*	481	0.77908	0	-0.93929
K	*	484	0.89459	0	-1.0257
K	*	528	25.461	0	-3.9498
K	*	529	25.461	0	-3.9498
K	*	535	25.461	2	-2.3403
K	*	537	25.461	0	-3.9498
K	*	547	3.3038	0	-2.0291
K	*	554	0.77908	0	-0.93929
K	*	557	25.461	0	-3.9498
K	*	558	25.461	0	-3.9498
K	*	679	9.7589	0	-3.0213
K	*	733	25.461	1	-2.8511
K	*	764	10.178	1	-1.9627
K	*	776	25.461	0	-3.9498
K	*	786	25.461	0	-3.9498
K	*	790	25.461	0	-3.9498
K	*	795	25.461	5	-1.5519
K	*	811	25.461	0	-3.9498
K	*	814	25.461	0	-3.9498
K	*	825	25.461	0	-3.9498
K	*	835	25.461	0	-3.9498
K	*	854	25.461	0	-3.9498
K	*	856	3.3038	0	-2.0291
K	*	921	25.461	0	-3.9498
K	*	933	25.461	1	-2.8511
K	*	947	25.461	0	-3.9498
K	*	964	25.461	0	-3.9498
K	*	969	13.309	0	-3.3185
K	*	986	25.461	0	-3.9498
K	*	1028	25.461	1	-2.8511
K	*	1038	25.461	0	-3.9498
K	*	1045	25.461	0	-3.9498
K	*	1073	25.461	0	-3.9498
K	*	1086	25.461	0	-3.9498
K	*	1149	25.461	0	-3.9498
K	*	1154	25.461	1	-2.8511
K	*	1157	25.461	0	-3.9498
K	*	1181	25.461	0	-3.9498
K	*	1191	25.461	0	-3.9498
K	*	1205	25.461	1	-2.8511
K	*	1211	25.461	0	-3.9498
K	*	1245	25.461	1	-2.8511
K	*	1255	25.461	1	-2.8511
K	*	1266	25.461	2	-2.3403
K	*	1269	25.461	4	-1.7525
K	E	41	89.169	17	-1.6339
K	E	77	89.169	27	-1.1819
K	E	97	89.169	60	-0.39348
K	E	113	89.169	5	-2.7914
K	E	129	89.169	2	-3.5798
K	E	147	87.891	338	1.3428
K	E	150	89.169	151	0.52447
K	E	182	89.169	217	0.88608
K	E	187	89.169	53	-0.51644
K	E	195	89.169	0	-5.1893
K	E	202	89.169	2	-3.5798
K	E	206	89.169	4	-2.992
K	E	278	89.169	30	-1.0784
K	E	300	89.169	1	-4.0907
K	E	304	89.169	11	-2.0538
K	E	310	89.169	3	-3.2434
K	E	356	87.145	26	-1.1961
K	E	378	89.169	4	-2.992
K	E	386	89.169	0	-5.1893
K	E	403	2.0239	2	-0.0095146
K	E	417	40.884	16	-0.91953
K	E	424	89.169	0	-5.1893
K	E	440	23.998	0	-3.8917
K	E	444	85.588	25	-1.2167
K	E	458	89.169	9	-2.2448
K	E	460	13.471	0	-3.3302
K	E	462	89.169	19	-1.5257
K	E	478	62.774	116	0.61042
K	E	481	2.0239	5	0.77894
K	E	528	89.169	8	-2.3561
K	E	529	89.169	23	-1.3391
K	E	535	89.169	3	-3.2434
K	E	537	89.169	8	-2.3561
K	E	547	11.204	0	-3.1531
K	E	557	89.169	0	-5.1893
K	E	558	89.169	15	-1.7553
K	E	679	34.449	2	-2.6376
K	E	733	89.169	4	-2.992
K	E	764	36.679	1	-3.2103
K	E	776	89.169	7	-2.4812
K	E	786	89.169	18	-1.5783
K	E	790	89.169	13	-1.8934
K	E	795	89.169	13	-1.8934
K	E	811	89.169	8	-2.3561
K	E	814	89.169	26	-1.219
K	E	825	89.169	15	-1.7553
K	E	835	89.169	26	-1.219
K	E	854	89.169	18	-1.5783
K	E	856	11.204	0	-3.1531
K	E	921	89.169	10	-2.1447
K	E	933	89.169	14	-1.822
K	E	947	89.169	14	-1.822
K	E	964	89.169	12	-1.9704
K	E	969	47.13	1	-3.458
K	E	986	89.169	5	-2.7914
K	E	1028	89.169	1	-4.0907
K	E	1038	89.169	6	-2.6243
K	E	1045	89.169	29	-1.1117
K	E	1073	89.169	48	-0.61456
K	E	1086	89.169	19	-1.5257
K	E	1149	89.169	3	-3.2434
K	E	1154	89.169	30	-1.0784
K	E	1157	89.169	20	-1.4757
K	E	1181	89.169	27	-1.1819
K	E	1191	89.169	24	-1.2974
K	E	1205	89.169	21	-1.4281
K	E	1211	89.169	0	-5.1893
K	E	1245	89.169	19	-1.5257
K	E	1255	89.169	14	-1.822
K	E	1266	89.169	24	-1.2974
K	E	1269	89.169	3	-3.2434
K	I	41	25.461	11	-0.81426
K	I	129	25.461	1	-2.8511
K	I	147	25.142	186	1.9842
K	I	150	25.461	61	0.86243
K	I	182	25.461	70	0.99901
K	I	187	25.461	27	0.05758
K	I	202	25.461	0	-3.9498
K	I	278	25.461	3	-2.0038
K	I	304	25.461	4	-1.7525
K	I	310	25.461	0	-3.9498
K	I	386	25.461	0	-3.9498
K	I	403	0.77908	0	-0.93929
K	I	424	25.461	0	-3.9498
K	I	460	1.6696	1	-0.36905
K	I	462	25.461	11	-0.81426
K	I	478	17.784	180	2.2897
K	I	481	0.77908	0	-0.93929
K	I	484	0.89459	0	-1.0257
K	I	528	25.461	13	-0.65392
K	I	535	25.461	5	-1.5519
K	I	537	25.461	5	-1.5519
K	I	547	3.3038	0	-2.0291
K	I	557	25.461	6	-1.3848
K	I	764	10.178	1	-1.9627
K	I	776	25.461	1	-2.8511
K	I	786	25.461	3	-2.0038
K	I	790	25.461	7	-1.2417
K	I	795	25.461	25	-0.017928
K	I	811	25.461	24	-0.057933
K	I	825	25.461	4	-1.7525
K	I	835	25.461	18	-0.33884
K	I	856	3.3038	1	-0.93054
K	I	921	25.461	8	-1.1165
K	I	933	25.461	5	-1.5519
K	I	947	25.461	20	-0.23618
K	I	964	25.461	13	-0.65392
K	I	969	13.309	0	-3.3185
K	I	986	25.461	10	-0.90523
K	I	1028	25.461	4	-1.7525
K	I	1038	25.461	3	-2.0038
K	I	1086	25.461	11	-0.81426
K	I	1154	25.461	18	-0.33884
K	I	1181	25.461	28	0.093298
K	I	1211	25.461	0	-3.9498
K	I	1255	25.461	4	-1.7525
K	I	1266	25.461	3	-2.0038
K	I	1269	25.461	0	-3.9498
K	K	41	89.169	87	-0.024481
K	K	77	192.69	158	-0.19794
K	K	97	192.69	63	-1.1127
K	K	113	192.69	269	0.33287
K	K	129	89.169	46	-0.65667
K	K	147	87.891	28	-1.1319
K	K	150	89.169	72	-0.21253
K	K	182	89.169	120	0.29553
K	K	187	89.169	29	-1.1117
K	K	195	192.69	23	-2.1067
K	K	202	89.169	27	-1.1819
K	K	206	192.69	197	0.022039
K	K	278	89.169	73	-0.19883
K	K	300	192.69	37	-1.6394
K	K	304	89.169	144	0.47716
K	K	310	89.169	129	0.36756
K	K	356	187.85	97	-0.65842
K	K	378	192.69	34	-1.7227
K	K	386	89.169	62	-0.36095
K	K	403	2.0239	2	-0.0095146
K	K	417	82.229	25	-1.1769
K	K	424	89.169	51	-0.55454
K	K	440	52.172	0	-4.6572
K	K	444	183.81	152	-0.18946
K	K	458	192.69	88	-0.7807
K	K	460	24.08	39	0.47435
K	K	462	89.169	34	-0.95516
K	K	478	62.774	23	-0.99047
K	K	481	2.0239	13	1.6769
K	K	484	2.4257	2	-0.15725
K	K	528	89.169	41	-0.77043
K	K	529	192.69	75	-0.93957
K	K	535	89.169	44	-0.70063
K	K	537	89.169	73	-0.19883
K	K	547	11.204	12	0.065798
K	K	554	4.8498	2	-0.76077
K	K	557	89.169	47	-0.63539
K	K	558	192.69	187	-0.02992
K	K	679	75.589	47	-0.47117
K	K	733	192.69	140	-0.31849
K	K	764	36.679	0	-4.3089
K	K	776	89.169	25	-1.2574
K	K	786	89.169	65	-0.31407
K	K	790	89.169	43	-0.72336
K	K	795	89.169	93	0.041842
K	K	811	89.169	66	-0.29892
K	K	814	192.69	79	-0.88794
K	K	825	89.169	93	0.041842
K	K	835	89.169	63	-0.34508
K	K	854	192.69	128	-0.40777
K	K	856	11.204	16	0.34343
K	K	921	89.169	125	0.33619
K	K	933	89.169	42	-0.74662
K	K	947	89.169	32	-1.0149
K	K	964	89.169	28	-1.1462
K	K	969	47.13	26	-0.58632
K	K	986	89.169	59	-0.41014
K	K	1028	89.169	39	-0.81982
K	K	1038	89.169	50	-0.57415
K	K	1045	192.69	126	-0.42346
K	K	1073	192.69	216	0.11389
K	K	1086	89.169	71	-0.22642
K	K	1149	192.69	270	0.33657
K	K	1154	89.169	79	-0.12036
K	K	1157	192.69	53	-1.284
K	K	1181	89.169	70	-0.24051
K	K	1191	192.69	60	-1.1611
K	K	1205	192.69	44	-1.4682
K	K	1211	89.169	114	0.24446
K	K	1245	192.69	179	-0.073524
K	K	1255	89.169	140	0.44909
K	K	1266	89.169	50	-0.57415
K	K	1269	89.169	87	-0.024481
K	M	77	25.461	13	-0.65392
K	M	97	25.461	11	-0.81426
K	M	113	25.461	9	-1.0053
K	M	195	25.461	1	-2.8511
K	M	206	25.461	4	-1.7525
K	M	300	25.461	10	-0.90523
K	M	356	24.682	24	-0.027464
K	M	378	25.461	7	-1.2417
K	M	417	11.864	5	-0.81007
K	M	440	6.6277	0	-2.6571
K	M	444	24.424	148	1.7848
K	M	458	25.461	9	-1.0053
K	M	460	2.42	1	-0.6661
K	M	529	25.461	13	-0.65392
K	M	554	0.77908	0	-0.93929
K	M	558	25.461	30	0.16112
K	M	679	9.7589	22	0.78537
K	M	733	25.461	0	-3.9498
K	M	814	25.461	11	-0.81426
K	M	854	25.461	2	-2.3403
K	M	1045	25.461	12	-0.73088
K	M	1073	25.461	35	0.31293
K	M	1149	25.461	33	0.25494
K	M	1157	25.461	13	-0.65392
K	M	1191	25.461	11	-0.81426
K	M	1205	25.461	10	-0.90523
K	M	1245	25.461	19	-0.28619
K	N	41	36.811	31	-0.1693
K	N	77	414.72	281	-0.38867
K	N	97	414.72	222	-0.62387
K	N	113	414.72	45	-2.2111
K	N	129	36.811	9	-1.368
K	N	147	36.369	308	2.1244
K	N	150	36.811	181	1.582
K	N	182	36.811	155	1.4274
K	N	187	36.811	28	-0.26939
K	N	195	414.72	19	-3.0584
K	N	202	36.811	13	-1.0166
K	N	206	414.72	7	-4.0139
K	N	278	36.811	22	-0.50578
K	N	300	414.72	0	-6.7219
K	N	304	36.811	42	0.13021
K	N	310	36.811	0	-4.3124
K	N	356	407.65	85	-1.5631
K	N	378	414.72	72	-1.7452
K	N	386	36.811	0	-4.3124
K	N	403	0.98353	0	-1.0876
K	N	417	253.54	264	0.040354
K	N	424	36.811	6	-1.7475
K	N	440	5.8248	0	-2.5376
K	N	444	404.84	1001	0.90453
K	N	458	414.72	94	-1.4802
K	N	460	2.4102	0	-1.7614
K	N	462	36.811	3	-2.3665
K	N	478	25.907	39	0.40267
K	N	481	0.20445	2	1.2666
K	N	484	1.1444	1	-0.091922
K	N	528	36.811	3	-2.3665
K	N	529	414.72	186	-0.80037
K	N	535	36.811	0	-4.3124
K	N	537	36.811	6	-1.7475
K	N	547	4.8305	0	-2.3666
K	N	554	7.0623	7	-0.0082724
K	N	557	36.811	3	-2.3665
K	N	558	414.72	547	0.27656
K	N	679	8.0785	26	1.1279
K	N	733	414.72	2	-5.1125
K	N	764	10.178	0	-3.0613
K	N	776	36.811	1	-3.2138
K	N	786	36.811	15	-0.87845
K	N	790	36.811	42	0.13021
K	N	795	36.811	50	0.30268
K	N	811	36.811	19	-0.64888
K	N	814	414.72	16	-3.2254
K	N	825	36.811	0	-4.3124
K	N	835	36.811	13	-1.0166
K	N	854	414.72	439	0.056837
K	N	856	3.3038	0	-2.0291
K	N	921	36.811	15	-0.87845
K	N	933	36.811	9	-1.368
K	N	947	36.811	6	-1.7475
K	N	964	36.811	11	-1.1769
K	N	969	5.7681	7	0.17943
K	N	986	36.811	26	-0.34215
K	N	1028	36.811	1	-3.2138
K	N	1038	36.811	10	-1.2679
K	N	1045	414.72	190	-0.77915
K	N	1073	414.72	735	0.57175
K	N	1086	36.811	24	-0.42062
K	N	1149	414.72	45	-2.2111
K	N	1154	36.811	28	-0.26939
K	N	1157	414.72	104	-1.3796
K	N	1181	36.811	65	0.56276
K	N	1191	414.72	955	0.83343
K	N	1205	414.72	348	-0.17516
K	N	1211	36.811	6	-1.7475
K	N	1245	414.72	196	-0.74814
K	N	1255	36.811	43	0.15347
K	N	1266	36.811	39	0.057009
K	N	1269	36.811	1	-3.2138
K	Q	41	11.35	2	-1.556
K	Q	77	11.35	5	-0.76757
K	Q	97	11.35	36	1.125
K	Q	113	11.35	10	-0.12094
K	Q	129	11.35	0	-3.1655
K	Q	147	11.227	23	0.69512
K	Q	150	11.35	7	-0.45741
K	Q	182	11.35	55	1.5441
K	Q	187	11.35	9	-0.22102
K	Q	195	11.35	0	-3.1655
K	Q	202	11.35	3	-1.2196
K	Q	206	11.35	2	-1.556
K	Q	278	11.35	12	0.053412
K	Q	300	11.35	9	-0.22102
K	Q	304	11.35	26	0.80483
K	Q	310	11.35	0	-3.1655
K	Q	356	11.145	21	0.61314
K	Q	378	11.35	2	-1.556
K	Q	386	11.35	0	-3.1655
K	Q	403	0.20445	1	0.7558
K	Q	417	5.4629	0	-2.4787
K	Q	424	11.35	0	-3.1655
K	Q	440	2.8353	0	-1.8977
K	Q	444	10.992	18	0.47609
K	Q	458	11.35	10	-0.12094
K	Q	460	1.4478	0	-1.3598
K	Q	462	11.35	16	0.33104
K	Q	478	8.1234	27	1.1597
K	Q	481	0.20445	1	0.7558
K	Q	484	0.24983	0	-0.40524
K	Q	528	11.35	4	-0.96824
K	Q	529	11.35	9	-0.22102
K	Q	535	11.35	1	-2.0669
K	Q	537	11.35	1	-2.0669
K	Q	547	1.5267	0	-1.3996
K	Q	554	0.20445	0	-0.34281
K	Q	557	11.35	0	-3.1655
K	Q	558	11.35	12	0.053412
K	Q	679	4.2885	1	-1.1608
K	Q	733	11.35	1	-2.0669
K	Q	764	4.3149	5	0.13304
K	Q	776	11.35	2	-1.556
K	Q	786	11.35	8	-0.33225
K	Q	790	11.35	6	-0.60051
K	Q	795	11.35	7	-0.45741
K	Q	811	11.35	9	-0.22102
K	Q	814	11.35	13	0.13037
K	Q	825	11.35	1	-2.0669
K	Q	835	11.35	4	-0.96824
K	Q	854	11.35	3	-1.2196
K	Q	856	1.5267	0	-1.3996
K	Q	921	11.35	10	-0.12094
K	Q	933	11.35	4	-0.96824
K	Q	947	11.35	2	-1.556
K	Q	964	11.35	1	-2.0669
K	Q	969	5.7681	0	-2.5286
K	Q	986	11.35	9	-0.22102
K	Q	1028	11.35	0	-3.1655
K	Q	1038	11.35	5	-0.76757
K	Q	1045	11.35	9	-0.22102
K	Q	1073	11.35	14	0.20183
K	Q	1086	11.35	14	0.20183
K	Q	1149	11.35	7	-0.45741
K	Q	1154	11.35	1	-2.0669
K	Q	1157	11.35	2	-1.556
K	Q	1181	11.35	18	0.44545
K	Q	1191	11.35	15	0.26852
K	Q	1205	11.35	12	0.053412
K	Q	1211	11.35	2	-1.556
K	Q	1245	11.35	3	-1.2196
K	Q	1255	11.35	7	-0.45741
K	Q	1266	11.35	8	-0.33225
K	Q	1269	11.35	1	-2.0669
K	R	41	89.169	36	-0.89881
K	R	77	89.169	87	-0.024481
K	R	97	89.169	62	-0.36095
K	R	113	89.169	62	-0.36095
K	R	129	89.169	23	-1.3391
K	R	147	87.891	90	0.023583
K	R	150	89.169	86	-0.035975
K	R	182	89.169	138	0.43475
K	R	187	89.169	19	-1.5257
K	R	195	89.169	3	-3.2434
K	R	202	89.169	21	-1.4281
K	R	206	89.169	36	-0.89881
K	R	278	89.169	26	-1.219
K	R	300	89.169	29	-1.1117
K	R	304	89.169	31	-1.0461
K	R	310	89.169	42	-0.74662
K	R	356	87.145	184	0.74436
K	R	378	89.169	21	-1.4281
K	R	386	89.169	5	-2.7914
K	R	417	40.884	30	-0.30516
K	R	424	89.169	8	-2.3561
K	R	440	23.998	33	0.31294
K	R	444	85.588	795	2.2236
K	R	458	89.169	28	-1.1462
K	R	460	13.471	7	-0.62211
K	R	462	89.169	22	-1.3826
K	R	478	62.774	574	2.206
K	R	481	2.0239	26	2.3513
K	R	484	2.4257	6	0.79826
K	R	528	89.169	27	-1.1819
K	R	529	89.169	46	-0.65667
K	R	535	89.169	11	-2.0538
K	R	537	89.169	15	-1.7553
K	R	547	11.204	5	-0.75518
K	R	554	2.0239	3	0.32696
K	R	557	89.169	5	-2.7914
K	R	558	89.169	53	-0.51644
K	R	679	34.449	78	0.8092
K	R	733	89.169	6	-2.6243
K	R	764	36.679	23	-0.45874
K	R	776	89.169	23	-1.3391
K	R	786	89.169	44	-0.70063
K	R	790	89.169	28	-1.1462
K	R	795	89.169	46	-0.65667
K	R	811	89.169	54	-0.49792
K	R	814	89.169	66	-0.29892
K	R	825	89.169	47	-0.63539
K	R	835	89.169	58	-0.42709
K	R	854	89.169	56	-0.46188
K	R	856	11.204	0	-3.1531
K	R	921	89.169	13	-1.8934
K	R	933	89.169	30	-1.0784
K	R	947	89.169	42	-0.74662
K	R	964	89.169	41	-0.77043
K	R	969	47.13	18	-0.94569
K	R	986	89.169	45	-0.67841
K	R	1028	89.169	3	-3.2434
K	R	1038	89.169	37	-0.87178
K	R	1045	89.169	160	0.58217
K	R	1073	89.169	81	-0.095517
K	R	1086	89.169	66	-0.29892
K	R	1149	89.169	106	0.17203
K	R	1154	89.169	34	-0.95516
K	R	1157	89.169	34	-0.95516
K	R	1181	89.169	73	-0.19883
K	R	1191	89.169	39	-0.81982
K	R	1205	89.169	62	-0.36095
K	R	1211	89.169	17	-1.6339
K	R	1245	89.169	139	0.44194
K	R	1255	89.169	26	-1.219
K	R	1266	89.169	332	1.3105
K	R	1269	89.169	1	-4.0907
K	T	41	11.35	3	-1.2196
K	T	77	11.35	63	1.6787
K	T	97	11.35	47	1.3884
K	T	113	11.35	24	0.72636
K	T	129	11.35	1	-2.0669
K	T	147	11.227	40	1.2394
K	T	150	11.35	34	1.0686
K	T	182	11.35	66	1.7249
K	T	187	11.35	20	0.54811
K	T	195	11.35	1	-2.0669
K	T	202	11.35	6	-0.60051
K	T	206	11.35	5	-0.76757
K	T	278	11.35	2	-1.556
K	T	300	11.35	0	-3.1655
K	T	304	11.35	9	-0.22102
K	T	310	11.35	0	-3.1655
K	T	356	11.145	329	3.3427
K	T	378	11.35	1	-2.0669
K	T	386	11.35	0	-3.1655
K	T	403	0.20445	0	-0.34281
K	T	417	5.4629	31	1.6644
K	T	424	11.35	0	-3.1655
K	T	440	2.8353	0	-1.8977
K	T	444	10.992	207	2.8935
K	T	458	11.35	11	-0.029969
K	T	460	1.4478	1	-0.26123
K	T	462	11.35	5	-0.76757
K	T	481	0.20445	1	0.7558
K	T	484	0.24983	10	2.6393
K	T	528	11.35	5	-0.76757
K	T	529	11.35	15	0.26852
K	T	535	11.35	3	-1.2196
K	T	537	11.35	7	-0.45741
K	T	554	0.20445	1	0.7558
K	T	557	11.35	0	-3.1655
K	T	558	11.35	5	-0.76757
K	T	679	4.2885	7	0.44868
K	T	733	11.35	0	-3.1655
K	T	764	4.3149	6	0.30009
K	T	776	11.35	9	-0.22102
K	T	786	11.35	11	-0.029969
K	T	790	11.35	12	0.053412
K	T	795	11.35	14	0.20183
K	T	811	11.35	14	0.20183
K	T	814	11.35	28	0.87759
K	T	825	11.35	2	-1.556
K	T	835	11.35	10	-0.12094
K	T	854	11.35	15	0.26852
K	T	856	1.5267	0	-1.3996
K	T	921	11.35	0	-3.1655
K	T	933	11.35	2	-1.556
K	T	947	11.35	16	0.33104
K	T	964	11.35	6	-0.60051
K	T	969	5.7681	4	-0.33139
K	T	986	11.35	4	-0.96824
K	T	1028	11.35	0	-3.1655
K	T	1038	11.35	10	-0.12094
K	T	1045	11.35	15	0.26852
K	T	1073	11.35	138	2.4586
K	T	1086	11.35	6	-0.60051
K	T	1149	11.35	0	-3.1655
K	T	1154	11.35	7	-0.45741
K	T	1157	11.35	19	0.4981
K	T	1181	11.35	16	0.33104
K	T	1191	11.35	22	0.6412
K	T	1205	11.35	16	0.33104
K	T	1211	11.35	1	-2.0669
K	T	1245	11.35	9	-0.22102
K	T	1255	11.35	10	-0.12094
K	T	1266	11.35	8	-0.33225
K	T	1269	11.35	2	-1.556
L	*	7	28.747	0	-4.0689
L	*	8	17.508	0	-3.584
L	*	24	28.747	0	-4.0689
L	*	48	28.747	0	-4.0689
L	*	50	0.74168	0	-0.90961
L	*	54	17.508	0	-3.584
L	*	56	28.747	0	-4.0689
L	*	110	28.747	0	-4.0689
L	*	141	17.508	4	-1.3868
L	*	157	0.18727	0	-0.31812
L	*	212	24.197	1	-2.8012
L	*	223	28.747	2	-2.4595
L	*	226	17.508	1	-2.4854
L	*	229	17.508	0	-3.584
L	*	241	28.747	1	-2.9703
L	*	244	28.747	0	-4.0689
L	*	249	17.508	0	-3.584
L	*	277	28.747	0	-4.0689
L	*	303	17.508	0	-3.584
L	*	335	17.508	0	-3.584
L	*	387	28.747	0	-4.0689
L	*	425	28.747	0	-4.0689
L	*	455	17.02	0	-3.5565
L	*	456	0.4534	0	-0.64543
L	*	492	28.747	0	-4.0689
L	*	533	17.508	0	-3.584
L	*	546	28.747	0	-4.0689
L	*	650	28.747	0	-4.0689
L	*	704	0.56788	0	-0.75882
L	*	753	17.508	1	-2.4854
L	*	754	17.508	1	-2.4854
L	*	763	28.747	0	-4.0689
L	*	767	28.747	0	-4.0689
L	*	806	28.747	0	-4.0689
L	*	861	17.508	0	-3.584
L	*	864	17.508	0	-3.584
L	*	878	28.747	0	-4.0689
L	*	894	28.747	0	-4.0689
L	*	922	17.508	0	-3.584
L	*	959	28.747	0	-4.0689
L	*	977	28.747	0	-4.0689
L	*	996	17.508	0	-3.584
L	*	1004	17.508	0	-3.584
L	*	1012	28.747	0	-4.0689
L	*	1063	17.508	0	-3.584
L	*	1141	17.508	0	-3.584
L	*	1145	28.747	0	-4.0689
L	*	1152	28.747	0	-4.0689
L	*	1166	28.747	0	-4.0689
L	*	1193	28.747	0	-4.0689
L	*	1224	17.508	0	-3.584
L	*	1270	28.747	0	-4.0689
L	F	7	36.811	28	-0.26939
L	F	8	414.72	348	-0.17516
L	F	18	692.89	2111	1.1136
L	F	24	36.811	27	-0.30511
L	F	48	36.811	5	-1.9145
L	F	50	0.98353	0	-1.0876
L	F	54	414.72	1338	1.1705
L	F	56	36.811	3	-2.3665
L	F	110	36.811	29	-0.2349
L	F	118	696.89	512	-0.30805
L	F	141	414.72	353	-0.16092
L	F	157	0.14686	0	-0.25752
L	F	176	696.89	1642	0.85662
L	F	179	696.89	224	-1.1335
L	F	189	696.89	196	-1.2667
L	F	212	31.981	13	-0.87795
L	F	216	589.14	858	0.37567
L	F	223	36.811	6	-1.7475
L	F	226	414.72	49	-2.1268
L	F	229	414.72	181	-0.82755
L	F	241	36.811	5	-1.9145
L	F	242	696.89	252	-1.0159
L	F	244	36.811	23	-0.46229
L	F	249	414.72	137	-1.1052
L	F	270	696.89	6	-4.6755
L	F	277	36.811	17	-0.75709
L	F	293	696.89	106	-1.8792
L	F	296	696.89	5	-4.8426
L	F	303	414.72	292	-0.35034
L	F	335	414.72	246	-0.52144
L	F	387	36.811	0	-4.3124
L	F	390	696.89	65	-2.3653
L	F	425	36.811	2	-2.703
L	F	441	696.89	167	-1.4264
L	F	455	407.65	1062	0.95673
L	F	456	0.18144	0	-0.3096
L	F	461	696.89	3	-5.2946
L	F	492	36.811	3	-2.3665
L	F	513	696.89	213	-1.1837
L	F	517	696.89	308	-0.81563
L	F	533	414.72	13	-3.4261
L	F	546	36.811	19	-0.64888
L	F	552	696.89	124	-1.723
L	F	582	696.89	190	-1.2977
L	F	585	696.89	181	-1.3461
L	F	611	696.89	50	-2.6254
L	F	629	696.89	25	-3.3087
L	F	650	36.811	0	-4.3124
L	F	699	696.89	28	-3.1974
L	F	704	0.61171	0	-0.79905
L	F	752	696.89	503	-0.32577
L	F	753	414.72	4	-4.5247
L	F	754	414.72	75	-1.7047
L	F	763	36.811	13	-1.0166
L	F	767	36.811	0	-4.3124
L	F	806	36.811	4	-2.1152
L	F	822	696.89	854	0.20317
L	F	828	696.89	45	-2.7296
L	F	841	696.89	89	-2.0531
L	F	849	696.89	166	-1.4324
L	F	858	696.89	133	-1.6532
L	F	861	414.72	4	-4.5247
L	F	864	414.72	28	-2.6789
L	F	865	696.89	85	-2.0988
L	F	878	36.811	1	-3.2138
L	F	894	36.811	1	-3.2138
L	F	916	696.89	5	-4.8426
L	F	922	414.72	674	0.48517
L	F	938	696.89	1344	0.65643
L	F	945	696.89	62	-2.4122
L	F	948	696.89	5	-4.8426
L	F	959	36.811	5	-1.9145
L	F	962	696.89	0	-7.2405
L	F	966	696.89	3	-5.2946
L	F	977	36.811	4	-2.1152
L	F	981	607.65	71	-2.1407
L	F	984	696.89	2	-5.6311
L	F	996	414.72	0	-6.7219
L	F	1001	696.89	13	-3.9447
L	F	1004	414.72	8	-3.8887
L	F	1012	36.811	3	-2.3665
L	F	1024	696.89	66	-2.3501
L	F	1034	696.89	18	-3.6296
L	F	1049	696.89	15	-3.8065
L	F	1063	414.72	419	0.010263
L	F	1141	414.72	108	-1.3421
L	F	1143	18.505	51	0.99688
L	F	1145	36.811	15	-0.87845
L	F	1152	36.811	10	-1.2679
L	F	1166	36.811	17	-0.75709
L	F	1186	696.89	7	-4.5324
L	F	1193	36.811	4	-2.1152
L	F	1197	696.89	78	-2.1843
L	F	1200	696.89	541	-0.25301
L	F	1203	696.89	732	0.049112
L	F	1224	414.72	307	-0.30033
L	F	1234	696.89	132	-1.6608
L	F	1244	696.89	162	-1.4567
L	F	1265	696.89	260	-0.98475
L	F	1270	36.811	1	-3.2138
L	H	18	17.411	1	-2.48
L	H	118	17.508	0	-3.584
L	H	176	17.508	11	-0.44849
L	H	179	17.508	6	-1.019
L	H	189	17.508	1	-2.4854
L	H	216	13.822	2	-1.7455
L	H	242	17.508	4	-1.3868
L	H	270	17.508	0	-3.584
L	H	293	17.508	7	-0.87594
L	H	296	17.508	1	-2.4854
L	H	371	3.1984	2	-0.39161
L	H	390	17.508	0	-3.584
L	H	441	17.508	2	-1.9745
L	H	461	17.508	0	-3.584
L	H	513	17.508	0	-3.584
L	H	517	17.508	5	-1.1861
L	H	552	17.508	0	-3.584
L	H	582	17.508	5	-1.1861
L	H	585	17.508	0	-3.584
L	H	611	17.508	0	-3.584
L	H	629	17.508	0	-3.584
L	H	699	17.508	1	-2.4854
L	H	752	17.508	0	-3.584
L	H	822	17.508	1	-2.4854
L	H	828	17.508	0	-3.584
L	H	841	17.508	2	-1.9745
L	H	849	17.508	0	-3.584
L	H	858	17.508	11	-0.44849
L	H	865	17.508	0	-3.584
L	H	916	17.508	0	-3.584
L	H	938	17.508	1	-2.4854
L	H	945	17.508	0	-3.584
L	H	948	17.508	0	-3.584
L	H	962	17.508	0	-3.584
L	H	966	17.508	0	-3.584
L	H	981	14.31	1	-2.2898
L	H	984	17.508	0	-3.584
L	H	1001	17.508	0	-3.584
L	H	1024	17.508	3	-1.6381
L	H	1034	17.508	0	-3.584
L	H	1049	17.508	0	-3.584
L	H	1143	0.48805	0	-0.68113
L	H	1186	17.508	0	-3.584
L	H	1197	17.508	1	-2.4854
L	H	1200	17.508	0	-3.584
L	H	1203	17.508	0	-3.584
L	H	1234	17.508	0	-3.584
L	H	1244	17.508	7	-0.87594
L	H	1265	17.508	3	-1.6381
L	I	7	17.508	5	-1.1861
L	I	10	48.529	43	-0.11964
L	I	18	48.339	37	-0.2642
L	I	24	17.508	10	-0.53946
L	I	48	17.508	4	-1.3868
L	I	50	0.48805	0	-0.68113
L	I	56	17.508	1	-2.4854
L	I	84	48.529	365	2.0089
L	I	110	17.508	0	-3.584
L	I	117	48.529	23	-0.7354
L	I	118	48.529	54	0.1058
L	I	157	0.12828	0	-0.22838
L	I	176	48.529	40	-0.1911
L	I	179	48.529	71	0.3773
L	I	189	48.529	23	-0.7354
L	I	212	14.31	5	-0.99056
L	I	216	41.051	46	0.11253
L	I	223	17.508	3	-1.6381
L	I	241	17.508	10	-0.53946
L	I	242	48.529	28	-0.5425
L	I	244	17.508	9	-0.63955
L	I	270	48.529	14	-1.2183
L	I	276	48.529	9	-1.6411
L	I	277	17.508	2	-1.9745
L	I	293	48.529	14	-1.2183
L	I	296	48.529	32	-0.41116
L	I	368	44.035	138	1.1346
L	I	371	6.1259	25	1.3477
L	I	387	17.508	1	-2.4854
L	I	390	48.529	14	-1.2183
L	I	425	17.508	1	-2.4854
L	I	441	48.529	30	-0.47468
L	I	456	0.28759	0	-0.45437
L	I	461	48.529	47	-0.031673
L	I	492	17.508	2	-1.9745
L	I	513	48.529	24	-0.69373
L	I	517	48.529	52	0.068411
L	I	518	48.529	20	-0.87198
L	I	546	17.508	11	-0.44849
L	I	552	48.529	36	-0.29509
L	I	582	48.529	0	-4.5855
L	I	585	48.529	18	-0.97463
L	I	611	48.529	4	-2.3883
L	I	629	48.529	42	-0.1429
L	I	650	17.508	6	-1.019
L	I	699	48.529	51	0.049179
L	I	704	0.36095	0	-0.54343
L	I	727	48.529	22	-0.77889
L	I	752	48.529	21	-0.82435
L	I	763	17.508	2	-1.9745
L	I	767	17.508	1	-2.4854
L	I	806	17.508	1	-2.4854
L	I	821	48.529	69	0.34892
L	I	822	48.529	30	-0.47468
L	I	828	48.529	33	-0.38086
L	I	841	48.529	54	0.1058
L	I	849	48.529	59	0.19357
L	I	858	48.529	188	1.3467
L	I	865	48.529	7	-1.8775
L	I	878	17.508	2	-1.9745
L	I	894	17.508	0	-3.584
L	I	916	48.529	0	-4.5855
L	I	938	48.529	63	0.25864
L	I	945	48.529	15	-1.1516
L	I	948	48.529	53	0.087279
L	I	959	17.508	1	-2.4854
L	I	962	48.529	0	-4.5855
L	I	966	48.529	1	-3.4869
L	I	977	17.508	0	-3.584
L	I	981	42.403	94	0.78967
L	I	984	48.529	0	-4.5855
L	I	1001	48.529	12	-1.3667
L	I	1012	17.508	1	-2.4854
L	I	1024	48.529	37	-0.26806
L	I	1034	48.529	25	-0.65372
L	I	1049	48.529	52	0.068411
L	I	1143	1.3518	1	-0.21069
L	I	1145	17.508	1	-2.4854
L	I	1152	17.508	1	-2.4854
L	I	1166	17.508	2	-1.9745
L	I	1186	48.529	43	-0.11964
L	I	1193	17.508	0	-3.584
L	I	1197	48.529	29	-0.50801
L	I	1200	48.529	49	0.0095703
L	I	1203	48.529	33	-0.38086
L	I	1218	48.529	15	-1.1516
L	I	1234	48.529	29	-0.50801
L	I	1244	48.529	56	0.14184
L	I	1265	48.529	33	-0.38086
L	I	1270	17.508	1	-2.4854
L	L	7	171.26	239	0.33243
L	L	8	274.79	138	-0.68696
L	L	10	822.87	552	-0.39896
L	L	18	110.35	76	-0.37084
L	L	24	171.26	666	1.3559
L	L	48	171.26	103	-0.50655
L	L	50	4.203	5	0.15655
L	L	54	274.79	273	-0.006526
L	L	56	171.26	218	0.24066
L	L	84	822.87	1155	0.33888
L	L	110	171.26	246	0.36124
L	L	117	822.87	393	-0.73833
L	L	118	110.84	47	-0.85188
L	L	141	274.79	126	-0.77759
L	L	157	1.1498	1	-0.095159
L	L	176	110.84	75	-0.38848
L	L	179	110.84	97	-0.13276
L	L	189	110.84	59	-0.62664
L	L	212	148.9	98	-0.41658
L	L	216	645.3	105	-1.8118
L	L	223	171.26	198	0.14467
L	L	226	274.79	186	-0.3894
L	L	229	274.79	169	-0.48497
L	L	241	171.26	147	-0.1523
L	L	242	110.84	81	-0.31201
L	L	244	171.26	147	-0.1523
L	L	249	274.79	124	-0.79352
L	L	270	110.84	174	0.44931
L	L	276	822.87	1638	0.68813
L	L	277	171.26	124	-0.32182
L	L	293	110.84	199	0.5832
L	L	296	762.24	2599	1.2262
L	L	303	274.79	176	-0.44451
L	L	335	274.79	170	-0.47909
L	L	368	759.12	266	-1.0474
L	L	371	96.861	119	0.20489
L	L	387	171.26	79	-0.77037
L	L	390	762.24	96	-2.0674
L	L	425	171.26	122	-0.33801
L	L	441	110.84	140	0.2326
L	L	452	587.34	363	-0.48067
L	L	455	267.76	128	-0.73603
L	L	456	3.115	1	-0.87963
L	L	461	762.24	305	-0.91497
L	L	492	171.26	179	0.044052
L	L	513	110.84	94	-0.16401
L	L	517	110.84	116	0.04528
L	L	518	822.87	1180	0.36028
L	L	533	274.79	114	-0.87725
L	L	546	171.26	103	-0.50655
L	L	552	110.84	76	-0.37532
L	L	560	1304.3	242	-1.6828
L	L	582	110.84	107	-0.03512
L	L	585	110.84	97	-0.13276
L	L	611	110.84	79	-0.33685
L	L	629	110.84	184	0.50504
L	L	650	171.26	137	-0.2225
L	L	699	110.84	110	-0.0075958
L	L	704	3.6297	1	-1.0127
L	L	727	822.87	186	-1.485
L	L	752	110.84	97	-0.13276
L	L	753	274.79	138	-0.68696
L	L	754	274.79	109	-0.9219
L	L	763	171.26	256	0.40101
L	L	767	171.26	81	-0.74552
L	L	806	171.26	117	-0.37969
L	L	821	822.87	2983	1.2874
L	L	822	110.84	107	-0.03512
L	L	828	110.84	121	0.087303
L	L	841	110.84	120	0.079038
L	L	849	762.24	286	-0.97919
L	L	858	110.84	280	0.92396
L	L	861	274.79	292	0.060637
L	L	864	274.79	181	-0.41657
L	L	865	762.24	135	-1.728
L	L	877	1304.3	1035	-0.23117
L	L	878	171.26	240	0.3366
L	L	894	171.26	142	-0.18678
L	L	916	762.24	139	-1.6989
L	L	922	274.79	114	-0.87725
L	L	938	110.84	119	0.070705
L	L	945	110.84	138	0.21826
L	L	948	110.84	143	0.25372
L	L	959	171.26	101	-0.52606
L	L	962	110.84	60	-0.60997
L	L	966	110.84	161	0.37189
L	L	977	171.26	249	0.37334
L	L	981	95.134	61	-0.44149
L	L	984	110.84	116	0.04528
L	L	996	274.79	139	-0.67976
L	L	1001	110.84	194	0.55782
L	L	1004	274.79	156	-0.56477
L	L	1012	171.26	155	-0.099478
L	L	1024	110.84	86	-0.25247
L	L	1034	110.84	97	-0.13276
L	L	1049	110.84	141	0.23969
L	L	1063	274.79	181	-0.41657
L	L	1141	274.79	121	-0.81791
L	L	1143	2.9208	2	-0.31358
L	L	1145	171.26	190	0.10353
L	L	1152	171.26	155	-0.099478
L	L	1166	171.26	71	-0.87643
L	L	1186	762.24	101	-2.0169
L	L	1193	171.26	403	0.85405
L	L	1197	762.24	197	-1.3512
L	L	1200	762.24	700	-0.085129
L	L	1203	110.84	163	0.3842
L	L	1218	822.87	308	-0.98169
L	L	1224	274.79	340	0.21259
L	L	1234	110.84	150	0.30135
L	L	1244	762.24	272	-1.0293
L	L	1265	762.24	147	-1.6431
L	L	1270	171.26	144	-0.17284
L	M	8	17.508	7	-0.87594
L	M	54	17.508	4	-1.3868
L	M	141	17.508	11	-0.44849
L	M	226	17.508	2	-1.9745
L	M	229	17.508	3	-1.6381
L	M	249	17.508	1	-2.4854
L	M	303	17.508	0	-3.584
L	M	335	17.508	4	-1.3868
L	M	452	22.311	269	2.4693
L	M	455	17.02	1	-2.4579
L	M	533	17.508	1	-2.4854
L	M	560	48.529	9	-1.6411
L	M	753	17.508	0	-3.584
L	M	754	17.508	0	-3.584
L	M	861	17.508	2	-1.9745
L	M	864	17.508	0	-3.584
L	M	877	48.529	18	-0.97463
L	M	922	17.508	13	-0.28815
L	M	996	17.508	0	-3.584
L	M	1004	17.508	1	-2.4854
L	M	1063	17.508	6	-1.019
L	M	1141	17.508	4	-1.3868
L	M	1224	17.508	6	-1.019
L	P	10	82.096	2	-3.4977
L	P	18	81.768	72	-0.1264
L	P	84	82.096	17	-1.5518
L	P	117	82.096	3	-3.1612
L	P	118	82.096	7	-2.3991
L	P	176	82.096	30	-0.99623
L	P	179	82.096	83	0.010887
L	P	189	82.096	4	-2.9099
L	P	216	68.758	16	-1.4345
L	P	242	82.096	28	-1.0641
L	P	270	82.096	1	-4.0085
L	P	276	82.096	2	-3.4977
L	P	293	82.096	1	-4.0085
L	P	296	82.096	2	-3.4977
L	P	368	74.361	4	-2.8116
L	P	390	82.096	0	-5.1071
L	P	441	82.096	16	-1.6106
L	P	452	38.179	0	-4.3485
L	P	461	82.096	0	-5.1071
L	P	513	82.096	8	-2.2739
L	P	517	82.096	11	-1.9716
L	P	518	82.096	39	-0.73766
L	P	552	82.096	0	-5.1071
L	P	560	82.096	0	-5.1071
L	P	582	82.096	0	-5.1071
L	P	585	82.096	0	-5.1071
L	P	611	82.096	1	-4.0085
L	P	629	82.096	0	-5.1071
L	P	699	82.096	5	-2.7092
L	P	727	82.096	5	-2.7092
L	P	752	82.096	13	-1.8113
L	P	821	82.096	2	-3.4977
L	P	822	82.096	5	-2.7092
L	P	828	82.096	1	-4.0085
L	P	841	82.096	1	-4.0085
L	P	849	82.096	2	-3.4977
L	P	858	82.096	2	-3.4977
L	P	865	82.096	5	-2.7092
L	P	877	82.096	1	-4.0085
L	P	916	82.096	0	-5.1071
L	P	938	82.096	6	-2.5422
L	P	945	82.096	0	-5.1071
L	P	948	82.096	1	-4.0085
L	P	962	82.096	1	-4.0085
L	P	966	82.096	0	-5.1071
L	P	981	70.937	2	-3.3525
L	P	984	82.096	1	-4.0085
L	P	1001	82.096	2	-3.4977
L	P	1024	82.096	3	-3.1612
L	P	1034	82.096	0	-5.1071
L	P	1049	82.096	1	-4.0085
L	P	1186	82.096	1	-4.0085
L	P	1197	82.096	1	-4.0085
L	P	1200	82.096	5	-2.7092
L	P	1203	82.096	0	-5.1071
L	P	1218	82.096	4	-2.9099
L	P	1234	82.096	14	-1.7398
L	P	1244	82.096	48	-0.5324
L	P	1265	82.096	100	0.1962
L	Q	10	17.508	8	-0.75077
L	Q	84	17.508	11	-0.44849
L	Q	117	17.508	0	-3.584
L	Q	276	17.508	0	-3.584
L	Q	368	16.197	0	-3.5084
L	Q	452	9.0226	128	2.6023
L	Q	518	17.508	19	0.079576
L	Q	560	17.508	31	0.55915
L	Q	727	17.508	4	-1.3868
L	Q	821	17.508	0	-3.584
L	Q	877	17.508	0	-3.584
L	Q	1218	17.508	1	-2.4854
L	R	10	11.238	0	-3.156
L	R	18	11.165	12	0.0691
L	R	84	11.238	0	-3.156
L	R	117	11.238	0	-3.156
L	R	118	11.238	0	-3.156
L	R	176	11.238	6	-0.59105
L	R	179	11.238	30	0.95487
L	R	189	11.238	1	-2.0574
L	R	216	9.6334	1	-1.9104
L	R	242	11.238	10	-0.11148
L	R	270	11.238	0	-3.156
L	R	276	11.238	0	-3.156
L	R	293	11.238	6	-0.59105
L	R	296	11.238	0	-3.156
L	R	368	10.434	0	-3.085
L	R	371	1.3513	2	0.3004
L	R	390	11.238	0	-3.156
L	R	441	11.238	35	1.1067
L	R	452	5.5477	602	4.6014
L	R	461	11.238	1	-2.0574
L	R	513	11.238	0	-3.156
L	R	517	11.238	1	-2.0574
L	R	518	11.238	2	-1.5466
L	R	552	11.238	0	-3.156
L	R	560	11.238	4	-0.95878
L	R	582	11.238	20	0.55757
L	R	585	11.238	0	-3.156
L	R	611	11.238	0	-3.156
L	R	629	11.238	0	-3.156
L	R	699	11.238	1	-2.0574
L	R	727	11.238	1	-2.0574
L	R	752	11.238	1	-2.0574
L	R	821	11.238	0	-3.156
L	R	822	11.238	0	-3.156
L	R	828	11.238	0	-3.156
L	R	841	11.238	31	0.98713
L	R	849	11.238	0	-3.156
L	R	858	11.238	0	-3.156
L	R	865	11.238	0	-3.156
L	R	877	11.238	1	-2.0574
L	R	916	11.238	0	-3.156
L	R	938	11.238	0	-3.156
L	R	945	11.238	0	-3.156
L	R	948	11.238	0	-3.156
L	R	962	11.238	0	-3.156
L	R	966	11.238	0	-3.156
L	R	981	9.887	0	-3.0337
L	R	984	11.238	1	-2.0574
L	R	1001	11.238	0	-3.156
L	R	1024	11.238	16	0.3405
L	R	1034	11.238	8	-0.32279
L	R	1049	11.238	0	-3.156
L	R	1143	0.25363	2	1.1991
L	R	1186	11.238	0	-3.156
L	R	1197	11.238	5	-0.75811
L	R	1200	11.238	3	-1.2101
L	R	1203	11.238	0	-3.156
L	R	1218	11.238	0	-3.156
L	R	1234	11.238	0	-3.156
L	R	1244	11.238	7	-0.44795
L	R	1265	11.238	14	0.21129
L	S	7	82.096	14	-1.7398
L	S	8	82.096	9	-2.1627
L	S	24	82.096	240	1.0688
L	S	48	82.096	5	-2.7092
L	S	54	82.096	22	-1.3004
L	S	56	82.096	9	-2.1627
L	S	110	82.096	4	-2.9099
L	S	141	82.096	23	-1.257
L	S	157	0.625	0	-0.81093
L	S	212	70.937	336	1.5498
L	S	223	82.096	2	-3.4977
L	S	226	82.096	20	-1.3935
L	S	229	82.096	6	-2.5422
L	S	241	82.096	9	-2.1627
L	S	244	82.096	154	0.62623
L	S	249	82.096	96	0.15558
L	S	277	82.096	1	-4.0085
L	S	303	82.096	2	-3.4977
L	S	335	82.096	41	-0.68827
L	S	387	82.096	2	-3.4977
L	S	425	82.096	0	-5.1071
L	S	455	79.917	260	1.1754
L	S	456	1.54	0	-1.4061
L	S	492	82.096	1	-4.0085
L	S	533	82.096	0	-5.1071
L	S	546	82.096	1	-4.0085
L	S	650	82.096	0	-5.1071
L	S	753	82.096	1	-4.0085
L	S	754	82.096	40	-0.71266
L	S	763	82.096	41	-0.68827
L	S	767	82.096	2	-3.4977
L	S	806	82.096	10	-2.0626
L	S	861	82.096	13	-1.8113
L	S	864	82.096	6	-2.5422
L	S	878	82.096	14	-1.7398
L	S	894	82.096	11	-1.9716
L	S	922	82.096	20	-1.3935
L	S	959	82.096	2	-3.4977
L	S	977	82.096	0	-5.1071
L	S	996	82.096	1	-4.0085
L	S	1004	82.096	1	-4.0085
L	S	1012	82.096	30	-0.99623
L	S	1063	82.096	1	-4.0085
L	S	1141	82.096	15	-1.6731
L	S	1145	82.096	5	-2.7092
L	S	1152	82.096	0	-5.1071
L	S	1166	82.096	3	-3.1612
L	S	1193	82.096	3	-3.1612
L	S	1224	82.096	42	-0.66446
L	S	1270	82.096	17	-1.5518
L	V	7	11.238	6	-0.59105
L	V	8	11.238	24	0.73582
L	V	10	16.822	10	-0.50059
L	V	18	16.786	8	-0.70986
L	V	24	11.238	16	0.3405
L	V	48	11.238	3	-1.2101
L	V	50	0.25363	0	-0.41029
L	V	54	11.238	6	-0.59105
L	V	56	11.238	8	-0.32279
L	V	84	16.822	12	-0.32624
L	V	110	11.238	220	2.933
L	V	117	16.822	4	-1.3479
L	V	118	16.822	12	-0.32624
L	V	141	11.238	10	-0.11148
L	V	157	0.058988	0	-0.11152
L	V	176	16.822	10	-0.50059
L	V	179	16.822	4	-1.3479
L	V	189	16.822	0	-3.5451
L	V	212	9.887	8	-0.20049
L	V	216	15.109	0	-3.441
L	V	223	11.238	2	-1.5466
L	V	226	11.238	25	0.77582
L	V	229	11.238	9	-0.21156
L	V	241	11.238	8	-0.32279
L	V	242	16.822	4	-1.3479
L	V	244	11.238	9	-0.21156
L	V	249	11.238	20	0.55757
L	V	270	16.822	3	-1.5992
L	V	276	16.822	3	-1.5992
L	V	277	11.238	0	-3.156
L	V	293	16.822	4	-1.3479
L	V	296	16.822	4	-1.3479
L	V	303	11.238	0	-3.156
L	V	335	11.238	15	0.27798
L	V	368	16.292	0	-3.5141
L	V	371	1.4858	0	-1.3792
L	V	387	11.238	0	-3.156
L	V	390	16.822	1	-2.4465
L	V	425	11.238	7	-0.44795
L	V	441	16.822	3	-1.5992
L	V	452	8.9635	5	-0.54269
L	V	455	10.985	10	-0.089636
L	V	456	0.16581	0	-0.2864
L	V	461	16.822	4	-1.3479
L	V	492	11.238	1	-2.0574
L	V	513	16.822	8	-0.7119
L	V	517	16.822	65	1.3301
L	V	518	16.822	23	0.30503
L	V	533	11.238	6	-0.59105
L	V	546	11.238	19	0.50756
L	V	552	16.822	13	-0.24928
L	V	560	16.822	0	-3.5451
L	V	582	16.822	0	-3.5451
L	V	585	16.822	1	-2.4465
L	V	611	16.822	0	-3.5451
L	V	629	16.822	10	-0.50059
L	V	650	11.238	1	-2.0574
L	V	699	16.822	3	-1.5992
L	V	704	0.20693	0	-0.34632
L	V	727	16.822	1	-2.4465
L	V	752	16.822	18	0.065804
L	V	753	11.238	3	-1.2101
L	V	754	11.238	3	-1.2101
L	V	763	11.238	2	-1.5466
L	V	767	11.238	0	-3.156
L	V	806	11.238	10	-0.11148
L	V	821	16.822	69	1.3894
L	V	822	16.822	20	0.16846
L	V	828	16.822	2	-1.9357
L	V	841	16.822	0	-3.5451
L	V	849	16.822	5	-1.1472
L	V	858	16.822	12	-0.32624
L	V	861	11.238	10	-0.11148
L	V	864	11.238	5	-0.75811
L	V	865	16.822	0	-3.5451
L	V	877	16.822	1	-2.4465
L	V	878	11.238	8	-0.32279
L	V	894	11.238	1	-2.0574
L	V	916	16.822	1	-2.4465
L	V	922	11.238	5	-0.75811
L	V	938	16.822	8	-0.7119
L	V	945	16.822	1	-2.4465
L	V	948	16.822	1	-2.4465
L	V	959	11.238	1	-2.0574
L	V	962	16.822	0	-3.5451
L	V	966	16.822	1	-2.4465
L	V	977	11.238	0	-3.156
L	V	981	15.336	2	-1.846
L	V	984	16.822	0	-3.5451
L	V	996	11.238	0	-3.156
L	V	1001	16.822	0	-3.5451
L	V	1004	11.238	0	-3.156
L	V	1012	11.238	2	-1.5466
L	V	1024	16.822	6	-0.98016
L	V	1034	16.822	0	-3.5451
L	V	1049	16.822	8	-0.7119
L	V	1063	11.238	14	0.21129
L	V	1141	11.238	2	-1.5466
L	V	1143	0.22678	0	-0.37402
L	V	1145	11.238	2	-1.5466
L	V	1152	11.238	1	-2.0574
L	V	1166	11.238	5	-0.75811
L	V	1186	16.822	0	-3.5451
L	V	1193	11.238	0	-3.156
L	V	1197	16.822	1	-2.4465
L	V	1200	16.822	23	0.30503
L	V	1203	16.822	5	-1.1472
L	V	1218	16.822	1	-2.4465
L	V	1224	11.238	13	0.13983
L	V	1234	16.822	0	-3.5451
L	V	1244	16.822	4	-1.3479
L	V	1265	16.822	6	-0.98016
L	V	1270	11.238	5	-0.75811
L	W	8	11.238	7	-0.44795
L	W	54	11.238	7	-0.44795
L	W	141	11.238	11	-0.020508
L	W	226	11.238	3	-1.2101
L	W	229	11.238	0	-3.156
L	W	249	11.238	7	-0.44795
L	W	303	11.238	0	-3.156
L	W	335	11.238	0	-3.156
L	W	455	10.985	27	0.87317
L	W	533	11.238	0	-3.156
L	W	753	11.238	0	-3.156
L	W	754	11.238	4	-0.95878
L	W	861	11.238	1	-2.0574
L	W	864	11.238	0	-3.156
L	W	922	11.238	1	-2.0574
L	W	996	11.238	0	-3.156
L	W	1004	11.238	0	-3.156
L	W	1063	11.238	0	-3.156
L	W	1141	11.238	4	-0.95878
L	W	1224	11.238	1	-2.0574
M	I	1	607.41	1	-6.0046
M	I	153	607.41	1553	0.93824
M	I	177	607.41	755	0.21735
M	I	697	607.41	103	-1.7705
M	I	731	607.41	669	0.096502
M	I	740	607.41	433	-0.33814
M	I	869	607.41	146	-1.423
M	I	900	607.41	91	-1.8937
M	I	902	607.41	37	-2.7857
M	I	1029	607.41	27	-3.0958
M	I	1050	607.41	220	-1.0141
M	I	1229	607.41	1276	0.74185
M	I	1233	607.41	150	-1.3961
M	I	1237	607.41	1591	0.9624
M	K	1	17.508	0	-3.584
M	K	153	17.508	22	0.22268
M	K	177	17.508	59	1.1951
M	K	697	17.508	0	-3.584
M	K	731	17.508	0	-3.584
M	K	740	17.508	6	-1.019
M	K	869	17.508	0	-3.584
M	K	900	17.508	0	-3.584
M	K	902	17.508	0	-3.584
M	K	1029	17.508	0	-3.584
M	K	1050	17.508	0	-3.584
M	K	1229	17.508	3	-1.6381
M	K	1233	17.508	1	-2.4854
M	K	1237	17.508	1	-2.4854
M	L	1	36.811	0	-4.3124
M	L	153	36.811	32	-0.13805
M	L	177	36.811	16	-0.81593
M	L	697	36.811	15	-0.87845
M	L	731	36.811	26	-0.34215
M	L	740	36.811	29	-0.2349
M	L	869	36.811	4	-2.1152
M	L	900	36.811	10	-1.2679
M	L	902	36.811	15	-0.87845
M	L	1029	36.811	1	-3.2138
M	L	1050	36.811	28	-0.26939
M	L	1229	36.811	65	0.56276
M	L	1233	36.811	23	-0.46229
M	L	1237	36.811	33	-0.10775
M	R	1	11.238	0	-3.156
M	R	153	11.238	10	-0.11148
M	R	177	11.238	14	0.21129
M	R	697	11.238	2	-1.5466
M	R	731	11.238	1	-2.0574
M	R	740	11.238	3	-1.2101
M	R	869	11.238	7	-0.44795
M	R	900	11.238	0	-3.156
M	R	902	11.238	0	-3.156
M	R	1029	11.238	0	-3.156
M	R	1050	11.238	0	-3.156
M	R	1229	11.238	0	-3.156
M	R	1233	11.238	0	-3.156
M	R	1237	11.238	0	-3.156
M	T	1	82.096	0	-5.1071
M	T	153	82.096	242	1.077
M	T	177	82.096	199	0.88185
M	T	697	82.096	4	-2.9099
M	T	731	82.096	22	-1.3004
M	T	740	82.096	156	0.6391
M	T	869	82.096	2	-3.4977
M	T	900	82.096	10	-2.0626
M	T	902	82.096	3	-3.1612
M	T	1029	82.096	4	-2.9099
M	T	1050	82.096	22	-1.3004
M	T	1229	82.096	109	0.28197
M	T	1233	82.096	62	-0.27879
M	T	1237	82.096	139	0.52411
M	V	1	89.169	0	-5.1893
M	V	153	89.169	241	0.99075
M	V	177	89.169	367	1.4106
M	V	697	89.169	6	-2.6243
M	V	731	89.169	9	-2.2448
M	V	740	89.169	69	-0.25479
M	V	869	89.169	1	-4.0907
M	V	900	89.169	0	-5.1893
M	V	902	89.169	14	-1.822
M	V	1029	89.169	30	-1.0784
M	V	1050	89.169	49	-0.59415
M	V	1229	89.169	63	-0.34508
M	V	1233	89.169	83	-0.071273
M	V	1237	89.169	221	0.9043
N	D	17	89.169	47	-0.63539
N	D	20	0.40182	0	-0.58981
N	D	30	89.169	8	-2.3561
N	D	61	89.169	20	-1.4757
N	D	74	89.169	49	-0.59415
N	D	81	89.169	21	-1.4281
N	D	87	89.169	34	-0.95516
N	D	99	89.169	51	-0.55454
N	D	121	89.169	29	-1.1117
N	D	122	89.169	26	-1.219
N	D	125	89.169	6	-2.6243
N	D	137	89.169	49	-0.59415
N	D	148	89.169	59	-0.41014
N	D	149	89.169	36	-0.89881
N	D	164	89.169	16	-1.6928
N	D	165	89.169	7	-2.4812
N	D	185	89.169	385	1.4584
N	D	188	89.169	34	-0.95516
N	D	196	89.169	2	-3.5798
N	D	211	77.965	47	-0.50192
N	D	234	89.169	8	-2.3561
N	D	245	2.0239	0	-1.619
N	D	280	89.169	44	-0.70063
N	D	282	89.169	16	-1.6928
N	D	317	89.169	1	-4.0907
N	D	331	89.169	7	-2.4812
N	D	334	89.169	5	-2.7914
N	D	343	89.169	2	-3.5798
N	D	354	89.169	141	0.45618
N	D	360	89.169	10	-2.1447
N	D	370	89.169	12	-1.9704
N	D	388	89.169	1	-4.0907
N	D	394	89.169	26	-1.219
N	D	417	23.245	3	-1.9146
N	D	422	89.169	0	-5.1893
N	D	437	89.169	0	-5.1893
N	D	439	89.169	3	-3.2434
N	D	440	41.285	13	-1.1299
N	D	448	89.169	48	-0.61456
N	D	450	87.145	317	1.2872
N	D	460	74.944	16	-1.52
N	D	477	34.449	40	0.14741
N	D	481	87.145	59	-0.38731
N	D	487	89.169	33	-0.98457
N	D	501	35.935	0	-4.2887
N	D	532	89.169	21	-1.4281
N	D	536	89.169	16	-1.6928
N	D	540	89.169	28	-1.1462
N	D	542	89.169	5	-2.7914
N	D	544	89.169	2	-3.5798
N	D	556	89.169	22	-1.3826
N	D	603	89.169	16	-1.6928
N	D	606	89.169	25	-1.2574
N	D	616	89.169	21	-1.4281
N	D	641	89.169	23	-1.3391
N	D	657	89.169	34	-0.95516
N	D	658	89.169	52	-0.53531
N	D	679	41.285	11	-1.2902
N	D	703	89.169	19	-1.5257
N	D	709	89.169	12	-1.9704
N	D	710	89.169	53	-0.51644
N	D	717	89.169	15	-1.7553
N	D	751	89.169	54	-0.49792
N	D	764	41.285	1	-3.3271
N	D	777	89.169	1	-4.0907
N	D	801	89.169	29	-1.1117
N	D	824	89.169	49	-0.59415
N	D	856	77.965	6	-2.4908
N	D	907	89.169	1	-4.0907
N	D	914	89.169	9	-2.2448
N	D	919	89.169	1	-4.0907
N	D	925	89.169	25	-1.2574
N	D	928	89.169	1	-4.0907
N	D	953	89.169	1	-4.0907
N	D	955	89.169	0	-5.1893
N	D	960	89.169	21	-1.4281
N	D	969	41.285	0	-4.4257
N	D	978	89.169	5	-2.7914
N	D	1023	89.169	14	-1.822
N	D	1074	89.169	60	-0.39348
N	D	1098	89.169	14	-1.822
N	D	1108	89.169	0	-5.1893
N	D	1119	89.169	9	-2.2448
N	D	1125	89.169	47	-0.63539
N	D	1134	89.169	25	-1.2574
N	D	1135	89.169	35	-0.92659
N	D	1158	89.169	29	-1.1117
N	D	1173	89.169	41	-0.77043
N	D	1178	89.169	41	-0.77043
N	D	1187	89.169	41	-0.77043
N	D	1192	89.169	40	-0.79482
N	D	1194	89.169	2	-3.5798
N	H	17	11.35	3	-1.2196
N	H	20	0.045379	0	-0.086873
N	H	30	11.35	332	3.3343
N	H	61	11.35	3	-1.2196
N	H	74	11.35	12	0.053412
N	H	81	11.35	1	-2.0669
N	H	87	11.35	3	-1.2196
N	H	99	11.35	0	-3.1655
N	H	121	11.35	1	-2.0669
N	H	122	11.35	2	-1.556
N	H	125	11.35	4	-0.96824
N	H	137	11.35	1	-2.0669
N	H	148	11.35	19	0.4981
N	H	149	11.35	7	-0.45741
N	H	164	11.35	53	1.5074
N	H	165	11.35	2	-1.556
N	H	185	11.35	6	-0.60051
N	H	188	11.35	5	-0.76757
N	H	196	11.35	2	-1.556
N	H	211	9.8232	8	-0.19432
N	H	234	11.35	0	-3.1655
N	H	280	11.35	1	-2.0669
N	H	282	11.35	5	-0.76757
N	H	317	11.35	0	-3.1655
N	H	331	11.35	1	-2.0669
N	H	334	11.35	0	-3.1655
N	H	343	11.35	0	-3.1655
N	H	354	11.35	41	1.2534
N	H	360	11.35	0	-3.1655
N	H	370	11.35	4	-0.96824
N	H	388	11.35	0	-3.1655
N	H	394	11.35	5	-0.76757
N	H	405	2.7618	3	0.070477
N	H	417	2.7618	5	0.52246
N	H	422	11.35	0	-3.1655
N	H	437	11.35	0	-3.1655
N	H	439	11.35	0	-3.1655
N	H	440	5.5083	1	-1.3877
N	H	448	11.35	1	-2.0669
N	H	450	11.145	2	-1.5386
N	H	460	9.8286	27	0.97927
N	H	477	4.2885	1	-1.1608
N	H	481	11.145	8	-0.31485
N	H	487	11.35	1	-2.0669
N	H	501	4.8741	5	0.023161
N	H	532	11.35	5	-0.76757
N	H	536	11.35	2	-1.556
N	H	540	11.35	8	-0.33225
N	H	542	11.35	1	-2.0669
N	H	544	11.35	0	-3.1655
N	H	556	11.35	0	-3.1655
N	H	603	11.35	13	0.13037
N	H	606	11.35	3	-1.2196
N	H	616	11.35	1	-2.0669
N	H	641	11.35	3	-1.2196
N	H	657	11.35	5	-0.76757
N	H	658	11.35	3	-1.2196
N	H	679	5.5083	3	-0.54038
N	H	703	11.35	19	0.4981
N	H	709	11.35	0	-3.1655
N	H	710	11.35	2	-1.556
N	H	717	11.35	7	-0.45741
N	H	751	11.35	5	-0.76757
N	H	764	5.5083	3	-0.54038
N	H	777	11.35	3	-1.2196
N	H	801	11.35	1	-2.0669
N	H	824	11.35	2	-1.556
N	H	856	9.8232	1	-1.9289
N	H	907	11.35	0	-3.1655
N	H	914	11.35	1	-2.0669
N	H	919	11.35	3	-1.2196
N	H	925	11.35	10	-0.12094
N	H	928	11.35	0	-3.1655
N	H	953	11.35	0	-3.1655
N	H	955	11.35	7	-0.45741
N	H	960	11.35	1	-2.0669
N	H	969	5.5083	1	-1.3877
N	H	978	11.35	9	-0.22102
N	H	1023	11.35	7	-0.45741
N	H	1074	11.35	23	0.68468
N	H	1098	11.35	0	-3.1655
N	H	1108	11.35	11	-0.029969
N	H	1119	11.35	0	-3.1655
N	H	1125	11.35	7	-0.45741
N	H	1134	11.35	4	-0.96824
N	H	1135	11.35	7	-0.45741
N	H	1158	11.35	15	0.26852
N	H	1173	11.35	1	-2.0669
N	H	1178	11.35	16	0.33104
N	H	1187	11.35	21	0.59574
N	H	1192	11.35	33	1.0392
N	H	1194	11.35	4	-0.96824
N	I	17	25.461	3	-2.0038
N	I	20	0.11551	0	-0.20784
N	I	30	25.461	16	-0.45325
N	I	61	25.461	7	-1.2417
N	I	74	25.461	13	-0.65392
N	I	81	25.461	0	-3.9498
N	I	87	25.461	23	-0.099606
N	I	99	25.461	1	-2.8511
N	I	121	25.461	3	-2.0038
N	I	122	25.461	1	-2.8511
N	I	125	25.461	1	-2.8511
N	I	137	25.461	11	-0.81426
N	I	148	25.461	6	-1.3848
N	I	149	25.461	10	-0.90523
N	I	164	25.461	31	0.19338
N	I	165	25.461	5	-1.5519
N	I	185	25.461	27	0.05758
N	I	188	25.461	4	-1.7525
N	I	196	25.461	9	-1.0053
N	I	211	22.157	28	0.22941
N	I	234	25.461	0	-3.9498
N	I	245	0.77908	0	-0.93929
N	I	280	25.461	1	-2.8511
N	I	282	25.461	17	-0.39441
N	I	317	25.461	1	-2.8511
N	I	331	25.461	3	-2.0038
N	I	334	25.461	0	-3.9498
N	I	343	25.461	2	-2.3403
N	I	354	25.461	1	-2.8511
N	I	360	25.461	0	-3.9498
N	I	370	25.461	3	-2.0038
N	I	388	25.461	3	-2.0038
N	I	394	25.461	12	-0.73088
N	I	405	6.4551	0	-2.6326
N	I	417	6.4551	27	1.3747
N	I	422	25.461	0	-3.9498
N	I	437	25.461	4	-1.7525
N	I	439	25.461	3	-2.0038
N	I	440	11.98	7	-0.50921
N	I	448	25.461	4	-1.7525
N	I	450	24.682	13	-0.62345
N	I	460	21.199	38	0.57338
N	I	477	9.7589	9	-0.076851
N	I	481	24.682	21	-0.15808
N	I	487	25.461	0	-3.9498
N	I	501	10.449	35	1.1763
N	I	532	25.461	14	-0.58246
N	I	536	25.461	0	-3.9498
N	I	540	25.461	9	-1.0053
N	I	542	25.461	1	-2.8511
N	I	544	25.461	3	-2.0038
N	I	556	25.461	9	-1.0053
N	I	603	25.461	13	-0.65392
N	I	606	25.461	1	-2.8511
N	I	616	25.461	0	-3.9498
N	I	641	25.461	8	-1.1165
N	I	657	25.461	3	-2.0038
N	I	658	25.461	9	-1.0053
N	I	679	11.98	21	0.54394
N	I	703	25.461	33	0.25494
N	I	709	25.461	6	-1.3848
N	I	710	25.461	2	-2.3403
N	I	717	25.461	18	-0.33884
N	I	751	25.461	11	-0.81426
N	I	764	11.98	0	-3.2173
N	I	777	25.461	0	-3.9498
N	I	801	25.461	1	-2.8511
N	I	824	25.461	3	-2.0038
N	I	856	22.157	4	-1.6164
N	I	907	25.461	0	-3.9498
N	I	914	25.461	4	-1.7525
N	I	919	25.461	1	-2.8511
N	I	925	25.461	2	-2.3403
N	I	928	25.461	1	-2.8511
N	I	953	25.461	0	-3.9498
N	I	955	25.461	2	-2.3403
N	I	960	25.461	0	-3.9498
N	I	969	11.98	1	-2.1187
N	I	978	25.461	0	-3.9498
N	I	1023	25.461	17	-0.39441
N	I	1074	25.461	12	-0.73088
N	I	1098	25.461	2	-2.3403
N	I	1108	25.461	11	-0.81426
N	I	1119	25.461	5	-1.5519
N	I	1125	25.461	3	-2.0038
N	I	1134	25.461	1	-2.8511
N	I	1135	25.461	10	-0.90523
N	I	1158	25.461	6	-1.3848
N	I	1173	25.461	5	-1.5519
N	I	1178	25.461	7	-1.2417
N	I	1187	25.461	24	-0.057933
N	I	1192	25.461	9	-1.0053
N	I	1194	25.461	3	-2.0038
N	K	17	28.747	37	0.24857
N	K	20	0.22439	0	-0.37072
N	K	30	28.747	45	0.44195
N	K	61	28.747	15	-0.63493
N	K	74	28.747	39	0.30053
N	K	81	65.35	25	-0.94871
N	K	87	28.747	55	0.64062
N	K	99	65.35	30	-0.76966
N	K	121	28.747	5	-1.671
N	K	122	65.35	4	-2.6833
N	K	125	28.747	8	-1.2357
N	K	137	28.747	50	0.54621
N	K	148	65.35	74	0.12341
N	K	149	65.35	44	-0.3919
N	K	164	28.747	121	1.4241
N	K	165	28.747	1	-2.9703
N	K	185	28.747	41	0.34993
N	K	188	28.747	23	-0.21877
N	K	196	28.747	3	-2.123
N	K	211	24.197	31	0.24331
N	K	234	65.35	54	-0.18918
N	K	245	0.74168	0	-0.90961
N	K	280	28.747	3	-2.123
N	K	282	28.747	28	-0.025862
N	K	317	65.35	0	-4.8805
N	K	331	28.747	4	-1.8717
N	K	334	65.35	54	-0.18918
N	K	343	65.35	2	-3.2711
N	K	354	65.35	373	1.7355
N	K	360	65.35	21	-1.1193
N	K	370	28.747	30	0.04196
N	K	388	28.747	4	-1.8717
N	K	394	28.747	0	-4.0689
N	K	405	7.1407	0	-2.7266
N	K	417	4.541	1	-1.2121
N	K	422	28.747	0	-4.0689
N	K	437	28.747	0	-4.0689
N	K	439	65.35	83	0.23746
N	K	440	12.186	59	1.5455
N	K	448	28.747	6	-1.504
N	K	450	28.005	33	0.16147
N	K	460	24.298	229	2.2251
N	K	477	26.727	63	0.84683
N	K	481	28.005	181	1.8512
N	K	487	28.747	19	-0.40535
N	K	501	10.023	0	-3.0468
N	K	532	28.747	16	-0.57241
N	K	536	65.35	48	-0.30582
N	K	540	28.747	25	-0.13709
N	K	542	65.35	1	-3.7819
N	K	544	28.747	1	-2.9703
N	K	556	65.35	311	1.554
N	K	603	28.747	22	-0.26225
N	K	606	65.35	37	-0.56304
N	K	616	65.35	49	-0.28541
N	K	641	28.747	27	-0.06158
N	K	657	65.35	28	-0.83748
N	K	658	65.35	69	0.053942
N	K	679	12.186	240	2.9423
N	K	703	28.747	24	-0.17709
N	K	709	28.747	24	-0.17709
N	K	710	65.35	14	-1.5132
N	K	717	28.747	9	-1.1245
N	K	751	28.747	31	0.074221
N	K	764	29.563	9	-1.152
N	K	777	65.35	0	-4.8805
N	K	801	28.747	2	-2.4595
N	K	824	65.35	8	-2.0473
N	K	856	57.739	116	0.69334
N	K	907	28.747	0	-4.0689
N	K	914	28.747	1	-2.9703
N	K	919	65.35	0	-4.8805
N	K	925	65.35	20	-1.167
N	K	928	28.747	0	-4.0689
N	K	953	65.35	1	-3.7819
N	K	955	28.747	0	-4.0689
N	K	960	65.35	43	-0.41462
N	K	969	12.186	36	1.0568
N	K	978	28.747	1	-2.9703
N	K	1023	28.747	11	-0.93342
N	K	1074	65.35	35	-0.61785
N	K	1098	28.747	4	-1.8717
N	K	1108	28.747	6	-1.504
N	K	1119	65.35	6	-2.3156
N	K	1125	65.35	58	-0.11836
N	K	1134	65.35	11	-1.745
N	K	1135	65.35	13	-1.5847
N	K	1158	28.747	4	-1.8717
N	K	1173	28.747	29	0.0086238
N	K	1178	65.35	30	-0.76966
N	K	1187	28.747	26	-0.098622
N	K	1192	28.747	12	-0.85004
N	K	1194	28.747	6	-1.504
N	N	17	82.096	93	0.124
N	N	20	4.0	11	0.93827
N	N	30	82.096	116	0.34393
N	N	61	82.096	94	0.13464
N	N	74	82.096	122	0.39415
N	N	81	696.89	169	-1.4145
N	N	87	82.096	189	0.83043
N	N	99	696.89	1341	0.65419
N	N	121	82.096	243	1.0812
N	N	122	696.89	354	-0.67664
N	N	125	82.096	62	-0.27879
N	N	137	82.096	205	0.91149
N	N	148	696.89	460	-0.41504
N	N	149	696.89	395	-0.5672
N	N	164	82.096	234	1.0435
N	N	165	82.096	87	0.057679
N	N	185	82.096	122	0.39415
N	N	188	82.096	111	0.30007
N	N	196	82.096	115	0.33531
N	N	211	70.937	166	0.84618
N	N	234	696.89	1761	0.92657
N	N	245	2.1791	3	0.26728
N	N	280	82.096	109	0.28197
N	N	282	82.096	169	0.71889
N	N	317	696.89	137	-1.6237
N	N	331	82.096	116	0.34393
N	N	334	696.89	434	-0.47316
N	N	343	696.89	1515	0.77615
N	N	354	696.89	1656	0.86511
N	N	360	696.89	146	-1.5603
N	N	370	82.096	269	1.1826
N	N	388	82.096	120	0.37769
N	N	394	82.096	164	0.68895
N	N	405	21.971	40	0.58908
N	N	417	21.971	54	0.88598
N	N	422	82.096	42	-0.66446
N	N	437	82.096	135	0.49501
N	N	439	696.89	649	-0.071149
N	N	440	35.2	65	0.60691
N	N	448	82.096	49	-0.51199
N	N	450	79.917	96	0.18232
N	N	460	67.588	142	0.73855
N	N	477	266.22	372	0.33403
N	N	481	79.917	126	0.45302
N	N	487	82.096	89	0.080279
N	N	501	30.626	51	0.50354
N	N	532	82.096	75	-0.089827
N	N	536	696.89	344	-0.70526
N	N	540	82.096	140	0.53125
N	N	542	696.89	376	-0.61643
N	N	544	82.096	141	0.53834
N	N	556	696.89	709	0.017209
N	N	603	82.096	580	1.9499
N	N	606	696.89	840	0.18665
N	N	616	696.89	381	-0.60324
N	N	641	82.096	144	0.55932
N	N	657	696.89	866	0.21711
N	N	658	696.89	267	-0.95823
N	N	679	35.2	94	0.97346
N	N	703	82.096	163	0.68285
N	N	709	82.096	346	1.4339
N	N	710	696.89	179	-1.3572
N	N	717	82.096	98	0.1761
N	N	751	82.096	170	0.72478
N	N	764	319.65	537	0.51814
N	N	777	696.89	225	-1.129
N	N	801	82.096	134	0.4876
N	N	824	696.89	1754	0.92259
N	N	856	607.65	2374	1.3621
N	N	907	82.096	90	0.091391
N	N	914	82.096	135	0.49501
N	N	919	696.89	391	-0.57737
N	N	925	696.89	1060	0.41914
N	N	928	82.096	70	-0.15835
N	N	953	696.89	236	-1.0814
N	N	955	82.096	103	0.22561
N	N	960	696.89	1459	0.7385
N	N	969	35.2	83	0.8497
N	N	978	82.096	67	-0.20183
N	N	1023	82.096	181	0.7873
N	N	1074	696.89	313	-0.79955
N	N	1098	82.096	185	0.8091
N	N	1108	82.096	83	0.010887
N	N	1119	696.89	845	0.19258
N	N	1125	696.89	158	-1.4816
N	N	1134	696.89	152	-1.5202
N	N	1135	696.89	129	-1.6837
N	N	1158	82.096	196	0.8667
N	N	1173	82.096	145	0.56622
N	N	1178	696.89	2069	1.0877
N	N	1187	82.096	203	0.90171
N	N	1192	82.096	96	0.15558
N	N	1194	82.096	128	0.44197
N	S	17	89.169	89	-0.001881
N	S	20	0.40182	1	0.50881
N	S	30	89.169	57	-0.44433
N	S	61	89.169	21	-1.4281
N	S	74	89.169	57	-0.44433
N	S	81	89.169	56	-0.46188
N	S	87	89.169	52	-0.53531
N	S	99	89.169	37	-0.87178
N	S	121	89.169	36	-0.89881
N	S	122	89.169	29	-1.1117
N	S	125	89.169	50	-0.57415
N	S	137	89.169	64	-0.32945
N	S	148	89.169	107	0.18137
N	S	149	89.169	38	-0.84546
N	S	164	89.169	88	-0.013117
N	S	165	89.169	8	-2.3561
N	S	185	89.169	196	0.78454
N	S	188	89.169	79	-0.12036
N	S	196	89.169	18	-1.5783
N	S	211	77.965	59	-0.27667
N	S	234	89.169	2	-3.5798
N	S	245	2.0239	3	0.32696
N	S	280	89.169	29	-1.1117
N	S	282	89.169	68	-0.26929
N	S	317	89.169	264	1.0817
N	S	331	89.169	25	-1.2574
N	S	334	89.169	18	-1.5783
N	S	343	89.169	1	-4.0907
N	S	354	89.169	113	0.23568
N	S	360	89.169	14	-1.822
N	S	370	89.169	39	-0.81982
N	S	388	89.169	13	-1.8934
N	S	394	89.169	59	-0.41014
N	S	405	23.245	5	-1.4626
N	S	417	23.245	12	-0.64165
N	S	422	89.169	1	-4.0907
N	S	437	89.169	11	-2.0538
N	S	439	89.169	3	-3.2434
N	S	440	41.285	23	-0.57555
N	S	448	89.169	79	-0.12036
N	S	450	87.145	6	-2.6015
N	S	460	74.944	157	0.73603
N	S	481	87.145	152	0.55387
N	S	487	89.169	9	-2.2448
N	S	501	35.935	51	0.34606
N	S	532	89.169	64	-0.32945
N	S	536	89.169	15	-1.7553
N	S	540	89.169	44	-0.70063
N	S	542	89.169	3	-3.2434
N	S	544	89.169	9	-2.2448
N	S	556	89.169	46	-0.65667
N	S	603	89.169	57	-0.44433
N	S	606	89.169	37	-0.87178
N	S	616	89.169	29	-1.1117
N	S	641	89.169	90	0.0092302
N	S	657	89.169	30	-1.0784
N	S	658	89.169	87	-0.024481
N	S	679	41.285	54	0.26565
N	S	703	89.169	114	0.24446
N	S	709	89.169	38	-0.84546
N	S	710	89.169	24	-1.2974
N	S	717	89.169	82	-0.083321
N	S	751	89.169	39	-0.81982
N	S	764	41.285	3	-2.4798
N	S	777	89.169	4	-2.992
N	S	801	89.169	2	-3.5798
N	S	824	89.169	39	-0.81982
N	S	856	77.965	135	0.54633
N	S	907	89.169	26	-1.219
N	S	914	89.169	18	-1.5783
N	S	919	89.169	1	-4.0907
N	S	925	89.169	37	-0.87178
N	S	928	89.169	1	-4.0907
N	S	953	89.169	2	-3.5798
N	S	955	89.169	1	-4.0907
N	S	960	89.169	48	-0.61456
N	S	969	41.285	24	-0.53388
N	S	978	89.169	61	-0.37708
N	S	1023	89.169	64	-0.32945
N	S	1074	89.169	34	-0.95516
N	S	1098	89.169	17	-1.6339
N	S	1108	89.169	52	-0.53531
N	S	1119	89.169	20	-1.4757
N	S	1125	89.169	33	-0.98457
N	S	1134	89.169	33	-0.98457
N	S	1135	89.169	24	-1.2974
N	S	1158	89.169	41	-0.77043
N	S	1173	89.169	49	-0.59415
N	S	1178	89.169	48	-0.61456
N	S	1187	89.169	78	-0.13302
N	S	1192	89.169	73	-0.19883
N	S	1194	89.169	34	-0.95516
N	T	17	11.35	10	-0.12094
N	T	30	11.35	9	-0.22102
N	T	61	11.35	5	-0.76757
N	T	74	11.35	31	0.97767
N	T	81	11.35	3	-1.2196
N	T	87	11.35	7	-0.45741
N	T	99	11.35	3	-1.2196
N	T	121	11.35	3	-1.2196
N	T	122	11.35	2	-1.556
N	T	125	11.35	9	-0.22102
N	T	137	11.35	16	0.33104
N	T	148	11.35	651	4.007
N	T	149	11.35	10	-0.12094
N	T	164	11.35	44	1.3232
N	T	165	11.35	1	-2.0669
N	T	185	11.35	73	1.825
N	T	188	11.35	23	0.68468
N	T	196	11.35	6	-0.60051
N	T	211	9.8232	26	0.94275
N	T	234	11.35	0	-3.1655
N	T	245	0.20445	0	-0.34281
N	T	280	11.35	4	-0.96824
N	T	282	11.35	11	-0.029969
N	T	317	11.35	9	-0.22102
N	T	331	11.35	12	0.053412
N	T	334	11.35	4	-0.96824
N	T	343	11.35	0	-3.1655
N	T	354	11.35	13	0.13037
N	T	360	11.35	3	-1.2196
N	T	370	11.35	5	-0.76757
N	T	388	11.35	0	-3.1655
N	T	394	11.35	9	-0.22102
N	T	405	2.7618	0	-1.8754
N	T	417	2.7618	67	3.0298
N	T	422	11.35	0	-3.1655
N	T	437	11.35	0	-3.1655
N	T	439	11.35	1	-2.0669
N	T	440	5.5083	11	0.64921
N	T	448	11.35	21	0.59574
N	T	450	11.145	2	-1.5386
N	T	460	9.8286	27	0.97927
N	T	477	4.2885	8	0.57384
N	T	481	11.145	22	0.6586
N	T	487	11.35	17	0.38988
N	T	501	4.8741	49	2.2204
N	T	532	11.35	9	-0.22102
N	T	536	11.35	1	-2.0669
N	T	540	11.35	15	0.26852
N	T	542	11.35	0	-3.1655
N	T	544	11.35	0	-3.1655
N	T	556	11.35	10	-0.12094
N	T	603	11.35	23	0.68468
N	T	606	11.35	2	-1.556
N	T	616	11.35	2	-1.556
N	T	641	11.35	24	0.72636
N	T	657	11.35	5	-0.76757
N	T	658	11.35	12	0.053412
N	T	679	5.5083	16	1.0102
N	T	703	11.35	14	0.20183
N	T	709	11.35	15	0.26852
N	T	710	11.35	13	0.13037
N	T	717	11.35	15	0.26852
N	T	751	11.35	27	0.84187
N	T	764	5.5083	1	-1.3877
N	T	777	11.35	0	-3.1655
N	T	801	11.35	0	-3.1655
N	T	824	11.35	1	-2.0669
N	T	856	9.8232	1	-1.9289
N	T	907	11.35	6	-0.60051
N	T	914	11.35	1	-2.0669
N	T	919	11.35	0	-3.1655
N	T	925	11.35	2	-1.556
N	T	928	11.35	1	-2.0669
N	T	953	11.35	0	-3.1655
N	T	955	11.35	1	-2.0669
N	T	960	11.35	7	-0.45741
N	T	969	5.5083	4	-0.28906
N	T	978	11.35	6	-0.60051
N	T	1023	11.35	10	-0.12094
N	T	1074	11.35	6	-0.60051
N	T	1098	11.35	9	-0.22102
N	T	1108	11.35	22	0.6412
N	T	1119	11.35	4	-0.96824
N	T	1125	11.35	5	-0.76757
N	T	1134	11.35	4	-0.96824
N	T	1135	11.35	5	-0.76757
N	T	1158	11.35	15	0.26852
N	T	1173	11.35	6	-0.60051
N	T	1178	11.35	3	-1.2196
N	T	1187	11.35	31	0.97767
N	T	1192	11.35	41	1.2534
N	T	1194	11.35	14	0.20183
N	Y	17	25.461	13	-0.65392
N	Y	20	0.11551	0	-0.20784
N	Y	30	25.461	25	-0.017928
N	Y	61	25.461	9	-1.0053
N	Y	74	25.461	43	0.51615
N	Y	81	25.461	15	-0.51577
N	Y	87	25.461	18	-0.33884
N	Y	99	25.461	4	-1.7525
N	Y	121	25.461	2	-2.3403
N	Y	122	25.461	1	-2.8511
N	Y	125	25.461	1	-2.8511
N	Y	137	25.461	6	-1.3848
N	Y	148	25.461	51	0.68498
N	Y	149	25.461	23	-0.099606
N	Y	164	25.461	25	-0.017928
N	Y	165	25.461	8	-1.1165
N	Y	185	25.461	66	0.9406
N	Y	188	25.461	28	0.093298
N	Y	196	25.461	9	-1.0053
N	Y	211	22.157	29	0.2639
N	Y	234	25.461	14	-0.58246
N	Y	245	0.77908	0	-0.93929
N	Y	280	25.461	1	-2.8511
N	Y	282	25.461	10	-0.90523
N	Y	317	25.461	16	-0.45325
N	Y	331	25.461	5	-1.5519
N	Y	334	25.461	12	-0.73088
N	Y	343	25.461	3	-2.0038
N	Y	354	25.461	11	-0.81426
N	Y	360	25.461	15	-0.51577
N	Y	370	25.461	7	-1.2417
N	Y	388	25.461	0	-3.9498
N	Y	394	25.461	4	-1.7525
N	Y	405	6.4551	1	-1.534
N	Y	417	6.4551	3	-0.68671
N	Y	422	25.461	0	-3.9498
N	Y	437	25.461	0	-3.9498
N	Y	439	25.461	5	-1.5519
N	Y	440	11.98	24	0.67456
N	Y	448	25.461	2	-2.3403
N	Y	450	24.682	10	-0.87476
N	Y	460	21.199	94	1.4713
N	Y	477	9.7589	1	-1.9227
N	Y	481	24.682	57	0.82565
N	Y	487	25.461	3	-2.0038
N	Y	501	10.449	251	3.1342
N	Y	532	25.461	25	-0.017928
N	Y	536	25.461	6	-1.3848
N	Y	540	25.461	27	0.05758
N	Y	542	25.461	0	-3.9498
N	Y	544	25.461	6	-1.3848
N	Y	556	25.461	7	-1.2417
N	Y	603	25.461	6	-1.3848
N	Y	606	25.461	19	-0.28619
N	Y	616	25.461	4	-1.7525
N	Y	641	25.461	23	-0.099606
N	Y	657	25.461	33	0.25494
N	Y	658	25.461	44	0.53888
N	Y	679	11.98	34	1.0168
N	Y	703	25.461	42	0.4929
N	Y	709	25.461	10	-0.90523
N	Y	710	25.461	5	-1.5519
N	Y	717	25.461	8	-1.1165
N	Y	751	25.461	32	0.22463
N	Y	764	11.98	8	-0.38405
N	Y	777	25.461	0	-3.9498
N	Y	801	25.461	1	-2.8511
N	Y	824	25.461	22	-0.14309
N	Y	856	22.157	4	-1.6164
N	Y	907	25.461	2	-2.3403
N	Y	914	25.461	7	-1.2417
N	Y	919	25.461	1	-2.8511
N	Y	925	25.461	45	0.56111
N	Y	928	25.461	2	-2.3403
N	Y	953	25.461	1	-2.8511
N	Y	955	25.461	0	-3.9498
N	Y	960	25.461	4	-1.7525
N	Y	969	11.98	0	-3.2173
N	Y	978	25.461	7	-1.2417
N	Y	1023	25.461	23	-0.099606
N	Y	1074	25.461	16	-0.45325
N	Y	1098	25.461	2	-2.3403
N	Y	1108	25.461	4	-1.7525
N	Y	1119	25.461	6	-1.3848
N	Y	1125	25.461	11	-0.81426
N	Y	1134	25.461	36	0.34071
N	Y	1135	25.461	22	-0.14309
N	Y	1158	25.461	5	-1.5519
N	Y	1173	25.461	9	-1.0053
N	Y	1178	25.461	19	-0.28619
N	Y	1187	25.461	118	1.5183
N	Y	1192	25.461	12	-0.73088
N	Y	1194	25.461	14	-0.58246
P	A	9	16.822	0	-3.5451
P	A	25	16.822	4	-1.3479
P	A	26	16.786	0	-3.5431
P	A	39	16.822	0	-3.5451
P	A	57	16.822	1	-2.4465
P	A	82	16.822	1	-2.4465
P	A	85	16.822	3	-1.5992
P	A	139	16.822	1	-2.4465
P	A	174	16.822	3	-1.5992
P	A	209	16.822	1	-2.4465
P	A	217	15.336	0	-3.4554
P	A	225	16.822	0	-3.5451
P	A	230	16.822	0	-3.5451
P	A	251	16.822	2	-1.9357
P	A	272	16.822	0	-3.5451
P	A	295	16.822	0	-3.5451
P	A	322	16.822	8	-0.7119
P	A	330	16.822	1	-2.4465
P	A	337	16.822	2	-1.9357
P	A	373	7.0048	1	-1.6101
P	A	384	16.822	16	-0.048607
P	A	412	16.822	0	-3.5451
P	A	426	16.822	1	-2.4465
P	A	463	16.822	27	0.46222
P	A	479	16.822	2	-1.9357
P	A	486	0.65812	16	2.6566
P	A	491	16.822	2	-1.9357
P	A	499	16.822	0	-3.5451
P	A	507	16.822	5	-1.1472
P	A	521	16.822	5	-1.1472
P	A	527	16.822	0	-3.5451
P	A	561	16.822	3	-1.5992
P	A	579	16.822	4	-1.3479
P	A	589	16.822	0	-3.5451
P	A	600	16.822	2	-1.9357
P	A	621	16.595	31	0.6112
P	A	631	16.822	0	-3.5451
P	A	665	16.822	2	-1.9357
P	A	681	0.84886	0	-0.9924
P	A	715	16.822	1	-2.4465
P	A	728	16.822	2	-1.9357
P	A	792	16.822	2	-1.9357
P	A	793	16.822	1	-2.4465
P	A	807	16.822	0	-3.5451
P	A	809	16.822	3	-1.5992
P	A	812	16.822	14	-0.17782
P	A	862	16.822	4	-1.3479
P	A	863	16.822	0	-3.5451
P	A	897	16.822	0	-3.5451
P	A	1053	16.822	1	-2.4465
P	A	1057	16.822	0	-3.5451
P	A	1069	16.822	1	-2.4465
P	A	1079	16.822	3	-1.5992
P	A	1090	16.822	2	-1.9357
P	A	1112	16.822	7	-0.83706
P	A	1140	16.822	0	-3.5451
P	A	1143	16.595	1	-2.4333
P	A	1162	16.822	38	0.79869
P	A	1213	16.822	0	-3.5451
P	A	1263	16.822	3	-1.5992
P	H	25	48.529	34	-0.35144
P	H	26	48.339	52	0.072274
P	H	39	48.529	18	-0.97463
P	H	57	48.529	0	-4.5855
P	H	82	48.529	101	0.72766
P	H	174	48.529	32	-0.41116
P	H	209	48.529	47	-0.031673
P	H	217	42.403	68	0.4679
P	H	251	48.529	218	1.4944
P	H	272	48.529	70	0.36321
P	H	295	48.529	0	-4.5855
P	H	330	48.529	3	-2.6396
P	H	337	48.529	43	-0.11964
P	H	384	48.529	47	-0.031673
P	H	445	4.4935	9	0.64315
P	H	463	48.529	4	-2.3883
P	H	479	48.529	88	0.5906
P	H	486	4.7223	17	1.2093
P	H	491	48.529	1	-3.4869
P	H	499	48.529	46	-0.05295
P	H	527	48.529	0	-4.5855
P	H	561	48.529	68	0.33443
P	H	621	47.177	37	-0.2401
P	H	631	48.529	26	-0.61526
P	H	665	48.529	1	-3.4869
P	H	681	3.3091	178	3.8472
P	H	715	48.529	0	-4.5855
P	H	863	48.529	2	-2.9761
P	H	1053	48.529	0	-4.5855
P	H	1057	48.529	0	-4.5855
P	H	1069	48.529	18	-0.97463
P	H	1079	48.529	4	-2.3883
P	H	1090	48.529	1	-3.4869
P	H	1140	48.529	1	-3.4869
P	H	1143	47.177	27	-0.55026
P	L	9	696.89	716	0.027027
P	L	25	696.89	352	-0.6823
P	L	26	692.89	616	-0.11754
P	L	39	696.89	17	-3.6852
P	L	57	696.89	13	-3.9447
P	L	82	696.89	151	-1.5268
P	L	85	696.89	88	-2.0643
P	L	139	696.89	50	-2.6254
P	L	174	696.89	109	-1.8514
P	L	209	696.89	139	-1.6093
P	L	217	607.65	106	-1.7423
P	L	225	696.89	10	-4.196
P	L	230	696.89	34	-3.0064
P	L	251	696.89	303	-0.83197
P	L	272	696.89	262	-0.9771
P	L	295	696.89	3	-5.2946
P	L	322	696.89	13	-3.9447
P	L	330	696.89	251	-1.0199
P	L	337	696.89	135	-1.6384
P	L	373	266.22	4	-4.0821
P	L	384	696.89	496	-0.33977
P	L	412	696.89	13	-3.9447
P	L	426	696.89	3	-5.2946
P	L	463	696.89	2	-5.6311
P	L	479	696.89	588	-0.16977
P	L	491	696.89	2	-5.6311
P	L	499	696.89	122	-1.7392
P	L	507	696.89	1	-6.1419
P	L	521	696.89	93	-2.0094
P	L	527	696.89	3	-5.2946
P	L	561	696.89	43	-2.7746
P	L	579	696.89	1	-6.1419
P	L	589	696.89	3	-5.2946
P	L	600	696.89	23	-3.3904
P	L	621	678.39	152	-1.4933
P	L	631	696.89	71	-2.2777
P	L	665	696.89	0	-7.2405
P	L	681	66.889	75	0.11366
P	L	715	696.89	6	-4.6755
P	L	728	696.89	79	-2.1716
P	L	792	696.89	69	-2.306
P	L	793	696.89	153	-1.5137
P	L	807	696.89	76	-2.2101
P	L	809	696.89	289	-0.8792
P	L	812	696.89	1158	0.50753
P	L	862	696.89	7	-4.5324
P	L	863	696.89	11	-4.105
P	L	897	696.89	1	-6.1419
P	L	1053	696.89	4	-5.0433
P	L	1057	696.89	9	-4.2961
P	L	1069	696.89	6	-4.6755
P	L	1079	696.89	21	-3.4793
P	L	1090	696.89	27	-3.2332
P	L	1112	696.89	178	-1.3628
P	L	1140	696.89	8	-4.4073
P	L	1143	678.39	720	0.059487
P	L	1162	696.89	2111	1.1078
P	L	1213	696.89	1	-6.1419
P	L	1263	696.89	1994	1.0508
P	P	9	125.98	75	-0.51595
P	P	25	762.24	579	-0.27476
P	P	26	110.35	84	-0.27138
P	P	39	110.84	148	0.28797
P	P	57	110.84	131	0.1664
P	P	82	110.84	186	0.51582
P	P	85	125.98	118	-0.065169
P	P	139	125.98	225	0.57824
P	P	174	110.84	81	-0.31201
P	P	209	110.84	46	-0.87316
P	P	217	95.134	213	0.80311
P	P	225	125.98	167	0.2809
P	P	230	125.98	134	0.061483
P	P	251	110.84	88	-0.22961
P	P	272	110.84	60	-0.60997
P	P	295	110.84	176	0.46071
P	P	322	125.98	146	0.14694
P	P	330	110.84	56	-0.67837
P	P	337	110.84	124	0.11169
P	P	373	48.497	126	0.94849
P	P	384	110.84	78	-0.34951
P	P	412	125.98	359	1.0446
P	P	426	125.98	76	-0.50279
P	P	445	9.8504	1	-1.9316
P	P	463	110.84	108	-0.025861
P	P	479	110.84	79	-0.33685
P	P	486	10.502	15	0.34273
P	P	491	110.84	118	0.062302
P	P	499	762.24	311	-0.89552
P	P	507	125.98	174	0.32184
P	P	521	125.98	143	0.12625
P	P	527	110.84	57	-0.66083
P	P	561	110.84	105	-0.0539
P	P	579	125.98	147	0.15375
P	P	589	125.98	126	0.00016084
P	P	600	125.98	149	0.16721
P	P	621	107.92	156	0.36703
P	P	631	110.84	243	0.78251
P	P	665	762.24	1289	0.52509
P	P	681	9.0803	13	0.34299
P	P	715	762.24	1141	0.40317
P	P	728	125.98	213	0.52356
P	P	792	125.98	53	-0.8604
P	P	793	125.98	159	0.23196
P	P	807	125.98	131	0.038925
P	P	809	125.98	431	1.2272
P	P	812	125.98	122	-0.03197
P	P	862	125.98	70	-0.58447
P	P	863	110.84	86	-0.25247
P	P	897	125.98	162	0.2506
P	P	1053	110.84	282	0.93107
P	P	1057	110.84	164	0.3903
P	P	1069	110.84	161	0.37189
P	P	1079	110.84	187	0.52117
P	P	1090	110.84	144	0.26067
P	P	1112	125.98	90	-0.33473
P	P	1140	110.84	165	0.39636
P	P	1143	107.92	106	-0.017884
P	P	1162	125.98	218	0.5467
P	P	1213	125.98	220	0.55582
P	P	1263	125.98	207	0.49505
P	Q	9	48.529	19	-0.92199
P	Q	85	48.529	21	-0.82435
P	Q	139	48.529	9	-1.6411
P	Q	225	48.529	1	-3.4869
P	Q	230	48.529	5	-2.1877
P	Q	322	48.529	3	-2.6396
P	Q	373	19.722	0	-3.6999
P	Q	412	48.529	1	-3.4869
P	Q	426	48.529	0	-4.5855
P	Q	507	48.529	0	-4.5855
P	Q	521	48.529	50	0.029571
P	Q	579	48.529	0	-4.5855
P	Q	589	48.529	8	-1.7523
P	Q	600	48.529	1	-3.4869
P	Q	728	48.529	0	-4.5855
P	Q	792	48.529	13	-1.2897
P	Q	793	48.529	12	-1.3667
P	Q	807	48.529	16	-1.089
P	Q	809	48.529	36	-0.29509
P	Q	812	48.529	38	-0.24174
P	Q	862	48.529	9	-1.6411
P	Q	897	48.529	0	-4.5855
P	Q	1112	48.529	82	0.5204
P	Q	1162	48.529	49	0.0095703
P	Q	1213	48.529	4	-2.3883
P	Q	1263	48.529	130	0.97897
P	R	9	16.822	12	-0.32624
P	R	25	16.822	8	-0.7119
P	R	26	16.786	21	0.21813
P	R	39	16.822	1	-2.4465
P	R	57	16.822	0	-3.5451
P	R	82	16.822	9	-0.60068
P	R	85	16.822	10	-0.50059
P	R	139	16.822	5	-1.1472
P	R	174	16.822	13	-0.24928
P	R	209	16.822	7	-0.83706
P	R	217	15.336	1	-2.3568
P	R	225	16.822	0	-3.5451
P	R	230	16.822	1	-2.4465
P	R	251	16.822	4	-1.3479
P	R	272	16.822	7	-0.83706
P	R	295	16.822	0	-3.5451
P	R	322	16.822	1	-2.4465
P	R	330	16.822	1	-2.4465
P	R	337	16.822	31	0.59802
P	R	373	7.0048	0	-2.7087
P	R	384	16.822	7	-0.83706
P	R	412	16.822	6	-0.98016
P	R	426	16.822	0	-3.5451
P	R	445	0.52938	0	-0.7221
P	R	463	16.822	38	0.79869
P	R	479	16.822	36	0.74535
P	R	486	0.65812	0	-0.83995
P	R	491	16.822	0	-3.5451
P	R	499	16.822	38	0.79869
P	R	507	16.822	0	-3.5451
P	R	521	16.822	20	0.16846
P	R	527	16.822	0	-3.5451
P	R	561	16.822	5	-1.1472
P	R	579	16.822	1	-2.4465
P	R	589	16.822	3	-1.5992
P	R	600	16.822	0	-3.5451
P	R	621	16.595	32	0.64245
P	R	631	16.822	7	-0.83706
P	R	665	16.822	0	-3.5451
P	R	681	0.84886	64	3.8674
P	R	715	16.822	1	-2.4465
P	R	728	16.822	0	-3.5451
P	R	792	16.822	3	-1.5992
P	R	793	16.822	7	-0.83706
P	R	807	16.822	1	-2.4465
P	R	809	16.822	24	0.34671
P	R	812	16.822	56	1.1823
P	R	862	16.822	0	-3.5451
P	R	863	16.822	0	-3.5451
P	R	897	16.822	0	-3.5451
P	R	1053	16.822	0	-3.5451
P	R	1057	16.822	2	-1.9357
P	R	1069	16.822	0	-3.5451
P	R	1079	16.822	0	-3.5451
P	R	1090	16.822	0	-3.5451
P	R	1112	16.822	6	-0.98016
P	R	1140	16.822	0	-3.5451
P	R	1143	16.595	9	-0.5875
P	R	1162	16.822	81	1.5486
P	R	1213	16.822	1	-2.4465
P	R	1263	16.822	83	1.5729
P	S	9	696.89	465	-0.40424
P	S	25	696.89	365	-0.64609
P	S	26	692.89	842	0.19477
P	S	39	696.89	60	-2.4447
P	S	57	696.89	56	-2.5131
P	S	82	696.89	174	-1.3854
P	S	85	696.89	275	-0.92876
P	S	139	696.89	112	-1.8244
P	S	174	696.89	609	-0.13471
P	S	209	696.89	104	-1.8982
P	S	217	607.65	197	-1.1247
P	S	225	696.89	4	-5.0433
P	S	230	696.89	56	-2.5131
P	S	251	696.89	174	-1.3854
P	S	272	696.89	216	-1.1698
P	S	295	696.89	2	-5.6311
P	S	322	696.89	209	-1.2026
P	S	330	696.89	650	-0.06961
P	S	337	696.89	196	-1.2667
P	S	384	696.89	455	-0.42596
P	S	412	696.89	2	-5.6311
P	S	426	696.89	67	-2.3352
P	S	445	52.725	36	-0.37721
P	S	463	696.89	401	-0.55214
P	S	479	696.89	489	-0.35397
P	S	491	696.89	119	-1.764
P	S	499	696.89	112	-1.8244
P	S	507	696.89	101	-1.9273
P	S	521	696.89	296	-0.8553
P	S	527	696.89	19	-3.5769
P	S	561	696.89	162	-1.4567
P	S	579	696.89	57	-2.4956
P	S	589	696.89	52	-2.5865
P	S	600	696.89	12	-4.0216
P	S	621	678.39	829	0.20036
P	S	631	696.89	505	-0.3218
P	S	665	696.89	24	-3.3487
P	S	681	66.889	28	-0.86057
P	S	715	696.89	51	-2.6058
P	S	728	696.89	48	-2.6658
P	S	792	696.89	69	-2.306
P	S	793	696.89	127	-1.6992
P	S	807	696.89	165	-1.4384
P	S	809	696.89	932	0.29052
P	S	812	696.89	1075	0.43319
P	S	862	696.89	106	-1.8792
P	S	863	696.89	46	-2.7079
P	S	897	696.89	0	-7.2405
P	S	1053	696.89	3	-5.2946
P	S	1057	696.89	1	-6.1419
P	S	1069	696.89	120	-1.7557
P	S	1079	696.89	726	0.040887
P	S	1090	696.89	32	-3.0661
P	S	1112	696.89	183	-1.3351
P	S	1140	696.89	50	-2.6254
P	S	1143	678.39	493	-0.31894
P	S	1162	696.89	2041	1.0741
P	S	1213	696.89	25	-3.3087
P	S	1263	696.89	198	-1.2566
P	T	9	48.529	121	0.90751
P	T	25	48.529	297	1.803
P	T	26	48.339	22	-0.77502
P	T	39	48.529	11	-1.4501
P	T	57	48.529	5	-2.1877
P	T	82	48.529	27	-0.57822
P	T	85	48.529	17	-1.0302
P	T	139	48.529	9	-1.6411
P	T	174	48.529	22	-0.77889
P	T	209	48.529	18	-0.97463
P	T	217	42.403	14	-1.0848
P	T	225	48.529	2	-2.9761
P	T	230	48.529	7	-1.8775
P	T	251	48.529	83	0.53244
P	T	272	48.529	57	0.15938
P	T	295	48.529	0	-4.5855
P	T	322	48.529	3	-2.6396
P	T	330	48.529	8	-1.7523
P	T	337	48.529	58	0.17662
P	T	373	19.722	5	-1.302
P	T	384	48.529	9	-1.6411
P	T	412	48.529	0	-4.5855
P	T	426	48.529	4	-2.3883
P	T	445	4.4935	1	-1.2027
P	T	463	48.529	150	1.1216
P	T	479	48.529	12	-1.3667
P	T	486	4.7223	0	-2.3461
P	T	491	48.529	3	-2.6396
P	T	499	48.529	24	-0.69373
P	T	507	48.529	3	-2.6396
P	T	521	48.529	71	0.3773
P	T	527	48.529	3	-2.6396
P	T	561	48.529	18	-0.97463
P	T	579	48.529	1	-3.4869
P	T	589	48.529	2	-2.9761
P	T	600	48.529	2	-2.9761
P	T	621	47.177	9	-1.6132
P	T	631	48.529	8	-1.7523
P	T	665	48.529	1	-3.4869
P	T	681	3.3091	1	-0.93192
P	T	715	48.529	2	-2.9761
P	T	728	48.529	3	-2.6396
P	T	792	48.529	34	-0.35144
P	T	793	48.529	31	-0.44241
P	T	807	48.529	32	-0.41116
P	T	809	48.529	54	0.1058
P	T	812	48.529	41	-0.16671
P	T	862	48.529	7	-1.8775
P	T	863	48.529	5	-2.1877
P	T	897	48.529	0	-4.5855
P	T	1053	48.529	0	-4.5855
P	T	1057	48.529	1	-3.4869
P	T	1069	48.529	25	-0.65372
P	T	1079	48.529	369	2.0197
P	T	1090	48.529	11	-1.4501
P	T	1112	48.529	14	-1.2183
P	T	1140	48.529	0	-4.5855
P	T	1143	47.177	19	-0.89403
P	T	1162	48.529	47	-0.031673
P	T	1213	48.529	0	-4.5855
P	T	1263	48.529	43	-0.11964
Q	*	14	696.89	2	-5.6311
Q	*	23	696.89	4	-5.0433
Q	*	52	685.99	2	-5.6153
Q	*	115	696.89	1	-6.1419
Q	*	134	696.89	10	-4.196
Q	*	146	52.725	0	-4.6677
Q	*	173	696.89	3	-5.2946
Q	*	183	644.17	0	-7.1619
Q	*	218	607.65	1	-6.0049
Q	*	239	696.89	2	-5.6311
Q	*	271	696.89	1	-6.1419
Q	*	314	696.89	0	-7.2405
Q	*	321	696.89	2	-5.6311
Q	*	409	696.89	1	-6.1419
Q	*	452	14.674	0	-3.4127
Q	*	474	696.89	3	-5.2946
Q	*	493	516.68	0	-6.9415
Q	*	498	319.65	0	-6.4619
Q	*	506	696.89	2	-5.6311
Q	*	563	696.89	1	-6.1419
Q	*	564	696.89	1	-6.1419
Q	*	580	696.89	0	-7.2405
Q	*	607	696.89	0	-7.2405
Q	*	613	696.89	1	-6.1419
Q	*	628	696.89	2	-5.6311
Q	*	644	696.89	1	-6.1419
Q	*	675	696.89	0	-7.2405
Q	*	677	696.89	0	-7.2405
Q	*	690	696.89	1	-6.1419
Q	*	755	696.89	0	-7.2405
Q	*	762	696.89	0	-7.2405
Q	*	774	696.89	1	-6.1419
Q	*	779	696.89	2	-5.6311
Q	*	784	696.89	0	-7.2405
Q	*	787	696.89	0	-7.2405
Q	*	804	696.89	0	-7.2405
Q	*	836	696.89	2	-5.6311
Q	*	853	696.89	0	-7.2405
Q	*	872	696.89	1	-6.1419
Q	*	895	696.89	4	-5.0433
Q	*	901	696.89	1	-6.1419
Q	*	913	696.89	2	-5.6311
Q	*	920	696.89	5	-4.8426
Q	*	926	696.89	3	-5.2946
Q	*	935	696.89	6	-4.6755
Q	*	949	696.89	0	-7.2405
Q	*	954	319.65	0	-6.4619
Q	*	957	696.89	1	-6.1419
Q	*	965	696.89	2	-5.6311
Q	*	992	696.89	2	-5.6311
Q	*	1002	696.89	3	-5.2946
Q	*	1005	696.89	0	-7.2405
Q	*	1010	696.89	2	-5.6311
Q	*	1011	696.89	2	-5.6311
Q	*	1036	696.89	0	-7.2405
Q	*	1054	696.89	2	-5.6311
Q	*	1071	696.89	0	-7.2405
Q	*	1106	696.89	0	-7.2405
Q	*	1113	696.89	3	-5.2946
Q	*	1142	696.89	0	-7.2405
Q	*	1180	696.89	1	-6.1419
Q	*	1201	696.89	0	-7.2405
Q	*	1208	696.89	3	-5.2946
Q	E	14	16.822	17	0.010234
Q	E	23	16.822	6	-0.98016
Q	E	52	16.719	17	0.01621
Q	E	115	16.822	2	-1.9357
Q	E	134	16.822	17	0.010234
Q	E	146	0.52938	0	-0.7221
Q	E	173	16.822	14	-0.17782
Q	E	183	16.292	43	0.95183
Q	E	218	15.336	84	1.6745
Q	E	239	16.822	4	-1.3479
Q	E	271	16.822	48	1.0296
Q	E	314	16.822	15	-0.11113
Q	E	321	16.822	9	-0.60068
Q	E	409	16.822	8	-0.7119
Q	E	452	0.16399	0	-0.28366
Q	E	474	16.822	23	0.30503
Q	E	493	10.739	46	1.4201
Q	E	498	8.3399	0	-2.8724
Q	E	506	16.822	0	-3.5451
Q	E	563	16.822	0	-3.5451
Q	E	564	16.822	11	-0.40962
Q	E	580	16.822	19	0.11845
Q	E	607	16.822	9	-0.60068
Q	E	613	16.822	121	1.9479
Q	E	628	16.822	67	1.3602
Q	E	644	16.822	2	-1.9357
Q	E	675	16.822	11	-0.40962
Q	E	677	16.822	32	0.62927
Q	E	690	16.822	4	-1.3479
Q	E	755	16.822	0	-3.5451
Q	E	762	16.822	8	-0.7119
Q	E	774	16.822	0	-3.5451
Q	E	779	16.822	60	1.2507
Q	E	784	16.822	2	-1.9357
Q	E	787	16.822	2	-1.9357
Q	E	804	16.822	0	-3.5451
Q	E	836	16.822	58	1.2171
Q	E	853	16.822	1	-2.4465
Q	E	872	16.822	3	-1.5992
Q	E	895	16.822	2	-1.9357
Q	E	901	16.822	0	-3.5451
Q	E	913	16.822	10	-0.50059
Q	E	920	16.822	1	-2.4465
Q	E	926	16.822	5	-1.1472
Q	E	935	16.822	23	0.30503
Q	E	949	16.822	13	-0.24928
Q	E	954	8.3399	0	-2.8724
Q	E	957	16.822	7	-0.83706
Q	E	965	16.822	1	-2.4465
Q	E	992	16.822	0	-3.5451
Q	E	1002	16.822	15	-0.11113
Q	E	1005	16.822	1	-2.4465
Q	E	1010	16.822	10	-0.50059
Q	E	1011	16.822	2	-1.9357
Q	E	1036	16.822	0	-3.5451
Q	E	1054	16.822	208	2.488
Q	E	1071	16.822	18	0.065804
Q	E	1106	16.822	3	-1.5992
Q	E	1113	16.822	19	0.11845
Q	E	1142	16.822	1	-2.4465
Q	E	1180	16.822	16	-0.048607
Q	E	1201	16.822	9	-0.60068
Q	E	1208	16.822	80	1.5363
Q	H	14	414.72	923	0.79937
Q	H	23	36.811	47	0.24144
Q	H	52	410.27	356	-0.14169
Q	H	115	414.72	12	-3.5031
Q	H	134	36.811	38	0.031366
Q	H	146	2.2731	57	3.0318
Q	H	173	414.72	463	0.11001
Q	H	183	393.46	289	-0.30809
Q	H	218	380.2	194	-0.67157
Q	H	239	36.811	17	-0.75709
Q	H	271	36.811	2	-2.703
Q	H	314	36.811	22	-0.50578
Q	H	321	36.811	10	-1.2679
Q	H	409	36.811	5	-1.9145
Q	H	452	6.2941	2	-0.99977
Q	H	474	414.72	164	-0.92589
Q	H	493	27.557	54	0.66397
Q	H	498	17.488	2	-1.9734
Q	H	506	36.811	3	-2.3665
Q	H	563	36.811	4	-2.1152
Q	H	564	36.811	32	-0.13805
Q	H	580	414.72	274	-0.41385
Q	H	607	414.72	173	-0.87262
Q	H	613	414.72	1585	1.3399
Q	H	628	36.811	6	-1.7475
Q	H	644	36.811	0	-4.3124
Q	H	675	414.72	1167	1.0338
Q	H	677	414.72	1939	1.5414
Q	H	690	36.811	43	0.15347
Q	H	755	36.811	15	-0.87845
Q	H	762	36.811	10	-1.2679
Q	H	774	36.811	0	-4.3124
Q	H	779	36.811	60	0.48335
Q	H	784	36.811	29	-0.2349
Q	H	787	36.811	68	0.60754
Q	H	804	36.811	32	-0.13805
Q	H	836	36.811	75	0.70484
Q	H	853	36.811	9	-1.368
Q	H	872	36.811	7	-1.6044
Q	H	895	36.811	17	-0.75709
Q	H	901	36.811	3	-2.3665
Q	H	913	414.72	164	-0.92589
Q	H	920	36.811	3	-2.3665
Q	H	926	36.811	15	-0.87845
Q	H	935	36.811	4	-2.1152
Q	H	949	36.811	2	-2.703
Q	H	954	17.488	44	0.90578
Q	H	957	36.811	15	-0.87845
Q	H	965	36.811	0	-4.3124
Q	H	992	36.811	8	-1.4792
Q	H	1002	36.811	19	-0.64888
Q	H	1005	414.72	220	-0.6329
Q	H	1010	36.811	1	-3.2138
Q	H	1011	36.811	14	-0.94514
Q	H	1036	36.811	4	-2.1152
Q	H	1054	414.72	1	-5.6233
Q	H	1071	36.811	48	0.26227
Q	H	1106	36.811	6	-1.7475
Q	H	1113	36.811	45	0.19842
Q	H	1142	36.811	3	-2.3665
Q	H	1180	36.811	24	-0.42062
Q	H	1201	36.811	139	1.3188
Q	H	1208	414.72	802	0.65893
Q	K	14	48.529	36	-0.29509
Q	K	23	48.529	11	-1.4501
Q	K	52	47.694	54	0.12297
Q	K	115	48.529	1	-3.4869
Q	K	134	48.529	15	-1.1516
Q	K	146	4.4935	0	-2.3013
Q	K	173	48.529	106	0.77574
Q	K	183	44.035	48	0.085288
Q	K	218	42.403	34	-0.21797
Q	K	239	48.529	27	-0.57822
Q	K	271	48.529	76	0.44489
Q	K	314	48.529	221	1.508
Q	K	321	48.529	39	-0.2161
Q	K	409	48.529	8	-1.7523
Q	K	452	0.94116	2	0.55084
Q	K	474	48.529	52	0.068411
Q	K	493	35.67	57	0.46356
Q	K	498	21.223	5	-1.3736
Q	K	506	48.529	4	-2.3883
Q	K	563	48.529	0	-4.5855
Q	K	564	48.529	0	-4.5855
Q	K	580	48.529	10	-1.541
Q	K	607	48.529	61	0.22663
Q	K	613	48.529	16	-1.089
Q	K	628	48.529	215	1.4806
Q	K	644	48.529	2	-2.9761
Q	K	675	48.529	166	1.2226
Q	K	677	48.529	23	-0.7354
Q	K	690	48.529	17	-1.0302
Q	K	755	48.529	0	-4.5855
Q	K	762	48.529	2	-2.9761
Q	K	774	48.529	0	-4.5855
Q	K	779	48.529	128	0.96353
Q	K	784	48.529	6	-2.0206
Q	K	787	48.529	147	1.1014
Q	K	804	48.529	47	-0.031673
Q	K	836	48.529	33	-0.38086
Q	K	853	48.529	20	-0.87198
Q	K	872	48.529	4	-2.3883
Q	K	895	48.529	8	-1.7523
Q	K	901	48.529	0	-4.5855
Q	K	913	48.529	1	-3.4869
Q	K	920	48.529	0	-4.5855
Q	K	926	48.529	7	-1.8775
Q	K	935	48.529	14	-1.2183
Q	K	949	48.529	11	-1.4501
Q	K	954	21.223	14	-0.40422
Q	K	957	48.529	7	-1.8775
Q	K	965	48.529	2	-2.9761
Q	K	992	48.529	0	-4.5855
Q	K	1002	48.529	2	-2.9761
Q	K	1005	48.529	1	-3.4869
Q	K	1010	48.529	3	-2.6396
Q	K	1011	48.529	0	-4.5855
Q	K	1036	48.529	0	-4.5855
Q	K	1054	48.529	0	-4.5855
Q	K	1071	48.529	47	-0.031673
Q	K	1106	48.529	3	-2.6396
Q	K	1113	48.529	194	1.378
Q	K	1142	48.529	10	-1.541
Q	K	1180	48.529	138	1.0385
Q	K	1201	48.529	733	2.7054
Q	K	1208	48.529	21	-0.82435
Q	L	14	25.461	34	0.28435
Q	L	23	25.461	71	1.0131
Q	L	52	24.982	39	0.43835
Q	L	115	25.461	11	-0.81426
Q	L	134	25.461	43	0.51615
Q	L	146	2.2731	12	1.5058
Q	L	173	25.461	25	-0.017928
Q	L	183	23.188	70	1.0906
Q	L	218	22.157	43	0.65227
Q	L	239	25.461	27	0.05758
Q	L	271	25.461	35	0.31293
Q	L	314	25.461	12	-0.73088
Q	L	321	25.461	94	1.292
Q	L	409	25.461	6	-1.3848
Q	L	474	25.461	1	-2.8511
Q	L	493	19.231	135	1.9268
Q	L	498	11.98	2	-1.6078
Q	L	506	25.461	2	-2.3403
Q	L	563	25.461	1	-2.8511
Q	L	564	25.461	31	0.19338
Q	L	580	25.461	63	0.89443
Q	L	607	25.461	30	0.16112
Q	L	613	25.461	15	-0.51577
Q	L	628	25.461	39	0.41969
Q	L	644	25.461	6	-1.3848
Q	L	675	25.461	56	0.77763
Q	L	677	25.461	76	1.0807
Q	L	690	25.461	41	0.46909
Q	L	755	25.461	3	-2.0038
Q	L	762	25.461	17	-0.39441
Q	L	774	25.461	1	-2.8511
Q	L	779	25.461	51	0.68498
Q	L	784	25.461	55	0.75978
Q	L	787	25.461	29	0.12778
Q	L	804	25.461	24	-0.057933
Q	L	836	25.461	157	1.8028
Q	L	853	25.461	12	-0.73088
Q	L	872	25.461	19	-0.28619
Q	L	895	25.461	4	-1.7525
Q	L	901	25.461	0	-3.9498
Q	L	913	25.461	8	-1.1165
Q	L	920	25.461	1	-2.8511
Q	L	926	25.461	33	0.25494
Q	L	935	25.461	10	-0.90523
Q	L	949	25.461	10	-0.90523
Q	L	954	11.98	23	0.63289
Q	L	957	25.461	62	0.87856
Q	L	965	25.461	0	-3.9498
Q	L	992	25.461	0	-3.9498
Q	L	1002	25.461	5	-1.5519
Q	L	1005	25.461	14	-0.58246
Q	L	1010	25.461	34	0.28435
Q	L	1011	25.461	12	-0.73088
Q	L	1036	25.461	1	-2.8511
Q	L	1054	25.461	14	-0.58246
Q	L	1071	25.461	50	0.66537
Q	L	1106	25.461	8	-1.1165
Q	L	1113	25.461	75	1.0675
Q	L	1142	25.461	43	0.51615
Q	L	1180	25.461	28	0.093298
Q	L	1201	25.461	51	0.68498
Q	L	1208	25.461	17	-0.39441
Q	P	14	11.35	2	-1.556
Q	P	23	11.35	12	0.053412
Q	P	52	11.168	8	-0.31682
Q	P	115	11.35	2	-1.556
Q	P	134	11.35	0	-3.1655
Q	P	146	0.88576	63	3.8248
Q	P	173	11.35	2	-1.556
Q	P	183	10.464	50	1.5273
Q	P	218	9.8232	16	0.46897
Q	P	239	11.35	0	-3.1655
Q	P	271	11.35	0	-3.1655
Q	P	314	11.35	1	-2.0669
Q	P	321	11.35	7	-0.45741
Q	P	409	11.35	0	-3.1655
Q	P	452	0.16653	0	-0.28748
Q	P	474	11.35	2	-1.556
Q	P	493	8.3255	7	-0.16275
Q	P	498	5.5083	0	-2.4863
Q	P	506	11.35	1	-2.0669
Q	P	563	11.35	0	-3.1655
Q	P	564	11.35	1	-2.0669
Q	P	580	11.35	0	-3.1655
Q	P	607	11.35	0	-3.1655
Q	P	613	11.35	1	-2.0669
Q	P	628	11.35	0	-3.1655
Q	P	644	11.35	2	-1.556
Q	P	675	11.35	13	0.13037
Q	P	677	11.35	32	1.0089
Q	P	690	11.35	4	-0.96824
Q	P	755	11.35	0	-3.1655
Q	P	762	11.35	0	-3.1655
Q	P	774	11.35	0	-3.1655
Q	P	779	11.35	0	-3.1655
Q	P	784	11.35	3	-1.2196
Q	P	787	11.35	0	-3.1655
Q	P	804	11.35	19	0.4981
Q	P	836	11.35	9	-0.22102
Q	P	853	11.35	1	-2.0669
Q	P	872	11.35	0	-3.1655
Q	P	895	11.35	0	-3.1655
Q	P	901	11.35	0	-3.1655
Q	P	913	11.35	0	-3.1655
Q	P	920	11.35	1	-2.0669
Q	P	926	11.35	0	-3.1655
Q	P	935	11.35	0	-3.1655
Q	P	949	11.35	0	-3.1655
Q	P	954	5.5083	0	-2.4863
Q	P	957	11.35	0	-3.1655
Q	P	965	11.35	0	-3.1655
Q	P	992	11.35	0	-3.1655
Q	P	1002	11.35	0	-3.1655
Q	P	1005	11.35	0	-3.1655
Q	P	1010	11.35	0	-3.1655
Q	P	1011	11.35	0	-3.1655
Q	P	1036	11.35	0	-3.1655
Q	P	1054	11.35	0	-3.1655
Q	P	1071	11.35	0	-3.1655
Q	P	1106	11.35	1	-2.0669
Q	P	1113	11.35	0	-3.1655
Q	P	1142	11.35	0	-3.1655
Q	P	1180	11.35	0	-3.1655
Q	P	1201	11.35	1	-2.0669
Q	P	1208	11.35	1	-2.0669
Q	Q	14	192.69	73	-0.96641
Q	Q	23	89.169	60	-0.39348
Q	Q	52	189.2	230	0.19481
Q	Q	115	192.69	159	-0.19166
Q	Q	134	89.169	58	-0.42709
Q	Q	146	7.8667	1	-1.7188
Q	Q	173	192.69	110	-0.55868
Q	Q	183	175.08	61	-1.049
Q	Q	218	167.31	89	-0.62858
Q	Q	239	89.169	28	-1.1462
Q	Q	271	89.169	25	-1.2574
Q	Q	314	89.169	39	-0.81982
Q	Q	321	89.169	321	1.2769
Q	Q	409	89.169	35	-0.92659
Q	Q	452	3.7463	1	-1.0406
Q	Q	474	192.69	155	-0.21705
Q	Q	493	66.479	47	-0.34364
Q	Q	498	41.285	15	-0.99171
Q	Q	506	89.169	39	-0.81982
Q	Q	563	89.169	50	-0.57415
Q	Q	564	89.169	51	-0.55454
Q	Q	580	192.69	108	-0.57695
Q	Q	607	192.69	169	-0.13085
Q	Q	613	192.69	102	-0.63384
Q	Q	628	89.169	41	-0.77043
Q	Q	644	89.169	26	-1.219
Q	Q	675	192.69	278	0.36572
Q	Q	677	192.69	81	-0.8631
Q	Q	690	89.169	83	-0.071273
Q	Q	755	89.169	46	-0.65667
Q	Q	762	89.169	43	-0.72336
Q	Q	774	89.169	63	-0.34508
Q	Q	779	89.169	53	-0.51644
Q	Q	784	89.169	46	-0.65667
Q	Q	787	89.169	51	-0.55454
Q	Q	804	89.169	26	-1.219
Q	Q	836	89.169	72	-0.21253
Q	Q	853	89.169	48	-0.61456
Q	Q	872	89.169	41	-0.77043
Q	Q	895	89.169	38	-0.84546
Q	Q	901	89.169	25	-1.2574
Q	Q	913	192.69	57	-1.2119
Q	Q	920	89.169	19	-1.5257
Q	Q	926	89.169	55	-0.47974
Q	Q	935	89.169	95	0.063007
Q	Q	949	89.169	64	-0.32945
Q	Q	954	41.285	11	-1.2902
Q	Q	957	89.169	71	-0.22642
Q	Q	965	89.169	47	-0.63539
Q	Q	992	89.169	27	-1.1819
Q	Q	1002	89.169	70	-0.24051
Q	Q	1005	192.69	92	-0.73649
Q	Q	1010	89.169	24	-1.2974
Q	Q	1011	89.169	30	-1.0784
Q	Q	1036	89.169	71	-0.22642
Q	Q	1054	192.69	152	-0.23653
Q	Q	1071	89.169	91	0.020219
Q	Q	1106	89.169	53	-0.51644
Q	Q	1113	89.169	49	-0.59415
Q	Q	1142	89.169	28	-1.1462
Q	Q	1180	89.169	28	-1.1462
Q	Q	1201	89.169	75	-0.17199
Q	Q	1208	192.69	45	-1.446
Q	R	14	89.169	186	0.73231
Q	R	23	89.169	58	-0.42709
Q	R	52	87.594	122	0.32971
Q	R	115	89.169	6	-2.6243
Q	R	134	89.169	35	-0.92659
Q	R	146	7.8667	3	-0.8715
Q	R	173	89.169	95	0.063007
Q	R	183	81.302	158	0.66146
Q	R	218	77.965	160	0.71565
Q	R	239	89.169	77	-0.14584
Q	R	271	89.169	51	-0.55454
Q	R	314	89.169	17	-1.6339
Q	R	321	89.169	42	-0.74662
Q	R	409	89.169	2	-3.5798
Q	R	452	1.9003	10	1.4758
Q	R	474	89.169	33	-0.98457
Q	R	493	66.479	163	0.89244
Q	R	498	41.285	37	-0.10821
Q	R	506	89.169	2	-3.5798
Q	R	563	89.169	0	-5.1893
Q	R	564	89.169	2	-3.5798
Q	R	580	89.169	49	-0.59415
Q	R	607	89.169	100	0.11404
Q	R	613	89.169	32	-1.0149
Q	R	628	89.169	41	-0.77043
Q	R	644	89.169	2	-3.5798
Q	R	675	89.169	157	0.56331
Q	R	677	89.169	107	0.18137
Q	R	690	89.169	60	-0.39348
Q	R	755	89.169	5	-2.7914
Q	R	762	89.169	2	-3.5798
Q	R	774	89.169	2	-3.5798
Q	R	779	89.169	71	-0.22642
Q	R	784	89.169	17	-1.6339
Q	R	787	89.169	37	-0.87178
Q	R	804	89.169	20	-1.4757
Q	R	836	89.169	87	-0.024481
Q	R	853	89.169	36	-0.89881
Q	R	872	89.169	1	-4.0907
Q	R	895	89.169	1	-4.0907
Q	R	901	89.169	1	-4.0907
Q	R	913	89.169	3	-3.2434
Q	R	920	89.169	1	-4.0907
Q	R	926	89.169	5	-2.7914
Q	R	935	89.169	16	-1.6928
Q	R	949	89.169	16	-1.6928
Q	R	954	41.285	7	-1.7176
Q	R	957	89.169	65	-0.31407
Q	R	965	89.169	0	-5.1893
Q	R	992	89.169	0	-5.1893
Q	R	1002	89.169	0	-5.1893
Q	R	1005	89.169	0	-5.1893
Q	R	1010	89.169	9	-2.2448
Q	R	1011	89.169	4	-2.992
Q	R	1036	89.169	0	-5.1893
Q	R	1054	89.169	1	-4.0907
Q	R	1071	89.169	61	-0.37708
Q	R	1106	89.169	3	-3.2434
Q	R	1113	89.169	53	-0.51644
Q	R	1142	89.169	21	-1.4281
Q	R	1180	89.169	34	-0.95516
Q	R	1201	89.169	66	-0.29892
Q	R	1208	89.169	23	-1.3391
R	*	19	8.3308	0	-2.8714
R	*	21	24.682	1	-2.8207
R	*	44	25.461	0	-3.9498
R	*	102	25.461	1	-2.8511
R	*	158	16.351	0	-3.5176
R	*	246	25.461	0	-3.9498
R	*	319	25.461	1	-2.8511
R	*	328	25.461	0	-3.9498
R	*	346	23.041	0	-3.8519
R	*	357	25.461	0	-3.9498
R	*	403	24.682	0	-3.9193
R	*	408	15.284	1	-2.3535
R	*	454	25.461	0	-3.9498
R	*	466	25.461	0	-3.9498
R	*	478	0.3061	0	-0.4776
R	*	493	180.22	0	-5.8901
R	*	498	266.22	0	-6.2794
R	*	509	25.461	0	-3.9498
R	*	567	25.461	0	-3.9498
R	*	847	25.461	0	-3.9498
R	*	1000	25.461	0	-3.9498
R	*	1014	25.461	0	-3.9498
R	*	1019	25.461	0	-3.9498
R	*	1039	25.461	0	-3.9498
R	C	34	696.89	46	-2.7079
R	C	214	607.65	66	-2.2132
R	C	577	696.89	56	-2.5131
R	C	634	696.89	3	-5.2946
R	C	646	696.89	4	-5.0433
R	C	681	224.85	21	-2.3496
R	C	685	696.89	4	-5.0433
R	C	765	696.89	588	-0.16977
R	C	983	696.89	3	-5.2946
R	C	1091	696.89	158	-1.4816
R	C	1185	696.89	139	-1.6093
R	G	19	29.404	45	0.41973
R	G	21	87.145	71	-0.20359
R	G	34	16.822	1	-2.4465
R	G	44	89.169	0	-5.1893
R	G	78	89.169	59	-0.41014
R	G	102	89.169	106	0.17203
R	G	152	0.035714	0	-0.068992
R	G	158	57.741	96	0.50495
R	G	190	88.767	48	-0.61006
R	G	214	15.336	1	-2.3568
R	G	237	89.169	14	-1.822
R	G	246	89.169	32	-1.0149
R	G	273	89.169	5	-2.7914
R	G	319	89.169	0	-5.1893
R	G	328	89.169	1	-4.0907
R	G	346	80.777	75	-0.073731
R	G	355	89.169	2	-3.5798
R	G	357	89.169	9	-2.2448
R	G	403	87.145	7	-2.4584
R	G	408	52.489	22	-0.85658
R	G	452	6.019	0	-2.5679
R	G	454	89.169	0	-5.1893
R	G	457	89.169	3	-3.2434
R	G	466	89.169	0	-5.1893
R	G	478	1.0792	2	0.45937
R	G	493	6.0828	2	-0.96817
R	G	498	7.0048	0	-2.7087
R	G	509	89.169	0	-5.1893
R	G	567	89.169	2	-3.5798
R	G	577	16.822	0	-3.5451
R	G	634	16.822	0	-3.5451
R	G	646	16.822	0	-3.5451
R	G	681	6.0287	2	-0.95991
R	G	682	16.822	1	-2.4465
R	G	683	16.822	1	-2.4465
R	G	685	16.822	0	-3.5451
R	G	765	16.822	30	0.56576
R	G	815	89.169	1	-4.0907
R	G	847	89.169	0	-5.1893
R	G	905	89.169	1	-4.0907
R	G	983	16.822	0	-3.5451
R	G	995	89.169	3	-3.2434
R	G	1000	89.169	0	-5.1893
R	G	1014	89.169	4	-2.992
R	G	1019	89.169	0	-5.1893
R	G	1039	89.169	2	-3.5798
R	G	1091	16.822	5	-1.1472
R	G	1107	89.169	9	-2.2448
R	G	1185	16.822	1	-2.4465
R	H	34	192.69	28	-1.9138
R	H	214	167.31	364	0.77571
R	H	577	192.69	0	-5.9568
R	H	634	192.69	63	-1.1127
R	H	646	192.69	188	-0.024601
R	H	681	62.816	336	1.6705
R	H	685	192.69	10	-2.9123
R	H	765	192.69	192	-0.0036032
R	H	983	192.69	1	-4.8582
R	H	1091	192.69	282	0.37998
R	H	1185	192.69	164	-0.16079
R	I	19	168.06	250	0.3962
R	I	21	385.54	574	0.39757
R	I	44	392.03	5	-4.2679
R	I	102	392.03	210	-0.62314
R	I	158	217.48	21	-2.3164
R	I	246	392.03	159	-0.90058
R	I	319	392.03	0	-6.6658
R	I	328	392.03	0	-6.6658
R	I	346	371.46	404	0.083866
R	I	357	392.03	49	-2.0706
R	I	403	385.54	29	-2.5715
R	I	408	278.1	218	-0.24301
R	I	454	392.03	4	-4.4685
R	I	466	392.03	38	-2.322
R	I	478	3.04	1	-0.85866
R	I	509	392.03	2	-5.0563
R	I	567	392.03	76	-1.6353
R	I	847	392.03	55	-1.9562
R	I	1000	392.03	2	-5.0563
R	I	1014	392.03	32	-2.4914
R	I	1019	392.03	1	-5.5672
R	I	1039	392.03	2	-5.0563
R	K	19	57.967	52	-0.10764
R	K	21	187.85	137	-0.31465
R	K	44	192.69	10	-2.9123
R	K	78	192.69	243	0.23142
R	K	102	192.69	100	-0.65354
R	K	158	129.88	35	-1.3009
R	K	190	191.76	222	0.14609
R	K	237	192.69	186	-0.035268
R	K	246	192.69	69	-1.0224
R	K	273	192.69	49	-1.3617
R	K	319	192.69	13	-2.661
R	K	328	192.69	0	-5.9568
R	K	346	173.69	713	1.41
R	K	355	192.69	2	-4.3474
R	K	357	192.69	148	-0.26311
R	K	403	187.85	116	-0.48038
R	K	408	108.55	29	-1.3075
R	K	454	192.69	2	-4.3474
R	K	457	192.69	10	-2.9123
R	K	466	192.69	8	-3.1236
R	K	478	2.5839	19	1.8442
R	K	509	192.69	2	-4.3474
R	K	567	192.69	74	-0.9529
R	K	815	192.69	58	-1.1947
R	K	847	192.69	94	-0.7151
R	K	905	192.69	0	-5.9568
R	K	995	192.69	0	-5.9568
R	K	1000	192.69	0	-5.9568
R	K	1014	192.69	78	-0.9006
R	K	1019	192.69	2	-4.3474
R	K	1039	192.69	3	-4.0109
R	K	1107	192.69	51	-1.3221
R	L	34	392.03	87	-1.501
R	L	152	1.0836	2	0.45659
R	L	214	360.01	709	0.67705
R	L	493	67.756	447	1.8804
R	L	498	99.484	4	-3.1009
R	L	577	392.03	45	-2.1549
R	L	634	392.03	20	-2.9522
R	L	646	392.03	54	-1.9744
R	L	681	174.55	166	-0.050095
R	L	682	392.03	92	-1.4454
R	L	683	392.03	419	0.066441
R	L	685	392.03	11	-3.5303
R	L	765	392.03	552	0.34183
R	L	983	392.03	6	-4.1008
R	L	1091	392.03	317	-0.21214
R	L	1185	392.03	51	-2.031
R	M	78	392.03	311	-0.23122
R	M	190	388.63	141	-1.0116
R	M	237	392.03	126	-1.1324
R	M	273	392.03	102	-1.3428
R	M	355	392.03	1	-5.5672
R	M	457	392.03	7	-3.9577
R	M	815	392.03	26	-2.6955
R	M	905	392.03	0	-6.6658
R	M	995	392.03	1	-5.5672
R	M	1107	392.03	47	-2.1119
R	P	34	22.683	10	-0.79204
R	P	152	0.13091	0	-0.23256
R	P	214	20.192	20	-0.0093266
R	P	452	8.4132	0	-2.8807
R	P	493	5.3127	2	-0.84376
R	P	498	8.0785	0	-2.8424
R	P	577	22.683	0	-3.8366
R	P	634	22.683	0	-3.8366
R	P	646	22.683	13	-0.54073
R	P	682	22.683	4	-1.6393
R	P	683	22.683	20	-0.12299
R	P	685	22.683	0	-3.8366
R	P	765	22.683	0	-3.8366
R	P	983	22.683	0	-3.8366
R	P	1091	22.683	6	-1.2716
R	P	1185	22.683	2	-2.2271
R	Q	152	1.3819	7	1.3826
R	Q	452	63.701	134	0.73954
R	Q	682	192.69	23	-2.1067
R	Q	683	192.69	329	0.53388
R	R	19	33.361	25	-0.2836
R	R	21	98.29	77	-0.24272
R	R	34	110.84	109	-0.016687
R	R	44	100.52	152	0.41186
R	R	78	204.04	125	-0.48848
R	R	102	100.52	90	-0.10995
R	R	152	2.8928	10	1.1297
R	R	158	64.929	47	-0.32023
R	R	190	203.06	377	0.6176
R	R	214	95.134	105	0.098184
R	R	237	204.04	113	-0.58898
R	R	246	100.52	30	-1.1976
R	R	273	204.04	157	-0.26136
R	R	319	100.52	37	-0.99096
R	R	328	100.52	128	0.24063
R	R	346	91.192	93	0.01953
R	R	355	204.04	261	0.24565
R	R	357	100.52	95	-0.056176
R	R	403	98.29	44	-0.79751
R	R	408	59.524	85	0.35376
R	R	452	265.93	146	-0.59809
R	R	454	100.52	121	0.18461
R	R	457	204.04	126	-0.48054
R	R	466	100.52	85	-0.16679
R	R	478	1.2021	0	-1.225
R	R	493	44.803	65	0.36868
R	R	498	68.219	71	0.039675
R	R	509	100.52	46	-0.77585
R	R	567	100.52	61	-0.49627
R	R	577	110.84	207	0.62252
R	R	634	110.84	42	-0.96311
R	R	646	110.84	76	-0.37532
R	R	681	34.988	56	0.46506
R	R	682	655.94	1303	0.68598
R	R	683	655.94	944	0.36382
R	R	685	110.84	20	-1.6922
R	R	765	110.84	85	-0.26409
R	R	815	204.04	131	-0.44178
R	R	847	100.52	102	0.01456
R	R	905	204.04	86	-0.86064
R	R	983	110.84	82	-0.29981
R	R	995	204.04	121	-0.52087
R	R	1000	100.52	44	-0.81981
R	R	1014	100.52	90	-0.10995
R	R	1019	100.52	92	-0.088094
R	R	1039	100.52	86	-0.15516
R	R	1091	110.84	147	0.28122
R	R	1107	204.04	78	-0.95769
R	R	1185	762.24	338	-0.8124
R	S	19	12.289	35	1.021
R	S	21	35.828	71	0.67712
R	S	34	48.529	5	-2.1877
R	S	44	36.811	0	-4.3124
R	S	78	414.72	194	-0.75837
R	S	102	36.811	49	0.28268
R	S	158	23.539	66	1.0175
R	S	190	411.18	286	-0.3625
R	S	214	42.403	19	-0.78852
R	S	237	414.72	92	-1.5016
R	S	246	36.811	50	0.30268
R	S	273	414.72	393	-0.05372
R	S	319	36.811	0	-4.3124
R	S	328	36.811	1	-3.2138
R	S	346	33.456	258	2.0298
R	S	355	414.72	11	-3.5865
R	S	357	36.811	13	-1.0166
R	S	403	35.828	21	-0.52453
R	S	408	22.319	77	1.2227
R	S	454	36.811	0	-4.3124
R	S	457	414.72	31	-2.5788
R	S	466	36.811	6	-1.7475
R	S	478	0.42904	1	0.47907
R	S	509	36.811	2	-2.703
R	S	567	36.811	13	-1.0166
R	S	577	48.529	6	-2.0206
R	S	634	48.529	0	-4.5855
R	S	646	48.529	9	-1.6411
R	S	681	16.856	9	-0.60263
R	S	685	48.529	2	-2.9761
R	S	765	48.529	49	0.0095703
R	S	815	414.72	5	-4.3241
R	S	847	36.811	8	-1.4792
R	S	905	414.72	1	-5.6233
R	S	983	48.529	0	-4.5855
R	S	995	414.72	0	-6.7219
R	S	1000	36.811	2	-2.703
R	S	1014	36.811	25	-0.38061
R	S	1019	36.811	3	-2.3665
R	S	1039	36.811	6	-1.7475
R	S	1091	48.529	27	-0.57822
R	S	1107	414.72	117	-1.2624
R	S	1185	48.529	42	-0.1429
R	T	21	22.119	674	3.3952
R	T	44	22.683	1	-2.738
R	T	78	22.683	3	-1.8907
R	T	102	22.683	9	-0.89213
R	T	158	14.248	7	-0.67618
R	T	190	22.548	21	-0.069524
R	T	237	22.683	2	-2.2271
R	T	246	22.683	97	1.4364
R	T	273	22.683	42	0.60609
R	T	319	22.683	3	-1.8907
R	T	328	22.683	0	-3.8366
R	T	346	20.785	1360	4.1576
R	T	355	22.683	0	-3.8366
R	T	357	22.683	15	-0.40258
R	T	403	22.119	13	-0.5161
R	T	408	13.494	11	-0.19625
R	T	454	22.683	0	-3.8366
R	T	457	22.683	1	-2.738
R	T	466	22.683	3	-1.8907
R	T	509	22.683	2	-2.2271
R	T	567	22.683	1	-2.738
R	T	815	22.683	4	-1.6393
R	T	847	22.683	201	2.1624
R	T	905	22.683	1	-2.738
R	T	995	22.683	0	-3.8366
R	T	1000	22.683	0	-3.8366
R	T	1014	22.683	125	1.6889
R	T	1019	22.683	5	-1.4387
R	T	1039	22.683	3	-1.8907
R	T	1107	22.683	4	-1.6393
R	W	78	25.461	12	-0.73088
R	W	190	25.346	25	-0.013468
R	W	237	25.461	2	-2.3403
R	W	273	25.461	0	-3.9498
R	W	355	25.461	0	-3.9498
R	W	452	226.36	71	-1.1546
R	W	457	25.461	2	-2.3403
R	W	682	696.89	116	-1.7895
R	W	683	696.89	683	-0.020125
R	W	815	25.461	1	-2.8511
R	W	905	25.461	0	-3.9498
R	W	995	25.461	0	-3.9498
R	W	1107	25.461	3	-2.0038
S	*	46	65.35	0	-4.8805
S	*	50	63.772	0	-4.8563
S	*	112	48.529	2	-2.9761
S	*	157	1.5786	0	-1.4248
S	*	221	48.529	0	-4.5855
S	*	256	65.35	0	-4.8805
S	*	297	65.35	0	-4.8805
S	*	373	29.563	0	-4.0964
S	*	399	65.35	0	-4.8805
S	*	455	1.3518	0	-1.3093
S	*	469	65.35	0	-4.8805
S	*	494	65.35	1	-3.7819
S	*	659	65.35	0	-4.8805
S	*	698	65.35	0	-4.8805
S	*	704	64.245	0	-4.8636
S	*	735	65.35	0	-4.8805
S	*	746	65.35	0	-4.8805
S	*	803	65.35	0	-4.8805
S	*	810	65.35	0	-4.8805
S	*	816	65.35	0	-4.8805
S	*	937	65.35	0	-4.8805
S	*	974	65.35	0	-4.8805
S	*	982	61.251	0	-4.8163
S	*	1030	65.35	2	-3.2711
S	*	1037	65.35	0	-4.8805
S	*	1055	65.35	0	-4.8805
S	*	1097	65.35	0	-4.8805
S	*	1147	65.35	0	-4.8805
S	*	1161	65.35	0	-4.8805
S	*	1175	65.35	0	-4.8805
S	A	12	11.238	19	0.50756
S	A	26	0.072863	0	-0.13604
S	A	31	11.238	8	-0.32279
S	A	45	11.238	14	0.21129
S	A	46	11.238	34	1.0781
S	A	50	10.985	17	0.42119
S	A	60	11.238	25	0.77582
S	A	71	11.238	45	1.3549
S	A	94	11.238	43	1.3099
S	A	98	11.238	14	0.21129
S	A	112	11.238	26	0.81429
S	A	116	11.238	1	-2.0574
S	A	157	0.25363	0	-0.41029
S	A	161	11.238	25	0.77582
S	A	172	11.238	24	0.73582
S	A	205	11.238	6	-0.59105
S	A	221	11.238	37	1.1615
S	A	254	11.238	8	-0.32279
S	A	255	11.238	13	0.13983
S	A	256	11.238	34	1.0781
S	A	297	11.238	18	0.45492
S	A	305	11.238	20	0.55757
S	A	316	11.238	14	0.21129
S	A	325	11.238	7	-0.44795
S	A	349	11.238	12	0.062873
S	A	366	11.238	5	-0.75811
S	A	371	5.6693	12	0.70614
S	A	373	5.6693	17	1.0426
S	A	375	5.6693	14	0.85456
S	A	383	11.238	1	-2.0574
S	A	399	11.238	2	-1.5466
S	A	438	11.238	3	-1.2101
S	A	443	11.238	23	0.69414
S	A	455	0.25363	4	1.7869
S	A	459	11.238	9	-0.21156
S	A	469	11.238	6	-0.59105
S	A	486	0.24817	5	1.9949
S	A	490	0.80402	4	1.2386
S	A	494	11.238	21	0.6052
S	A	514	11.238	12	0.062873
S	A	530	11.238	0	-3.156
S	A	555	11.238	0	-3.156
S	A	591	11.238	10	-0.11148
S	A	605	11.238	4	-0.95878
S	A	621	0.25363	1	0.68832
S	A	637	11.238	8	-0.32279
S	A	640	11.238	16	0.3405
S	A	659	11.238	14	0.21129
S	A	680	11.238	23	0.69414
S	A	691	11.238	28	0.88705
S	A	698	11.238	19	0.50756
S	A	704	11.031	37	1.1793
S	A	708	11.238	11	-0.020508
S	A	711	11.238	14	0.21129
S	A	730	11.238	14	0.21129
S	A	735	11.238	42	1.2866
S	A	746	11.238	2	-1.5466
S	A	803	11.238	7	-0.44795
S	A	810	11.238	48	1.4187
S	A	816	11.238	0	-3.156
S	A	875	11.238	24	0.73582
S	A	884	11.238	36	1.1345
S	A	937	11.238	14	0.21129
S	A	939	10.985	17	0.42119
S	A	940	11.238	31	0.98713
S	A	968	11.238	4	-0.95878
S	A	974	11.238	0	-3.156
S	A	982	10.257	184	2.8421
S	A	1021	11.238	7	-0.44795
S	A	1030	11.238	15	0.27798
S	A	1037	11.238	1	-2.0574
S	A	1051	11.238	0	-3.156
S	A	1055	11.238	17	0.39935
S	A	1097	11.238	26	0.81429
S	A	1123	11.238	22	0.65066
S	A	1147	11.238	24	0.73582
S	A	1161	11.238	12	0.062873
S	A	1170	11.238	30	0.95487
S	A	1175	11.238	13	0.13983
S	A	1196	11.238	8	-0.32279
S	A	1249	11.238	21	0.6052
S	A	1252	11.238	18	0.45492
S	A	1261	11.238	16	0.3405
S	C	12	16.822	73	1.4453
S	C	13	25.274	34	0.29158
S	C	26	0.035336	0	-0.068286
S	C	31	16.822	1	-2.4465
S	C	45	16.822	0	-3.5451
S	C	60	16.822	9	-0.60068
S	C	71	16.822	8	-0.7119
S	C	94	16.822	1	-2.4465
S	C	98	16.822	0	-3.5451
S	C	116	16.822	1	-2.4465
S	C	151	25.461	4	-1.7525
S	C	155	17.13	1	-2.4642
S	C	161	16.822	1	-2.4465
S	C	162	25.461	4	-1.7525
S	C	172	16.822	1	-2.4465
S	C	190	0.11551	0	-0.20784
S	C	205	16.822	0	-3.5451
S	C	247	25.461	1	-2.8511
S	C	254	16.822	2	-1.9357
S	C	255	16.822	2	-1.9357
S	C	257	0.14686	0	-0.25752
S	C	305	16.822	0	-3.5451
S	C	316	16.822	1	-2.4465
S	C	325	16.822	0	-3.5451
S	C	349	16.822	0	-3.5451
S	C	359	25.461	3	-2.0038
S	C	366	16.822	0	-3.5451
S	C	371	8.3399	0	-2.8724
S	C	375	8.3399	0	-2.8724
S	C	383	16.822	0	-3.5451
S	C	408	10.178	2	-1.4519
S	C	438	16.822	0	-3.5451
S	C	443	16.822	2	-1.9357
S	C	446	3.199	0	-2.0012
S	C	459	16.822	0	-3.5451
S	C	477	11.98	0	-3.2173
S	C	486	0.13375	0	-0.23705
S	C	490	0.52938	0	-0.7221
S	C	496	3.3038	1	-0.93054
S	C	514	16.822	1	-2.4465
S	C	530	16.822	1	-2.4465
S	C	555	16.822	0	-3.5451
S	C	591	16.822	0	-3.5451
S	C	596	25.461	11	-0.81426
S	C	605	16.822	2	-1.9357
S	C	621	0.22678	1	0.7246
S	C	637	16.822	6	-0.98016
S	C	640	16.822	12	-0.32624
S	C	673	25.461	1	-2.8511
S	C	680	16.822	3	-1.5992
S	C	686	25.461	0	-3.9498
S	C	689	25.461	2	-2.3403
S	C	691	16.822	1	-2.4465
S	C	708	16.822	16	-0.048607
S	C	711	16.822	1	-2.4465
S	C	721	25.461	0	-3.9498
S	C	730	16.822	2	-1.9357
S	C	750	25.461	1	-2.8511
S	C	758	25.461	0	-3.9498
S	C	813	25.461	7	-1.2417
S	C	875	16.822	0	-3.5451
S	C	884	16.822	41	0.87373
S	C	929	25.461	8	-1.1165
S	C	939	16.595	4	-1.3347
S	C	940	16.822	11	-0.40962
S	C	967	25.461	1	-2.8511
S	C	968	16.822	0	-3.5451
S	C	975	25.461	0	-3.9498
S	C	1003	25.461	4	-1.7525
S	C	1021	16.822	2	-1.9357
S	C	1051	16.822	0	-3.5451
S	C	1123	16.822	0	-3.5451
S	C	1170	16.822	0	-3.5451
S	C	1196	16.822	0	-3.5451
S	C	1239	25.461	9	-1.0053
S	C	1242	25.461	6	-1.3848
S	C	1249	16.822	2	-1.9357
S	C	1252	16.822	40	0.84933
S	C	1261	16.822	2	-1.9357
S	F	12	696.89	1390	0.69007
S	F	26	4.0	3	-0.25131
S	F	31	696.89	366	-0.64335
S	F	45	696.89	108	-1.8606
S	F	60	696.89	68	-2.3205
S	F	71	696.89	739	0.058623
S	F	94	696.89	95	-1.9882
S	F	98	696.89	2217	1.1568
S	F	116	696.89	0	-7.2405
S	F	161	696.89	43	-2.7746
S	F	172	696.89	102	-1.9175
S	F	205	696.89	61	-2.4283
S	F	254	696.89	1783	0.93898
S	F	255	696.89	2140	1.1214
S	F	305	696.89	5	-4.8426
S	F	316	696.89	16	-3.744
S	F	325	696.89	60	-2.4447
S	F	349	696.89	5	-4.8426
S	F	366	696.89	14	-3.8732
S	F	371	319.65	13	-3.1661
S	F	375	319.65	94	-1.2202
S	F	383	696.89	8	-4.4073
S	F	438	696.89	6	-4.6755
S	F	443	696.89	13	-3.9447
S	F	459	696.89	157	-1.4879
S	F	514	696.89	454	-0.42815
S	F	530	696.89	4	-5.0433
S	F	555	696.89	4	-5.0433
S	F	591	696.89	140	-1.6021
S	F	605	696.89	7	-4.5324
S	F	621	18.505	20	0.075723
S	F	637	696.89	50	-2.6254
S	F	640	696.89	1437	0.72331
S	F	680	696.89	889	0.24331
S	F	691	696.89	535	-0.26415
S	F	708	696.89	190	-1.2977
S	F	711	696.89	53	-2.5677
S	F	730	696.89	87	-2.0757
S	F	875	696.89	32	-3.0661
S	F	884	696.89	895	0.25003
S	F	939	678.39	2002	1.0817
S	F	940	696.89	1212	0.55309
S	F	968	696.89	86	-2.0872
S	F	1021	696.89	112	-1.8244
S	F	1051	696.89	1	-6.1419
S	F	1123	696.89	10	-4.196
S	F	1170	696.89	241	-1.0605
S	F	1196	696.89	35	-2.9778
S	F	1249	696.89	60	-2.4447
S	F	1252	696.89	678	-0.027467
S	F	1261	696.89	192	-1.2873
S	G	13	88.657	37	-0.86606
S	G	151	89.169	56	-0.46188
S	G	155	59.765	28	-0.74885
S	G	162	89.169	28	-1.1462
S	G	190	0.40182	0	-0.58981
S	G	247	89.169	77	-0.14584
S	G	359	89.169	60	-0.39348
S	G	408	36.679	49	0.28623
S	G	477	41.285	103	0.90702
S	G	596	89.169	1	-4.0907
S	G	673	89.169	42	-0.74662
S	G	686	89.169	21	-1.4281
S	G	689	89.169	43	-0.72336
S	G	721	89.169	32	-1.0149
S	G	750	89.169	52	-0.53531
S	G	758	89.169	36	-0.89881
S	G	813	89.169	57	-0.44433
S	G	929	89.169	20	-1.4757
S	G	967	89.169	40	-0.79482
S	G	975	89.169	0	-5.1893
S	G	1003	89.169	14	-1.822
S	G	1239	89.169	46	-0.65667
S	G	1242	89.169	58	-0.42709
S	I	13	388.81	404	0.03827
S	I	151	392.03	638	0.4865
S	I	155	223.98	110	-0.70877
S	I	162	392.03	144	-0.99934
S	I	190	3.4052	2	-0.44602
S	I	247	392.03	116	-1.2147
S	I	257	1.0836	0	-1.1528
S	I	359	392.03	21	-2.9046
S	I	408	113.93	10	-2.3886
S	I	446	27.072	57	0.73497
S	I	477	246.08	509	0.72576
S	I	496	32.028	5	-1.7774
S	I	596	392.03	111	-1.2586
S	I	673	392.03	48	-2.0911
S	I	686	392.03	6	-4.1008
S	I	689	392.03	346	-0.12474
S	I	721	392.03	22	-2.8591
S	I	750	392.03	29	-2.5882
S	I	758	392.03	55	-1.9562
S	I	813	392.03	372	-0.052386
S	I	929	392.03	596	0.41846
S	I	967	392.03	5	-4.2679
S	I	975	392.03	3	-4.7199
S	I	1003	392.03	100	-1.3625
S	I	1239	392.03	39	-2.2963
S	I	1242	392.03	277	-0.3468
S	L	46	696.89	158	-1.4816
S	L	50	678.39	254	-0.98116
S	L	112	696.89	358	-0.66542
S	L	221	696.89	1647	0.85966
S	L	256	696.89	1262	0.5935
S	L	297	696.89	27	-3.2332
S	L	373	319.65	175	-0.60115
S	L	399	696.89	2	-5.6311
S	L	469	696.89	17	-3.6852
S	L	494	696.89	583	-0.17831
S	L	659	696.89	101	-1.9273
S	L	698	696.89	495	-0.34178
S	L	704	682.22	1831	0.9868
S	L	735	696.89	122	-1.7392
S	L	746	696.89	5	-4.8426
S	L	803	696.89	40	-2.846
S	L	810	696.89	207	-1.2122
S	L	816	696.89	0	-7.2405
S	L	937	696.89	278	-0.91793
S	L	974	696.89	3	-5.2946
S	L	982	650.48	31	-3.0285
S	L	1030	696.89	37	-2.923
S	L	1037	696.89	5	-4.8426
S	L	1055	696.89	34	-3.0064
S	L	1097	696.89	38	-2.8967
S	L	1147	696.89	811	0.15153
S	L	1161	696.89	47	-2.6866
S	L	1175	696.89	32	-3.0661
S	N	13	191.54	30	-1.84
S	N	151	192.69	94	-0.7151
S	N	155	134.73	39	-1.2307
S	N	162	192.69	48	-1.3821
S	N	190	0.93796	1	0.04224
S	N	247	192.69	112	-0.54075
S	N	257	1.3819	0	-1.3254
S	N	359	192.69	83	-0.83885
S	N	408	84.14	69	-0.19708
S	N	446	23.85	13	-0.58985
S	N	477	83.167	219	0.96451
S	N	496	25.388	70	1.0018
S	N	596	192.69	21	-2.1956
S	N	673	192.69	2	-4.3474
S	N	686	192.69	8	-3.1236
S	N	689	192.69	52	-1.3029
S	N	721	192.69	0	-5.9568
S	N	750	192.69	65	-1.0816
S	N	758	192.69	2	-4.3474
S	N	813	192.69	150	-0.24974
S	N	929	192.69	58	-1.1947
S	N	967	192.69	8	-3.1236
S	N	975	192.69	29	-1.8793
S	N	1003	192.69	16	-2.4603
S	N	1239	192.69	76	-0.92641
S	N	1242	192.69	68	-1.0369
S	P	12	82.096	62	-0.27879
S	P	31	82.096	14	-1.7398
S	P	45	82.096	33	-0.90241
S	P	46	82.096	94	0.13464
S	P	50	79.917	44	-0.59173
S	P	60	82.096	58	-0.34493
S	P	71	82.096	115	0.33531
S	P	94	82.096	9	-2.1627
S	P	98	82.096	43	-0.6412
S	P	112	82.096	61	-0.29492
S	P	116	82.096	7	-2.3991
S	P	157	2.1791	4	0.5186
S	P	161	82.096	13	-1.8113
S	P	172	82.096	1	-4.0085
S	P	205	82.096	4	-2.9099
S	P	221	82.096	4	-2.9099
S	P	254	82.096	32	-0.93272
S	P	255	82.096	83	0.010887
S	P	256	82.096	126	0.42628
S	P	297	82.096	1	-4.0085
S	P	305	82.096	1	-4.0085
S	P	316	82.096	0	-5.1071
S	P	325	82.096	3	-3.1612
S	P	349	82.096	102	0.2159
S	P	366	82.096	0	-5.1071
S	P	371	35.2	17	-0.71294
S	P	373	35.2	86	0.885
S	P	375	35.2	21	-0.50709
S	P	383	82.096	2	-3.4977
S	P	399	82.096	0	-5.1071
S	P	438	82.096	2	-3.4977
S	P	443	82.096	0	-5.1071
S	P	455	2.1791	0	-1.6786
S	P	459	82.096	17	-1.5518
S	P	469	82.096	1	-4.0085
S	P	486	2.374	103	3.5839
S	P	490	7.7352	79	2.2673
S	P	494	82.096	1675	3.0099
S	P	514	82.096	0	-5.1071
S	P	530	82.096	3	-3.1612
S	P	555	82.096	0	-5.1071
S	P	591	82.096	11	-1.9716
S	P	605	82.096	0	-5.1071
S	P	637	82.096	0	-5.1071
S	P	640	82.096	64	-0.24729
S	P	659	82.096	22	-1.3004
S	P	680	82.096	117	0.35248
S	P	691	82.096	296	1.2781
S	P	698	82.096	1	-4.0085
S	P	704	80.366	114	0.34778
S	P	708	82.096	3	-3.1612
S	P	711	82.096	4	-2.9099
S	P	730	82.096	3	-3.1612
S	P	735	82.096	2	-3.4977
S	P	746	82.096	1	-4.0085
S	P	803	82.096	3	-3.1612
S	P	810	82.096	7	-2.3991
S	P	816	82.096	2	-3.4977
S	P	875	82.096	2	-3.4977
S	P	884	82.096	4	-2.9099
S	P	937	82.096	1	-4.0085
S	P	939	79.917	1	-3.9818
S	P	940	82.096	1	-4.0085
S	P	968	82.096	1	-4.0085
S	P	974	82.096	0	-5.1071
S	P	982	77.85	1	-3.9557
S	P	1021	82.096	1	-4.0085
S	P	1030	82.096	2	-3.4977
S	P	1037	82.096	0	-5.1071
S	P	1051	82.096	0	-5.1071
S	P	1055	82.096	3	-3.1612
S	P	1097	82.096	0	-5.1071
S	P	1123	82.096	3	-3.1612
S	P	1147	82.096	2	-3.4977
S	P	1161	82.096	36	-0.81665
S	P	1170	82.096	41	-0.68827
S	P	1175	82.096	4	-2.9099
S	P	1196	82.096	2	-3.4977
S	P	1249	82.096	45	-0.59625
S	P	1252	82.096	303	1.3014
S	P	1261	82.096	80	-0.025702
S	R	13	39.812	0	-4.3898
S	R	151	40.097	28	-0.35378
S	R	155	28.751	23	-0.21892
S	R	162	40.097	16	-0.90032
S	R	190	0.14253	0	-0.2508
S	R	247	40.097	33	-0.19214
S	R	257	0.23677	3	1.5582
S	R	359	76.7	32	-0.86516
S	R	408	11.311	2	-1.5527
S	R	446	4.1839	1	-1.1387
S	R	477	35.071	82	0.84126
S	R	496	6.0764	1	-1.478
S	R	596	40.097	4	-2.1996
S	R	673	40.097	10	-1.3523
S	R	686	40.097	6	-1.8319
S	R	689	40.097	42	0.045821
S	R	721	40.097	10	-1.3523
S	R	750	76.7	10	-1.995
S	R	758	40.097	4	-2.1996
S	R	813	76.7	21	-1.2783
S	R	929	40.097	14	-1.0295
S	R	967	76.7	8	-2.2063
S	R	975	40.097	0	-4.3968
S	R	1003	40.097	1	-3.2982
S	R	1239	40.097	11	-1.2613
S	R	1242	40.097	4	-2.1996
S	S	12	110.84	111	0.0014133
S	S	13	81.608	66	-0.21084
S	S	26	0.49742	1	0.40805
S	S	31	110.84	135	0.19636
S	S	45	762.24	441	-0.54675
S	S	46	125.98	123	-0.02384
S	S	50	122.97	79	-0.44026
S	S	60	762.24	1945	0.93635
S	S	71	110.84	265	0.869
S	S	94	762.24	266	-1.0515
S	S	98	110.84	63	-0.56157
S	S	112	607.41	425	-0.35676
S	S	116	762.24	858	0.11826
S	S	151	82.096	70	-0.15835
S	S	155	57.417	25	-0.82033
S	S	157	2.803	2	-0.27853
S	S	161	110.84	53	-0.73293
S	S	162	82.096	41	-0.68827
S	S	172	110.84	158	0.35314
S	S	190	0.32741	0	-0.50369
S	S	205	110.84	40	-1.0113
S	S	221	607.41	1997	1.1896
S	S	247	82.096	57	-0.36217
S	S	254	110.84	150	0.30135
S	S	255	110.84	130	0.15876
S	S	256	125.98	198	0.45071
S	S	257	0.625	0	-0.81093
S	S	297	125.98	242	0.65092
S	S	305	762.24	355	-0.7634
S	S	316	110.84	104	-0.063424
S	S	325	110.84	75	-0.38848
S	S	349	110.84	84	-0.27586
S	S	359	696.89	108	-1.8606
S	S	366	110.84	121	0.087303
S	S	371	349.21	299	-0.155
S	S	373	58.774	138	0.84871
S	S	375	349.21	431	0.21015
S	S	383	110.84	135	0.19636
S	S	399	125.98	150	0.17388
S	S	408	288.0	0	-6.3578
S	S	438	110.84	87	-0.24097
S	S	443	110.84	110	-0.0075958
S	S	446	10.539	7	-0.38656
S	S	455	11.912	28	0.83123
S	S	459	110.84	96	-0.14307
S	S	469	125.98	102	-0.21022
S	S	477	319.65	525	0.49556
S	S	486	3.0811	1	-0.87021
S	S	490	9.8504	28	1.0129
S	S	494	125.98	198	0.45071
S	S	496	11.159	14	0.21807
S	S	514	110.84	148	0.28797
S	S	530	110.84	103	-0.07304
S	S	555	110.84	173	0.44357
S	S	591	110.84	191	0.54228
S	S	596	82.096	22	-1.3004
S	S	605	110.84	175	0.45503
S	S	621	2.9208	2	-0.31358
S	S	637	110.84	134	0.18895
S	S	640	110.84	151	0.30797
S	S	659	125.98	348	1.0136
S	S	673	82.096	78	-0.050861
S	S	680	110.84	196	0.56805
S	S	686	82.096	44	-0.61847
S	S	689	82.096	118	0.36095
S	S	691	762.24	2378	1.1373
S	S	698	125.98	73	-0.5428
S	S	704	123.47	123	-0.0037794
S	S	708	110.84	61	-0.59357
S	S	711	110.84	165	0.39636
S	S	721	82.096	27	-1.0998
S	S	730	110.84	55	-0.69623
S	S	735	125.98	310	0.8981
S	S	746	125.98	122	-0.03197
S	S	750	696.89	92	-2.0201
S	S	758	82.096	48	-0.5324
S	S	803	125.98	79	-0.46432
S	S	810	125.98	99	-0.23992
S	S	813	696.89	122	-1.7392
S	S	816	125.98	291	0.83496
S	S	875	110.84	123	0.10363
S	S	884	110.84	242	0.77839
S	S	929	82.096	75	-0.089827
S	S	937	125.98	133	0.05402
S	S	939	107.92	138	0.24484
S	S	940	762.24	2053	0.99038
S	S	967	696.89	191	-1.2925
S	S	968	762.24	329	-0.83935
S	S	974	125.98	86	-0.37994
S	S	975	82.096	29	-1.0296
S	S	982	119.03	63	-0.6325
S	S	1003	82.096	41	-0.68827
S	S	1021	110.84	78	-0.34951
S	S	1030	125.98	168	0.28685
S	S	1037	125.98	95	-0.28096
S	S	1051	762.24	428	-0.57663
S	S	1055	125.98	178	0.34451
S	S	1097	125.98	74	-0.52928
S	S	1123	110.84	95	-0.15349
S	S	1147	125.98	223	0.56933
S	S	1161	125.98	54	-0.84188
S	S	1170	110.84	138	0.21826
S	S	1175	125.98	85	-0.39157
S	S	1196	110.84	151	0.30797
S	S	1239	82.096	51	-0.47238
S	S	1242	82.096	54	-0.41576
S	S	1249	110.84	41	-0.98692
S	S	1252	762.24	413	-0.61227
S	S	1261	110.84	172	0.43779
S	T	12	17.508	5	-1.1861
S	T	13	22.576	74	1.172
S	T	26	0.09715	0	-0.17756
S	T	31	17.508	3	-1.6381
S	T	45	17.508	11	-0.44849
S	T	46	17.508	5	-1.1861
S	T	50	17.02	9	-0.61207
S	T	60	17.508	18	0.026932
S	T	71	17.508	15	-0.15
S	T	94	17.508	25	0.34784
S	T	98	17.508	3	-1.6381
S	T	112	17.508	11	-0.44849
S	T	116	17.508	0	-3.584
S	T	151	22.683	64	1.0232
S	T	155	14.812	25	0.51006
S	T	157	0.48805	0	-0.68113
S	T	161	17.508	12	-0.36511
S	T	162	22.683	5	-1.4387
S	T	172	17.508	8	-0.75077
S	T	190	0.13504	1	0.85953
S	T	205	17.508	3	-1.6381
S	T	221	17.508	8	-0.75077
S	T	247	22.683	5	-1.4387
S	T	254	17.508	4	-1.3868
S	T	255	17.508	8	-0.75077
S	T	256	17.508	23	0.26616
S	T	257	0.13091	0	-0.23256
S	T	297	17.508	4	-1.3868
S	T	305	17.508	3	-1.6381
S	T	316	17.508	5	-1.1861
S	T	325	17.508	1	-2.4854
S	T	349	17.508	0	-3.584
S	T	359	22.683	1	-2.738
S	T	366	17.508	6	-1.019
S	T	371	6.5162	13	0.65447
S	T	373	6.5162	3	-0.69546
S	T	375	6.5162	5	-0.24348
S	T	383	17.508	0	-3.584
S	T	399	17.508	1	-2.4854
S	T	408	9.1894	0	-2.9642
S	T	438	17.508	1	-2.4854
S	T	443	17.508	1	-2.4854
S	T	446	2.4618	15	1.6551
S	T	455	0.48805	0	-0.68113
S	T	459	17.508	0	-3.584
S	T	469	17.508	2	-1.9745
S	T	477	11.003	23	0.71442
S	T	486	0.4589	0	-0.65118
S	T	490	1.3112	3	0.65879
S	T	494	17.508	15	-0.15
S	T	496	2.4909	6	0.77623
S	T	514	17.508	5	-1.1861
S	T	530	17.508	1	-2.4854
S	T	555	17.508	1	-2.4854
S	T	591	17.508	3	-1.6381
S	T	596	22.683	15	-0.40258
S	T	605	17.508	4	-1.3868
S	T	621	0.48805	0	-0.68113
S	T	637	17.508	3	-1.6381
S	T	640	17.508	9	-0.63955
S	T	659	17.508	17	-0.028638
S	T	673	22.683	102	1.4864
S	T	680	17.508	8	-0.75077
S	T	686	22.683	0	-3.8366
S	T	689	22.683	18	-0.22565
S	T	691	17.508	7	-0.87594
S	T	698	17.508	6	-1.019
S	T	704	17.147	16	-0.067231
S	T	708	17.508	16	-0.087478
S	T	711	17.508	7	-0.87594
S	T	721	22.683	1	-2.738
S	T	730	17.508	1	-2.4854
S	T	735	17.508	1	-2.4854
S	T	746	17.508	8	-0.75077
S	T	750	22.683	2	-2.2271
S	T	758	22.683	7	-1.1285
S	T	803	17.508	7	-0.87594
S	T	810	17.508	10	-0.53946
S	T	813	22.683	20	-0.12299
S	T	816	17.508	0	-3.584
S	T	875	17.508	3	-1.6381
S	T	884	17.508	8	-0.75077
S	T	929	22.683	249	2.376
S	T	937	17.508	50	1.0311
S	T	939	17.02	10	-0.51199
S	T	940	17.508	16	-0.087478
S	T	967	22.683	14	-0.46927
S	T	968	17.508	0	-3.584
S	T	974	17.508	0	-3.584
S	T	975	22.683	0	-3.8366
S	T	982	16.497	7	-0.81815
S	T	1003	22.683	0	-3.8366
S	T	1021	17.508	2	-1.9745
S	T	1030	17.508	1	-2.4854
S	T	1037	17.508	2	-1.9745
S	T	1051	17.508	2	-1.9745
S	T	1055	17.508	2	-1.9745
S	T	1097	17.508	11	-0.44849
S	T	1123	17.508	1	-2.4854
S	T	1147	17.508	2	-1.9745
S	T	1161	17.508	4	-1.3868
S	T	1170	17.508	9	-0.63955
S	T	1175	17.508	11	-0.44849
S	T	1196	17.508	6	-1.019
S	T	1239	22.683	100	1.4667
S	T	1242	22.683	19	-0.173
S	T	1249	17.508	3	-1.6381
S	T	1252	17.508	6	-1.019
S	T	1261	17.508	8	-0.75077
S	W	112	16.822	1	-2.4465
S	W	221	16.822	10	-0.50059
S	W	455	0.22678	0	-0.37402
S	Y	12	48.529	55	0.12398
S	Y	26	0.18905	0	-0.32071
S	Y	31	48.529	8	-1.7523
S	Y	45	48.529	14	-1.2183
S	Y	60	48.529	4	-2.3883
S	Y	71	48.529	76	0.44489
S	Y	94	48.529	7	-1.8775
S	Y	98	48.529	22	-0.77889
S	Y	116	48.529	3	-2.6396
S	Y	161	48.529	16	-1.089
S	Y	172	48.529	33	-0.38086
S	Y	205	48.529	7	-1.8775
S	Y	254	48.529	81	0.5082
S	Y	255	48.529	38	-0.24174
S	Y	305	48.529	2	-2.9761
S	Y	316	48.529	5	-2.1877
S	Y	325	48.529	13	-1.2897
S	Y	349	48.529	0	-4.5855
S	Y	366	48.529	6	-2.0206
S	Y	371	21.223	1	-2.6729
S	Y	375	21.223	10	-0.727
S	Y	383	48.529	2	-2.9761
S	Y	438	48.529	1	-3.4869
S	Y	443	48.529	0	-4.5855
S	Y	459	48.529	11	-1.4501
S	Y	486	1.4194	1	-0.24656
S	Y	490	4.4935	10	0.74324
S	Y	514	48.529	18	-0.97463
S	Y	530	48.529	1	-3.4869
S	Y	555	48.529	0	-4.5855
S	Y	591	48.529	4	-2.3883
S	Y	605	48.529	1	-3.4869
S	Y	621	1.3518	1	-0.21069
S	Y	637	48.529	2	-2.9761
S	Y	640	48.529	20	-0.87198
S	Y	680	48.529	83	0.53244
S	Y	691	48.529	64	0.27426
S	Y	708	48.529	7	-1.8775
S	Y	711	48.529	1	-3.4869
S	Y	730	48.529	11	-1.4501
S	Y	875	48.529	2	-2.9761
S	Y	884	48.529	9	-1.6411
S	Y	939	47.177	46	-0.024991
S	Y	940	48.529	30	-0.47468
S	Y	968	48.529	4	-2.3883
S	Y	1021	48.529	16	-1.089
S	Y	1051	48.529	0	-4.5855
S	Y	1123	48.529	2	-2.9761
S	Y	1170	48.529	139	1.0457
S	Y	1196	48.529	12	-1.3667
S	Y	1249	48.529	21	-0.82435
S	Y	1252	48.529	67	0.31973
S	Y	1261	48.529	51	0.049179
T	A	19	23.086	14	-0.4865
T	A	20	88.767	57	-0.43984
T	A	21	2.0239	0	-1.619
T	A	22	89.169	41	-0.77043
T	A	29	89.169	46	-0.65667
T	A	33	89.169	37	-0.87178
T	A	51	89.169	43	-0.72336
T	A	63	89.169	15	-1.7553
T	A	73	89.169	49	-0.59415
T	A	76	89.169	64	-0.32945
T	A	95	48.561	61	0.22597
T	A	108	89.169	14	-1.822
T	A	109	89.169	255	1.0471
T	A	114	89.169	14	-1.822
T	A	124	89.169	13	-1.8934
T	A	167	89.169	3	-3.2434
T	A	208	89.169	55	-0.47974
T	A	236	89.169	1	-4.0907
T	A	240	89.169	20	-1.4757
T	A	250	89.169	71	-0.22642
T	A	259	89.169	103	0.14345
T	A	274	89.169	20	-1.4757
T	A	284	89.169	23	-1.3391
T	A	286	89.169	19	-1.5257
T	A	299	89.169	42	-0.74662
T	A	302	89.169	0	-5.1893
T	A	307	89.169	31	-1.0461
T	A	315	89.169	2	-3.5798
T	A	323	89.169	49	-0.59415
T	A	333	89.169	13	-1.8934
T	A	345	89.169	4	-2.992
T	A	346	8.3914	8	-0.045023
T	A	356	2.0239	1	-0.52034
T	A	376	52.489	103	0.66948
T	A	385	89.169	35	-0.92659
T	A	393	89.169	25	-1.2574
T	A	415	89.169	27	-1.1819
T	A	417	0.40182	0	-0.58981
T	A	430	89.169	10	-2.1447
T	A	444	3.5808	1	-1.0008
T	A	470	89.169	16	-1.6928
T	A	478	11.882	3	-1.2635
T	A	500	89.169	83	-0.071273
T	A	523	89.169	83	-0.071273
T	A	531	89.169	0	-5.1893
T	A	547	77.965	29	-0.97826
T	A	549	89.169	44	-0.70063
T	A	553	89.169	18	-1.5783
T	A	572	89.169	25	-1.2574
T	A	573	89.169	18	-1.5783
T	A	581	89.169	0	-5.1893
T	A	588	89.169	40	-0.79482
T	A	599	89.169	1	-4.0907
T	A	602	89.169	3	-3.2434
T	A	604	89.169	39	-0.81982
T	A	618	89.169	84	-0.059368
T	A	630	89.169	21	-1.4281
T	A	632	89.169	26	-1.219
T	A	638	89.169	25	-1.2574
T	A	645	89.169	2	-3.5798
T	A	676	89.169	53	-0.51644
T	A	678	89.169	47	-0.63539
T	A	696	89.169	17	-1.6339
T	A	716	84.219	11	-1.997
T	A	719	89.169	11	-2.0538
T	A	723	89.169	23	-1.3391
T	A	724	89.169	73	-0.19883
T	A	732	89.169	97	0.083733
T	A	734	89.169	16	-1.6928
T	A	739	89.169	42	-0.74662
T	A	747	89.169	34	-0.95516
T	A	761	89.169	41	-0.77043
T	A	768	89.169	23	-1.3391
T	A	778	89.169	29	-1.1117
T	A	791	89.169	57	-0.44433
T	A	827	89.169	44	-0.70063
T	A	859	89.169	47	-0.63539
T	A	866	89.169	0	-5.1893
T	A	874	89.169	7	-2.4812
T	A	881	89.169	19	-1.5257
T	A	883	89.169	18	-1.5783
T	A	887	89.169	16	-1.6928
T	A	912	89.169	24	-1.2974
T	A	941	89.169	52	-0.53531
T	A	961	89.169	58	-0.42709
T	A	998	89.169	26	-1.219
T	A	1006	89.169	37	-0.87178
T	A	1009	89.169	21	-1.4281
T	A	1027	88.767	31	-1.0416
T	A	1066	89.169	23	-1.3391
T	A	1076	89.169	21	-1.4281
T	A	1077	89.169	33	-0.98457
T	A	1100	89.169	13	-1.8934
T	A	1105	89.169	1	-4.0907
T	A	1116	89.169	26	-1.219
T	A	1117	89.169	16	-1.6928
T	A	1120	89.169	27	-1.1819
T	A	1136	89.169	30	-1.0784
T	A	1160	89.169	12	-1.9704
T	A	1231	89.169	148	0.50447
T	A	1238	89.169	25	-1.2574
T	I	19	202.55	360	0.57403
T	I	20	692.89	936	0.30055
T	I	21	18.505	0	-3.6378
T	I	22	696.89	1469	0.74533
T	I	29	696.89	1073	0.43133
T	I	33	696.89	544	-0.24748
T	I	51	696.89	344	-0.70526
T	I	63	696.89	45	-2.7296
T	I	73	696.89	192	-1.2873
T	I	76	696.89	1273	0.60217
T	I	95	401.3	1395	1.2451
T	I	108	696.89	45	-2.7296
T	I	109	696.89	27	-3.2332
T	I	114	696.89	3	-5.2946
T	I	124	696.89	289	-0.8792
T	I	167	696.89	10	-4.196
T	I	236	696.89	1	-6.1419
T	I	240	696.89	901	0.25671
T	I	250	696.89	395	-0.5672
T	I	259	696.89	432	-0.47777
T	I	274	696.89	349	-0.69085
T	I	284	696.89	441	-0.45717
T	I	286	696.89	414	-0.52028
T	I	299	696.89	1089	0.44612
T	I	307	696.89	952	0.31174
T	I	315	696.89	48	-2.6658
T	I	323	696.89	1419	0.71071
T	I	333	696.89	90	-2.042
T	I	345	696.89	14	-3.8732
T	I	346	56.214	95	0.5211
T	I	376	408.9	251	-0.48725
T	I	385	696.89	310	-0.80917
T	I	393	696.89	41	-2.8217
T	I	415	696.89	18	-3.6296
T	I	430	696.89	602	-0.14626
T	I	470	696.89	437	-0.46627
T	I	478	113.3	62	-0.59931
T	I	500	696.89	6	-4.6755
T	I	523	696.89	61	-2.4283
T	I	531	696.89	1	-6.1419
T	I	547	607.65	1570	0.94873
T	I	549	696.89	140	-1.6021
T	I	553	696.89	463	-0.40855
T	I	572	696.89	2273	1.1817
T	I	573	696.89	1206	0.54813
T	I	581	696.89	2	-5.6311
T	I	588	696.89	218	-1.1606
T	I	599	696.89	19	-3.5769
T	I	602	696.89	6	-4.6755
T	I	604	696.89	147	-1.5535
T	I	618	696.89	613	-0.12817
T	I	630	696.89	35	-2.9778
T	I	632	696.89	143	-1.581
T	I	638	696.89	183	-1.3351
T	I	645	696.89	37	-2.923
T	I	676	696.89	538	-0.25856
T	I	678	696.89	1284	0.61077
T	I	696	696.89	37	-2.923
T	I	716	650.48	859	0.27787
T	I	719	696.89	350	-0.68799
T	I	723	696.89	113	-1.8155
T	I	724	696.89	86	-2.0872
T	I	732	696.89	917	0.2743
T	I	734	696.89	65	-2.3653
T	I	739	696.89	136	-1.631
T	I	747	696.89	786	0.12024
T	I	761	696.89	141	-1.5951
T	I	768	696.89	137	-1.6237
T	I	778	696.89	383	-0.59801
T	I	791	696.89	820	0.16256
T	I	827	696.89	104	-1.8982
T	I	859	696.89	1129	0.48218
T	I	866	696.89	4	-5.0433
T	I	874	696.89	147	-1.5535
T	I	881	696.89	27	-3.2332
T	I	883	696.89	1028	0.38851
T	I	887	696.89	5	-4.8426
T	I	912	696.89	57	-2.4956
T	I	941	696.89	103	-1.9078
T	I	998	696.89	59	-2.4614
T	I	1006	696.89	562	-0.21496
T	I	1009	696.89	841	0.18783
T	I	1027	692.89	564	-0.20566
T	I	1066	696.89	13	-3.9447
T	I	1076	696.89	222	-1.1424
T	I	1077	696.89	69	-2.306
T	I	1100	696.89	101	-1.9273
T	I	1105	696.89	2	-5.6311
T	I	1116	696.89	83	-2.1225
T	I	1117	696.89	1585	0.8213
T	I	1120	696.89	412	-0.52512
T	I	1136	696.89	103	-1.9078
T	I	1160	696.89	56	-2.5131
T	I	1231	696.89	167	-1.4264
T	I	1238	696.89	364	-0.64882
T	K	19	11.845	39	1.1631
T	K	21	1.3518	0	-1.3093
T	K	33	48.529	40	-0.1911
T	K	208	48.529	19	-0.92199
T	K	259	48.529	25	-0.65372
T	K	286	48.529	5	-2.1877
T	K	299	48.529	1	-3.4869
T	K	302	48.529	1	-3.4869
T	K	323	48.529	23	-0.7354
T	K	333	48.529	33	-0.38086
T	K	346	4.7899	17	1.1964
T	K	430	48.529	0	-4.5855
T	K	478	5.719	88	2.6554
T	K	547	42.403	753	2.8658
T	K	549	48.529	3	-2.6396
T	K	581	48.529	0	-4.5855
T	K	588	48.529	41	-0.16671
T	K	599	48.529	0	-4.5855
T	K	602	48.529	0	-4.5855
T	K	618	48.529	24	-0.69373
T	K	638	48.529	16	-1.089
T	K	645	48.529	0	-4.5855
T	K	716	46.119	15	-1.1012
T	K	724	48.529	2	-2.9761
T	K	734	48.529	0	-4.5855
T	K	739	48.529	0	-4.5855
T	K	761	48.529	9	-1.6411
T	K	791	48.529	47	-0.031673
T	K	827	48.529	4	-2.3883
T	K	866	48.529	0	-4.5855
T	K	881	48.529	0	-4.5855
T	K	912	48.529	3	-2.6396
T	K	941	48.529	4	-2.3883
T	K	961	48.529	0	-4.5855
T	K	998	48.529	0	-4.5855
T	K	1006	48.529	0	-4.5855
T	K	1076	48.529	9	-1.6411
T	K	1100	48.529	7	-1.8775
T	K	1105	48.529	5	-2.1877
T	K	1117	48.529	15	-1.1516
T	K	1120	48.529	0	-4.5855
T	K	1136	48.529	32	-0.41116
T	K	1160	48.529	9	-1.6411
T	K	1231	48.529	0	-4.5855
T	M	208	696.89	336	-0.72875
T	M	302	696.89	13	-3.9447
T	M	356	18.505	7	-0.9298
T	M	417	4.0	5	0.20067
T	M	444	26.666	97	1.2779
T	M	961	696.89	527	-0.2792
T	N	20	48.339	104	0.76065
T	N	22	48.529	173	1.2638
T	N	29	48.529	18	-0.97463
T	N	51	48.529	13	-1.2897
T	N	63	48.529	30	-0.47468
T	N	73	48.529	34	-0.35144
T	N	76	48.529	54	0.1058
T	N	95	26.899	64	0.85617
T	N	108	48.529	14	-1.2183
T	N	109	48.529	9	-1.6411
T	N	114	48.529	0	-4.5855
T	N	124	48.529	36	-0.29509
T	N	167	48.529	3	-2.6396
T	N	236	48.529	4	-2.3883
T	N	240	48.529	20	-0.87198
T	N	250	48.529	121	0.90751
T	N	274	48.529	33	-0.38086
T	N	284	48.529	14	-1.2183
T	N	307	48.529	29	-0.50801
T	N	315	48.529	2	-2.9761
T	N	345	48.529	5	-2.1877
T	N	376	27.349	24	-0.12812
T	N	385	48.529	15	-1.1516
T	N	393	48.529	4	-2.3883
T	N	415	48.529	61	0.22663
T	N	470	48.529	116	0.86549
T	N	500	48.529	18	-0.97463
T	N	523	48.529	48	-0.010839
T	N	531	48.529	6	-2.0206
T	N	553	48.529	17	-1.0302
T	N	572	48.529	49	0.0095703
T	N	573	48.529	4	-2.3883
T	N	604	48.529	81	0.5082
T	N	630	48.529	9	-1.6411
T	N	632	48.529	60	0.21024
T	N	676	48.529	39	-0.2161
T	N	678	48.529	39	-0.2161
T	N	696	48.529	17	-1.0302
T	N	719	48.529	21	-0.82435
T	N	723	48.529	17	-1.0302
T	N	732	48.529	1	-3.4869
T	N	747	48.529	50	0.029571
T	N	768	48.529	91	0.62394
T	N	778	48.529	20	-0.87198
T	N	859	48.529	95	0.66672
T	N	874	48.529	12	-1.3667
T	N	883	48.529	2	-2.9761
T	N	887	48.529	0	-4.5855
T	N	1009	48.529	29	-0.50801
T	N	1027	48.339	23	-0.73154
T	N	1066	48.529	80	0.49585
T	N	1077	48.529	4	-2.3883
T	N	1116	48.529	140	1.0528
T	N	1238	48.529	187	1.3414
T	P	19	3.0772	1	-0.86911
T	P	20	11.304	17	0.39372
T	P	21	0.20445	0	-0.34281
T	P	22	11.35	15	0.26852
T	P	29	11.35	0	-3.1655
T	P	33	11.35	2	-1.556
T	P	51	11.35	2	-1.556
T	P	63	11.35	0	-3.1655
T	P	73	11.35	1	-2.0669
T	P	76	11.35	2	-1.556
T	P	95	5.8654	6	0.020931
T	P	108	11.35	1	-2.0669
T	P	109	11.35	0	-3.1655
T	P	114	11.35	0	-3.1655
T	P	124	11.35	1	-2.0669
T	P	167	11.35	1	-2.0669
T	P	208	11.35	0	-3.1655
T	P	236	11.35	1	-2.0669
T	P	240	11.35	6	-0.60051
T	P	250	11.35	28	0.87759
T	P	259	11.35	20	0.54811
T	P	274	11.35	1	-2.0669
T	P	284	11.35	4	-0.96824
T	P	286	11.35	0	-3.1655
T	P	299	11.35	0	-3.1655
T	P	302	11.35	0	-3.1655
T	P	307	11.35	0	-3.1655
T	P	315	11.35	1	-2.0669
T	P	323	11.35	4	-0.96824
T	P	333	11.35	0	-3.1655
T	P	345	11.35	0	-3.1655
T	P	346	0.93526	1	0.044117
T	P	356	0.20445	0	-0.34281
T	P	376	7.035	0	-2.7127
T	P	385	11.35	2	-1.556
T	P	393	11.35	1	-2.0669
T	P	415	11.35	5	-0.76757
T	P	417	0.045379	0	-0.086873
T	P	430	11.35	51	1.4693
T	P	444	0.35758	0	-0.5395
T	P	470	11.35	2	-1.556
T	P	478	1.5505	0	-1.4112
T	P	500	11.35	1	-2.0669
T	P	523	11.35	5	-0.76757
T	P	531	11.35	0	-3.1655
T	P	547	9.8232	0	-3.0275
T	P	549	11.35	0	-3.1655
T	P	553	11.35	0	-3.1655
T	P	572	11.35	0	-3.1655
T	P	573	11.35	2	-1.556
T	P	581	11.35	0	-3.1655
T	P	588	11.35	0	-3.1655
T	P	599	11.35	0	-3.1655
T	P	602	11.35	0	-3.1655
T	P	604	11.35	0	-3.1655
T	P	618	11.35	4	-0.96824
T	P	630	11.35	3	-1.2196
T	P	632	11.35	3	-1.2196
T	P	638	11.35	0	-3.1655
T	P	645	11.35	1	-2.0669
T	P	676	11.35	28	0.87759
T	P	678	11.35	37	1.152
T	P	696	11.35	5	-0.76757
T	P	716	10.761	2	-1.5051
T	P	719	11.35	1	-2.0669
T	P	723	11.35	1	-2.0669
T	P	724	11.35	2	-1.556
T	P	732	11.35	10	-0.12094
T	P	734	11.35	0	-3.1655
T	P	739	11.35	0	-3.1655
T	P	747	11.35	8	-0.33225
T	P	761	11.35	2	-1.556
T	P	768	11.35	0	-3.1655
T	P	778	11.35	0	-3.1655
T	P	791	11.35	36	1.125
T	P	827	11.35	1	-2.0669
T	P	859	11.35	0	-3.1655
T	P	866	11.35	1	-2.0669
T	P	874	11.35	0	-3.1655
T	P	881	11.35	1	-2.0669
T	P	883	11.35	0	-3.1655
T	P	887	11.35	0	-3.1655
T	P	912	11.35	0	-3.1655
T	P	941	11.35	0	-3.1655
T	P	961	11.35	0	-3.1655
T	P	998	11.35	0	-3.1655
T	P	1006	11.35	0	-3.1655
T	P	1009	11.35	0	-3.1655
T	P	1027	11.304	0	-3.1616
T	P	1066	11.35	0	-3.1655
T	P	1076	11.35	2	-1.556
T	P	1077	11.35	1	-2.0669
T	P	1100	11.35	3	-1.2196
T	P	1105	11.35	0	-3.1655
T	P	1116	11.35	0	-3.1655
T	P	1117	11.35	2	-1.556
T	P	1120	11.35	0	-3.1655
T	P	1136	11.35	3	-1.2196
T	P	1160	11.35	0	-3.1655
T	P	1231	11.35	6	-0.60051
T	P	1238	11.35	0	-3.1655
T	R	19	4.0238	92	3.0179
T	R	33	16.822	6	-0.98016
T	R	208	16.822	1	-2.4465
T	R	259	16.822	16	-0.048607
T	R	286	16.822	3	-1.5992
T	R	299	16.822	1	-2.4465
T	R	302	16.822	0	-3.5451
T	R	323	16.822	28	0.49794
T	R	333	16.822	1	-2.4465
T	R	356	0.22678	0	-0.37402
T	R	417	0.035336	0	-0.068286
T	R	430	16.822	1	-2.4465
T	R	444	0.25932	8	2.4154
T	R	478	2.538	5	0.59356
T	R	547	15.336	7	-0.74738
T	R	549	16.822	0	-3.5451
T	R	581	16.822	0	-3.5451
T	R	588	16.822	8	-0.7119
T	R	599	16.822	0	-3.5451
T	R	602	16.822	0	-3.5451
T	R	618	16.822	21	0.21609
T	R	638	16.822	23	0.30503
T	R	645	16.822	0	-3.5451
T	R	716	15.133	6	-0.87756
T	R	724	16.822	0	-3.5451
T	R	734	16.822	1	-2.4465
T	R	739	16.822	5	-1.1472
T	R	761	16.822	9	-0.60068
T	R	791	16.822	2	-1.9357
T	R	827	16.822	0	-3.5451
T	R	866	16.822	0	-3.5451
T	R	881	16.822	0	-3.5451
T	R	912	16.822	2	-1.9357
T	R	941	16.822	1	-2.4465
T	R	961	16.822	0	-3.5451
T	R	998	16.822	0	-3.5451
T	R	1006	16.822	2	-1.9357
T	R	1076	16.822	2	-1.9357
T	R	1100	16.822	2	-1.9357
T	R	1105	16.822	0	-3.5451
T	R	1117	16.822	12	-0.32624
T	R	1120	16.822	0	-3.5451
T	R	1136	16.822	4	-1.3479
T	R	1160	16.822	2	-1.9357
T	R	1231	16.822	0	-3.5451
T	S	19	6.9528	6	-0.13679
T	S	20	42.132	12	-1.2269
T	S	21	0.77908	0	-0.93929
T	S	22	42.283	13	-1.1535
T	S	29	42.283	45	0.061569
T	S	33	25.461	30	0.16112
T	S	51	42.283	14	-1.082
T	S	63	42.283	2	-2.8399
T	S	73	42.283	2	-2.8399
T	S	76	42.283	40	-0.054841
T	S	95	23.361	57	0.87955
T	S	108	42.283	35	-0.18661
T	S	109	42.283	27	-0.44196
T	S	114	42.283	4	-2.2521
T	S	124	42.283	35	-0.18661
T	S	167	42.283	34	-0.21518
T	S	208	25.461	24	-0.057933
T	S	236	42.283	34	-0.21518
T	S	240	42.283	9	-1.5049
T	S	250	42.283	18	-0.83837
T	S	259	25.461	51	0.68498
T	S	274	42.283	12	-1.2304
T	S	284	42.283	2	-2.8399
T	S	286	25.461	6	-1.3848
T	S	299	25.461	1	-2.8511
T	S	302	25.461	5	-1.5519
T	S	307	42.283	32	-0.2749
T	S	315	42.283	13	-1.1535
T	S	323	25.461	6	-1.3848
T	S	333	25.461	11	-0.81426
T	S	345	42.283	26	-0.479
T	S	346	2.42	1	-0.6661
T	S	356	0.77908	1	0.15932
T	S	376	25.109	30	0.17477
T	S	385	42.283	11	-1.3138
T	S	393	42.283	8	-1.6161
T	S	415	42.283	17	-0.89394
T	S	417	0.11551	0	-0.20784
T	S	430	25.461	18	-0.33884
T	S	444	1.0373	0	-1.1232
T	S	470	42.283	10	-1.4048
T	S	478	3.649	1	-1.0174
T	S	500	42.283	65	0.42591
T	S	523	42.283	8	-1.6161
T	S	531	42.283	1	-3.3507
T	S	547	22.157	9	-0.8692
T	S	549	25.461	24	-0.057933
T	S	553	42.283	13	-1.1535
T	S	572	42.283	109	0.93978
T	S	573	42.283	0	-4.4493
T	S	581	25.461	18	-0.33884
T	S	588	25.461	23	-0.099606
T	S	599	25.461	6	-1.3848
T	S	602	25.461	3	-2.0038
T	S	604	42.283	5	-2.0514
T	S	618	25.461	48	0.62496
T	S	630	42.283	18	-0.83837
T	S	632	42.283	10	-1.4048
T	S	638	25.461	8	-1.1165
T	S	645	25.461	3	-2.0038
T	S	676	42.283	52	0.20467
T	S	678	42.283	38	-0.10548
T	S	696	42.283	8	-1.6161
T	S	716	24.046	15	-0.45971
T	S	719	42.283	37	-0.1318
T	S	723	42.283	4	-2.2521
T	S	724	25.461	46	0.58285
T	S	732	42.283	22	-0.64263
T	S	734	25.461	2	-2.3403
T	S	739	25.461	6	-1.3848
T	S	747	42.283	10	-1.4048
T	S	761	25.461	14	-0.58246
T	S	768	42.283	6	-1.8843
T	S	778	42.283	14	-1.082
T	S	791	25.461	1	-2.8511
T	S	827	25.461	34	0.28435
T	S	859	42.283	24	-0.55747
T	S	866	25.461	6	-1.3848
T	S	874	42.283	6	-1.8843
T	S	881	25.461	1	-2.8511
T	S	883	42.283	56	0.2781
T	S	887	42.283	5	-2.0514
T	S	912	25.461	1	-2.8511
T	S	941	25.461	50	0.66537
T	S	961	25.461	24	-0.057933
T	S	998	25.461	10	-0.90523
T	S	1006	25.461	21	-0.18855
T	S	1009	42.283	23	-0.59914
T	S	1027	42.132	27	-0.43843
T	S	1066	42.283	10	-1.4048
T	S	1076	25.461	55	0.75978
T	S	1077	42.283	16	-0.95278
T	S	1100	25.461	9	-1.0053
T	S	1105	25.461	1	-2.8511
T	S	1116	42.283	32	-0.2749
T	S	1117	25.461	7	-1.2417
T	S	1120	25.461	22	-0.14309
T	S	1136	25.461	18	-0.33884
T	S	1160	25.461	0	-3.9498
T	S	1231	25.461	16	-0.45325
T	S	1238	42.283	3	-2.5034
T	T	19	33.116	27	-0.20081
T	T	20	738.68	2839	1.3458
T	T	21	3.0074	0	-1.948
T	T	22	110.84	206	0.61769
T	T	29	110.84	146	0.27441
T	T	33	125.98	125	-0.0077757
T	T	51	110.84	185	0.51044
T	T	63	110.84	84	-0.27586
T	T	73	762.24	258	-1.082
T	T	76	110.84	83	-0.28776
T	T	95	63.067	76	0.18519
T	T	108	110.84	216	0.66498
T	T	109	110.84	145	0.26756
T	T	114	762.24	411	-0.61711
T	T	124	110.84	94	-0.16401
T	T	167	110.84	61	-0.59357
T	T	208	607.41	373	-0.48711
T	T	236	110.84	91	-0.19627
T	T	240	110.84	177	0.46636
T	T	250	110.84	160	0.36568
T	T	259	125.98	122	-0.03197
T	T	274	110.84	95	-0.15349
T	T	284	762.24	635	-0.18251
T	T	286	125.98	76	-0.50279
T	T	299	125.98	159	0.23196
T	T	302	607.41	1110	0.60254
T	T	307	110.84	103	-0.07304
T	T	315	110.84	66	-0.51541
T	T	323	125.98	169	0.29277
T	T	333	125.98	131	0.038925
T	T	345	762.24	601	-0.2375
T	T	346	11.747	22	0.60826
T	T	356	11.912	16	0.28469
T	T	376	63.094	86	0.30762
T	T	385	110.84	75	-0.38848
T	T	393	110.84	124	0.11169
T	T	415	110.84	110	-0.0075958
T	T	417	4.4782	4	-0.10099
T	T	430	125.98	119	-0.056765
T	T	444	18.761	48	0.92347
T	T	470	110.84	102	-0.082749
T	T	478	17.081	6	-0.99504
T	T	500	110.84	108	-0.025861
T	T	523	110.84	98	-0.12255
T	T	531	110.84	65	-0.53056
T	T	547	109.95	125	0.12779
T	T	549	125.98	104	-0.19089
T	T	553	110.84	97	-0.13276
T	T	572	110.84	156	0.34044
T	T	573	110.84	107	-0.03512
T	T	581	125.98	54	-0.84188
T	T	588	125.98	50	-0.91811
T	T	599	125.98	98	-0.25002
T	T	602	125.98	88	-0.35708
T	T	604	110.84	72	-0.42902
T	T	618	125.98	1634	2.559
T	T	630	110.84	107	-0.03512
T	T	632	110.84	95	-0.15349
T	T	638	125.98	144	0.1332
T	T	645	125.98	61	-0.72104
T	T	676	110.84	250	0.81085
T	T	678	110.84	173	0.44357
T	T	696	110.84	72	-0.42902
T	T	716	119.03	76	-0.44625
T	T	719	110.84	66	-0.51541
T	T	723	762.24	191	-1.382
T	T	724	125.98	120	-0.048432
T	T	732	762.24	1605	0.74427
T	T	734	125.98	169	0.29277
T	T	739	125.98	126	0.00016084
T	T	747	110.84	98	-0.12255
T	T	761	125.98	82	-0.42728
T	T	768	110.84	139	0.22545
T	T	778	762.24	1681	0.79052
T	T	791	125.98	91	-0.32374
T	T	827	125.98	71	-0.57038
T	T	859	110.84	123	0.10363
T	T	866	125.98	125	-0.0077757
T	T	874	110.84	191	0.54228
T	T	881	125.98	127	0.0080349
T	T	883	110.84	180	0.48312
T	T	887	762.24	392	-0.66439
T	T	912	125.98	128	0.015847
T	T	941	125.98	141	0.11222
T	T	961	607.41	298	-0.71126
T	T	998	125.98	120	-0.048432
T	T	1006	125.98	187	0.3937
T	T	1009	110.84	136	0.20371
T	T	1027	110.35	72	-0.42455
T	T	1066	110.84	126	0.12763
T	T	1076	125.98	104	-0.19089
T	T	1077	110.84	250	0.81085
T	T	1100	125.98	108	-0.15333
T	T	1105	125.98	64	-0.67342
T	T	1116	110.84	237	0.75756
T	T	1117	125.98	148	0.1605
T	T	1120	125.98	148	0.1605
T	T	1136	125.98	53	-0.8604
T	T	1160	125.98	121	-0.040167
T	T	1231	125.98	106	-0.17194
T	T	1238	762.24	1705	0.80469
V	A	3	82.096	49	-0.51199
V	A	6	82.096	42	-0.66446
V	A	11	82.096	43	-0.6412
V	A	16	82.096	65	-0.23191
V	A	36	82.096	16	-1.6106
V	A	42	82.096	2	-3.4977
V	A	47	82.096	30	-0.99623
V	A	62	82.096	9	-2.1627
V	A	70	56.72	88	0.43609
V	A	83	74.361	100	0.29453
V	A	90	82.096	17	-1.5518
V	A	120	82.096	21	-1.3459
V	A	126	82.096	30	-0.99623
V	A	127	79.917	14	-1.7131
V	A	130	82.096	7	-2.3991
V	A	143	70.937	37	-0.64447
V	A	159	82.096	32	-0.93272
V	A	171	82.096	43	-0.6412
V	A	180	1.1429	1	-0.090998
V	A	193	82.096	6	-2.5422
V	A	210	0.625	2	0.79851
V	A	213	35.2	41	0.15055
V	A	227	82.096	46	-0.57451
V	A	252	7.7352	3	-0.85566
V	A	267	82.096	3	-3.1612
V	A	289	82.096	13	-1.8113
V	A	308	82.096	4	-2.9099
V	A	327	82.096	6	-2.5422
V	A	332	2.1791	2	-0.06919
V	A	341	82.096	4	-2.9099
V	A	350	82.096	13	-1.8113
V	A	362	82.096	2	-3.4977
V	A	382	82.096	6	-2.5422
V	A	395	82.096	13	-1.8113
V	A	401	82.096	7	-2.3991
V	A	407	82.096	4	-2.9099
V	A	433	82.096	2	-3.4977
V	A	445	72.181	512	1.9532
V	A	483	82.096	111	0.30007
V	A	486	1.2381	11	1.8896
V	A	503	82.096	28	-1.0641
V	A	510	82.096	4	-2.9099
V	A	511	82.096	0	-5.1071
V	A	512	82.096	7	-2.3991
V	A	524	82.096	3	-3.1612
V	A	534	82.096	14	-1.7398
V	A	539	82.096	0	-5.1071
V	A	551	82.096	2	-3.4977
V	A	576	82.096	10	-2.0626
V	A	595	82.096	3	-3.1612
V	A	597	82.096	0	-5.1071
V	A	608	82.096	2	-3.4977
V	A	610	82.096	0	-5.1071
V	A	615	82.096	41	-0.68827
V	A	620	82.096	8	-2.2739
V	A	622	82.096	174	0.74797
V	A	635	82.096	28	-1.0641
V	A	642	82.096	63	-0.26292
V	A	656	82.096	25	-1.1753
V	A	687	82.096	33	-0.90241
V	A	705	82.096	10	-2.0626
V	A	722	82.096	18	-1.4962
V	A	729	82.096	1	-4.0085
V	A	736	82.096	1	-4.0085
V	A	772	82.096	52	-0.45315
V	A	781	82.096	5	-2.7092
V	A	785	82.096	83	0.010887
V	A	826	82.096	4	-2.9099
V	A	860	82.096	25	-1.1753
V	A	911	82.096	3	-3.1612
V	A	915	82.096	2	-3.4977
V	A	951	82.096	1	-4.0085
V	A	952	82.096	11	-1.9716
V	A	963	82.096	7	-2.3991
V	A	976	82.096	21	-1.3459
V	A	987	82.096	2	-3.4977
V	A	991	82.096	5	-2.7092
V	A	1008	82.096	21	-1.3459
V	A	1033	82.096	113	0.31784
V	A	1040	82.096	41	-0.68827
V	A	1060	82.096	10	-2.0626
V	A	1061	82.096	12	-1.8882
V	A	1065	82.096	74	-0.10316
V	A	1068	82.096	20	-1.3935
V	A	1094	82.096	40	-0.71266
V	A	1096	82.096	32	-0.93272
V	A	1104	82.096	26	-1.1368
V	A	1122	82.096	53	-0.43428
V	A	1128	82.096	16	-1.6106
V	A	1129	82.096	20	-1.3935
V	A	1133	82.096	69	-0.17263
V	A	1137	82.096	5	-2.7092
V	A	1164	82.096	64	-0.24729
V	A	1176	81.768	5	-2.7052
V	A	1177	82.096	33	-0.90241
V	A	1189	82.096	44	-0.61847
V	A	1228	82.096	135	0.49501
V	A	1230	82.096	51	-0.47238
V	A	1264	82.096	77	-0.063681
V	A	1268	82.096	33	-0.90241
V	D	3	17.508	0	-3.584
V	D	6	17.508	0	-3.584
V	D	11	17.508	0	-3.584
V	D	16	17.508	0	-3.584
V	D	36	17.508	0	-3.584
V	D	42	17.508	0	-3.584
V	D	47	17.508	1	-2.4854
V	D	62	17.508	0	-3.584
V	D	67	3.1984	0	-2.001
V	D	70	10.926	9	-0.18456
V	D	83	16.197	1	-2.4098
V	D	90	17.508	4	-1.3868
V	D	120	17.508	0	-3.584
V	D	126	17.508	0	-3.584
V	D	127	17.02	0	-3.5565
V	D	130	17.508	0	-3.584
V	D	143	14.31	9	-0.44401
V	D	159	17.508	1	-2.4854
V	D	171	17.508	1	-2.4854
V	D	210	0.12828	0	-0.22838
V	D	222	0.51001	3	1.2428
V	D	252	1.3112	0	-1.2871
V	D	327	17.508	2	-1.9745
V	D	332	0.48805	0	-0.68113
V	D	341	17.508	1	-2.4854
V	D	350	17.508	0	-3.584
V	D	362	17.508	1	-2.4854
V	D	395	17.508	3	-1.6381
V	D	407	17.508	0	-3.584
V	D	433	17.508	0	-3.584
V	D	445	15.709	6	-0.91378
V	D	483	17.508	0	-3.584
V	D	486	0.28157	0	-0.4467
V	D	503	17.508	2	-1.9745
V	D	524	17.508	0	-3.584
V	D	534	17.508	0	-3.584
V	D	539	17.508	0	-3.584
V	D	551	17.508	0	-3.584
V	D	570	0.48805	0	-0.68113
V	D	576	17.508	0	-3.584
V	D	595	17.508	0	-3.584
V	D	597	17.508	0	-3.584
V	D	608	17.508	0	-3.584
V	D	610	17.508	0	-3.584
V	D	615	17.508	0	-3.584
V	D	620	17.508	1	-2.4854
V	D	622	17.508	1	-2.4854
V	D	635	17.508	1	-2.4854
V	D	642	17.508	0	-3.584
V	D	656	17.508	2	-1.9745
V	D	705	17.508	1	-2.4854
V	D	722	17.508	2	-1.9745
V	D	772	17.508	4	-1.3868
V	D	781	17.508	0	-3.584
V	D	785	17.508	0	-3.584
V	D	860	17.508	1	-2.4854
V	D	911	17.508	0	-3.584
V	D	915	17.508	0	-3.584
V	D	952	17.508	2	-1.9745
V	D	963	17.508	0	-3.584
V	D	976	17.508	0	-3.584
V	D	987	17.508	0	-3.584
V	D	1040	17.508	0	-3.584
V	D	1061	17.508	0	-3.584
V	D	1068	17.508	0	-3.584
V	D	1094	17.508	0	-3.584
V	D	1096	17.508	0	-3.584
V	D	1128	17.508	0	-3.584
V	D	1133	17.508	0	-3.584
V	D	1137	17.508	0	-3.584
V	D	1164	17.508	0	-3.584
V	D	1176	17.411	0	-3.5786
V	D	1189	17.508	0	-3.584
V	D	1268	17.508	0	-3.584
V	E	193	17.508	0	-3.584
V	E	213	6.5162	7	0.066678
V	E	227	17.508	3	-1.6381
V	E	267	17.508	0	-3.584
V	E	289	17.508	1	-2.4854
V	E	308	17.508	0	-3.584
V	E	382	17.508	1	-2.4854
V	E	401	17.508	0	-3.584
V	E	510	17.508	1	-2.4854
V	E	511	17.508	1	-2.4854
V	E	512	17.508	1	-2.4854
V	E	687	17.508	0	-3.584
V	E	729	17.508	2	-1.9745
V	E	736	17.508	1	-2.4854
V	E	826	17.508	0	-3.584
V	E	951	17.508	1	-2.4854
V	E	991	17.508	0	-3.584
V	E	1008	17.508	0	-3.584
V	E	1033	17.508	3	-1.6381
V	E	1060	17.508	0	-3.584
V	E	1065	17.508	0	-3.584
V	E	1104	17.508	0	-3.584
V	E	1122	17.508	0	-3.584
V	E	1129	17.508	0	-3.584
V	E	1177	17.508	1	-2.4854
V	E	1228	17.508	0	-3.584
V	E	1230	17.508	1	-2.4854
V	E	1264	17.508	5	-1.1861
V	F	3	392.03	79	-1.5969
V	F	6	392.03	439	0.11302
V	F	11	392.03	85	-1.5241
V	F	16	392.03	555	0.34725
V	F	36	392.03	192	-0.71253
V	F	42	392.03	39	-2.2963
V	F	47	392.03	100	-1.3625
V	F	62	392.03	65	-1.7906
V	F	67	32.028	38	0.16856
V	F	70	310.48	412	0.2825
V	F	83	372.54	421	0.12213
V	F	90	392.03	291	-0.29758
V	F	120	392.03	67	-1.7605
V	F	126	392.03	39	-2.2963
V	F	127	385.54	252	-0.42452
V	F	130	392.03	138	-1.0418
V	F	143	360.01	197	-0.60177
V	F	159	392.03	28	-2.6227
V	F	171	392.03	93	-1.4347
V	F	210	1.0836	4	1.0444
V	F	222	18.481	3	-1.6907
V	F	252	19.491	4	-1.4912
V	F	327	392.03	7	-3.9577
V	F	332	6.4982	0	-2.6388
V	F	341	392.03	3	-4.7199
V	F	350	392.03	2	-5.0563
V	F	362	392.03	126	-1.1324
V	F	395	392.03	46	-2.1332
V	F	407	392.03	4	-4.4685
V	F	433	392.03	0	-6.6658
V	F	445	366.05	325	-0.11876
V	F	483	392.03	648	0.50204
V	F	503	392.03	141	-1.0203
V	F	524	392.03	4	-4.4685
V	F	534	392.03	72	-1.689
V	F	539	392.03	1	-5.5672
V	F	551	392.03	120	-1.181
V	F	570	6.4982	0	-2.6388
V	F	576	392.03	22	-2.8591
V	F	595	392.03	1	-5.5672
V	F	597	392.03	2	-5.0563
V	F	608	392.03	33	-2.4611
V	F	610	392.03	1	-5.5672
V	F	615	392.03	195	-0.69706
V	F	620	392.03	25	-2.7339
V	F	622	392.03	782	0.68987
V	F	635	392.03	37	-2.3483
V	F	642	392.03	147	-0.97879
V	F	656	392.03	7	-3.9577
V	F	705	392.03	263	-0.39857
V	F	722	392.03	6	-4.1008
V	F	772	392.03	30	-2.5549
V	F	781	392.03	4	-4.4685
V	F	785	392.03	33	-2.4611
V	F	860	392.03	84	-1.5359
V	F	911	392.03	8	-3.8326
V	F	915	392.03	15	-3.2318
V	F	952	392.03	45	-2.1549
V	F	963	392.03	16	-3.1693
V	F	976	392.03	64	-1.806
V	F	987	392.03	228	-0.54109
V	F	1040	392.03	85	-1.5241
V	F	1061	392.03	43	-2.1999
V	F	1068	392.03	201	-0.66683
V	F	1094	392.03	61	-1.8536
V	F	1096	392.03	12	-3.4469
V	F	1128	392.03	80	-1.5844
V	F	1133	392.03	285	-0.31838
V	F	1137	392.03	23	-2.8156
V	F	1164	392.03	97	-1.3928
V	F	1176	388.63	601	0.43552
V	F	1189	392.03	67	-1.7605
V	F	1268	392.03	30	-2.5549
V	G	3	11.238	287	3.1984
V	G	6	11.238	6	-0.59105
V	G	11	11.238	2	-1.5466
V	G	16	11.238	6	-0.59105
V	G	36	11.238	1	-2.0574
V	G	42	11.238	1	-2.0574
V	G	47	11.238	4	-0.95878
V	G	62	11.238	8	-0.32279
V	G	67	1.3513	0	-1.309
V	G	70	8.1933	22	0.95096
V	G	83	10.434	1	-1.9864
V	G	90	11.238	9	-0.21156
V	G	120	11.238	0	-3.156
V	G	126	11.238	5	-0.75811
V	G	127	10.985	0	-3.1342
V	G	130	11.238	0	-3.156
V	G	143	9.887	8	-0.20049
V	G	159	11.238	1	-2.0574
V	G	171	11.238	0	-3.156
V	G	180	0.1082	0	-0.1959
V	G	193	11.238	1	-2.0574
V	G	210	0.058988	0	-0.11152
V	G	213	5.6693	10	0.53179
V	G	222	0.41431	0	-0.60356
V	G	227	11.238	2	-1.5466
V	G	267	11.238	1	-2.0574
V	G	289	11.238	0	-3.156
V	G	308	11.238	0	-3.156
V	G	327	11.238	0	-3.156
V	G	332	0.25363	0	-0.41029
V	G	341	11.238	3	-1.2101
V	G	350	11.238	1	-2.0574
V	G	362	11.238	0	-3.156
V	G	382	11.238	0	-3.156
V	G	395	11.238	0	-3.156
V	G	401	11.238	1	-2.0574
V	G	407	11.238	0	-3.156
V	G	433	11.238	1	-2.0574
V	G	445	10.181	13	0.23426
V	G	483	11.238	12	0.062873
V	G	486	0.14921	0	-0.26115
V	G	503	11.238	6	-0.59105
V	G	510	11.238	1	-2.0574
V	G	511	11.238	0	-3.156
V	G	512	11.238	0	-3.156
V	G	524	11.238	6	-0.59105
V	G	534	11.238	0	-3.156
V	G	539	11.238	0	-3.156
V	G	551	11.238	0	-3.156
V	G	570	0.25363	0	-0.41029
V	G	576	11.238	0	-3.156
V	G	595	11.238	0	-3.156
V	G	597	11.238	0	-3.156
V	G	608	11.238	0	-3.156
V	G	610	11.238	0	-3.156
V	G	615	11.238	0	-3.156
V	G	620	11.238	0	-3.156
V	G	622	11.238	5	-0.75811
V	G	635	11.238	2	-1.5466
V	G	642	11.238	502	3.7567
V	G	656	11.238	0	-3.156
V	G	687	11.238	0	-3.156
V	G	705	11.238	2	-1.5466
V	G	722	11.238	1	-2.0574
V	G	729	11.238	0	-3.156
V	G	736	11.238	0	-3.156
V	G	772	11.238	10	-0.11148
V	G	781	11.238	7	-0.44795
V	G	785	11.238	6	-0.59105
V	G	826	11.238	0	-3.156
V	G	860	11.238	1	-2.0574
V	G	911	11.238	0	-3.156
V	G	915	11.238	0	-3.156
V	G	951	11.238	1	-2.0574
V	G	952	11.238	0	-3.156
V	G	963	11.238	1	-2.0574
V	G	976	11.238	1	-2.0574
V	G	987	11.238	0	-3.156
V	G	991	11.238	5	-0.75811
V	G	1008	11.238	0	-3.156
V	G	1033	11.238	3	-1.2101
V	G	1040	11.238	2	-1.5466
V	G	1060	11.238	0	-3.156
V	G	1061	11.238	0	-3.156
V	G	1065	11.238	0	-3.156
V	G	1068	11.238	3	-1.2101
V	G	1094	11.238	2	-1.5466
V	G	1096	11.238	1	-2.0574
V	G	1104	11.238	0	-3.156
V	G	1122	11.238	0	-3.156
V	G	1128	11.238	0	-3.156
V	G	1129	11.238	0	-3.156
V	G	1133	11.238	1	-2.0574
V	G	1137	11.238	1	-2.0574
V	G	1164	11.238	1	-2.0574
V	G	1176	11.165	0	-3.1498
V	G	1177	11.238	0	-3.156
V	G	1189	11.238	1	-2.0574
V	G	1228	11.238	3	-1.2101
V	G	1230	11.238	2	-1.5466
V	G	1264	11.238	9	-0.21156
V	G	1268	11.238	4	-0.95878
V	I	3	192.69	104	-0.61451
V	I	6	192.69	136	-0.34737
V	I	11	192.69	74	-0.9529
V	I	16	192.69	72	-0.98011
V	I	36	192.69	125	-0.43139
V	I	42	192.69	62	-1.1285
V	I	47	192.69	46	-1.4242
V	I	62	192.69	130	-0.39233
V	I	67	25.388	15	-0.51294
V	I	70	132.14	400	1.105
V	I	83	175.08	153	-0.13437
V	I	90	192.69	127	-0.41558
V	I	120	192.69	73	-0.96641
V	I	126	192.69	18	-2.3459
V	I	127	187.85	64	-1.0716
V	I	130	192.69	26	-1.9866
V	I	143	167.31	68	-0.89598
V	I	159	192.69	83	-0.83885
V	I	171	192.69	60	-1.1611
V	I	180	2.5839	3	0.12657
V	I	222	6.3663	3	-0.67386
V	I	227	192.69	130	-0.39233
V	I	252	17.619	26	0.38021
V	I	289	192.69	320	0.50618
V	I	308	192.69	113	-0.5319
V	I	327	192.69	60	-1.1611
V	I	341	192.69	99	-0.66354
V	I	350	192.69	18	-2.3459
V	I	362	192.69	35	-1.6942
V	I	395	192.69	15	-2.5229
V	I	401	192.69	39	-1.5874
V	I	407	192.69	53	-1.284
V	I	433	192.69	151	-0.24311
V	I	445	170.23	127	-0.29195
V	I	483	192.69	118	-0.48879
V	I	486	3.1941	0	-1.9999
V	I	503	192.69	68	-1.0369
V	I	510	192.69	39	-1.5874
V	I	511	192.69	44	-1.4682
V	I	512	192.69	24	-2.065
V	I	524	192.69	9	-3.0124
V	I	534	192.69	85	-0.81518
V	I	539	192.69	41	-1.538
V	I	551	192.69	151	-0.24311
V	I	570	4.8498	1	-1.2716
V	I	576	192.69	91	-0.74736
V	I	595	192.69	94	-0.7151
V	I	597	192.69	37	-1.6394
V	I	608	192.69	112	-0.54075
V	I	610	192.69	42	-1.5142
V	I	615	192.69	212	0.095243
V	I	620	192.69	33	-1.7522
V	I	622	192.69	222	0.14123
V	I	635	192.69	73	-0.96641
V	I	642	192.69	67	-1.0516
V	I	656	192.69	48	-1.3821
V	I	687	192.69	126	-0.42346
V	I	705	192.69	84	-0.82695
V	I	722	192.69	89	-0.76946
V	I	736	192.69	52	-1.3029
V	I	772	192.69	167	-0.14272
V	I	781	192.69	2	-4.3474
V	I	785	192.69	62	-1.1285
V	I	860	192.69	118	-0.48879
V	I	911	192.69	80	-0.87544
V	I	915	192.69	71	-0.994
V	I	952	192.69	107	-0.58621
V	I	963	192.69	75	-0.93957
V	I	976	192.69	25	-2.025
V	I	987	192.69	11	-2.8214
V	I	1033	192.69	7	-3.2488
V	I	1040	192.69	24	-2.065
V	I	1060	192.69	86	-0.80355
V	I	1061	192.69	32	-1.7825
V	I	1068	192.69	117	-0.49726
V	I	1094	192.69	108	-0.57695
V	I	1096	192.69	119	-0.48038
V	I	1104	192.69	145	-0.28352
V	I	1128	192.69	87	-0.79206
V	I	1129	192.69	134	-0.36214
V	I	1133	192.69	111	-0.54967
V	I	1137	192.69	52	-1.3029
V	I	1164	192.69	115	-0.51443
V	I	1176	191.76	26	-1.9817
V	I	1177	192.69	129	-0.40002
V	I	1189	192.69	83	-0.83885
V	I	1228	192.69	73	-0.96641
V	I	1268	192.69	54	-1.2655
V	L	3	22.683	1	-2.738
V	L	6	22.683	34	0.39754
V	L	11	22.683	13	-0.54073
V	L	16	22.683	20	-0.12299
V	L	36	22.683	11	-0.70107
V	L	42	22.683	5	-1.4387
V	L	47	22.683	12	-0.61769
V	L	62	22.683	264	2.4344
V	L	67	2.4909	0	-1.7887
V	L	70	16.523	77	1.5157
V	L	83	20.916	96	1.5054
V	L	90	22.683	30	0.27431
V	L	120	22.683	14	-0.46927
V	L	126	22.683	1	-2.738
V	L	127	22.119	3	-1.866
V	L	130	22.683	25	0.09526
V	L	143	20.192	7	-1.0148
V	L	159	22.683	4	-1.6393
V	L	171	22.683	20	-0.12299
V	L	180	3.3247	4	0.16261
V	L	193	414.72	822	0.68355
V	L	210	0.13091	0	-0.23256
V	L	213	257.08	232	-0.10244
V	L	222	0.81317	1	0.13302
V	L	227	414.72	174	-0.86688
V	L	252	1.7668	0	-1.5115
V	L	267	414.72	203	-0.71313
V	L	289	414.72	432	0.040782
V	L	308	414.72	1010	0.8894
V	L	327	22.683	4	-1.6393
V	L	332	0.5641	0	-0.75528
V	L	341	22.683	9	-0.89213
V	L	350	22.683	0	-3.8366
V	L	362	22.683	14	-0.46927
V	L	382	414.72	287	-0.36758
V	L	395	22.683	15	-0.40258
V	L	401	414.72	205	-0.70335
V	L	407	22.683	4	-1.6393
V	L	433	22.683	3	-1.8907
V	L	445	20.352	17	-0.17526
V	L	483	22.683	85	1.3051
V	L	486	0.30403	0	-0.47503
V	L	503	22.683	5	-1.4387
V	L	510	414.72	56	-1.9946
V	L	511	414.72	32	-2.5476
V	L	512	414.72	4	-4.5247
V	L	524	22.683	0	-3.8366
V	L	534	22.683	21	-0.075366
V	L	539	22.683	1	-2.738
V	L	551	22.683	3	-1.8907
V	L	570	0.5641	0	-0.75528
V	L	576	22.683	9	-0.89213
V	L	595	22.683	1	-2.738
V	L	597	22.683	0	-3.8366
V	L	608	22.683	0	-3.8366
V	L	610	22.683	1	-2.738
V	L	615	22.683	24	0.055254
V	L	620	22.683	10	-0.79204
V	L	622	22.683	67	1.0687
V	L	635	22.683	1	-2.738
V	L	642	22.683	7	-1.1285
V	L	656	22.683	1	-2.738
V	L	687	414.72	101	-1.4087
V	L	705	22.683	74	1.1674
V	L	722	22.683	2	-2.2271
V	L	729	414.72	17	-3.1666
V	L	736	414.72	24	-2.8301
V	L	772	22.683	0	-3.8366
V	L	781	22.683	2	-2.2271
V	L	785	22.683	4	-1.6393
V	L	826	414.72	220	-0.6329
V	L	860	22.683	133	1.7507
V	L	911	22.683	1	-2.738
V	L	915	22.683	5	-1.4387
V	L	951	414.72	15	-3.288
V	L	952	22.683	1	-2.738
V	L	963	22.683	2	-2.2271
V	L	976	22.683	0	-3.8366
V	L	987	22.683	7	-1.1285
V	L	991	414.72	7	-4.0139
V	L	1008	414.72	8	-3.8887
V	L	1033	414.72	9	-3.7775
V	L	1040	22.683	1	-2.738
V	L	1060	414.72	45	-2.2111
V	L	1061	22.683	1	-2.738
V	L	1065	414.72	334	-0.21616
V	L	1068	22.683	21	-0.075366
V	L	1094	22.683	2	-2.2271
V	L	1096	22.683	2	-2.2271
V	L	1104	414.72	1176	1.0415
V	L	1122	414.72	857	0.72522
V	L	1128	22.683	2	-2.2271
V	L	1129	414.72	101	-1.4087
V	L	1133	22.683	41	0.58227
V	L	1137	22.683	2	-2.2271
V	L	1164	22.683	2	-2.2271
V	L	1176	22.548	7	-1.1227
V	L	1177	414.72	263	-0.45475
V	L	1189	22.683	0	-3.8366
V	L	1228	414.72	1467	1.2625
V	L	1230	414.72	282	-0.38512
V	L	1264	414.72	1720	1.4216
V	L	1268	22.683	5	-1.4387
V	M	193	192.69	11	-2.8214
V	M	213	83.167	37	-0.8025
V	M	267	192.69	14	-2.5896
V	M	382	192.69	5	-3.559
V	M	729	192.69	9	-3.0124
V	M	826	192.69	23	-2.1067
V	M	951	192.69	3	-4.0109
V	M	991	192.69	1	-4.8582
V	M	1008	192.69	3	-4.0109
V	M	1065	192.69	35	-1.6942
V	M	1122	192.69	109	-0.56777
V	M	1230	192.69	91	-0.74736
V	M	1264	192.69	112	-0.54075
V	V	3	110.84	73	-0.41533
V	V	6	110.84	69	-0.47128
V	V	11	762.24	1966	0.94709
V	V	16	110.84	109	-0.016687
V	V	36	110.84	56	-0.67837
V	V	42	110.84	60	-0.60997
V	V	47	110.84	46	-0.87316
V	V	62	110.84	144	0.26067
V	V	67	15.709	26	0.4916
V	V	70	538.53	913	0.52752
V	V	83	704.5	1770	0.92082
V	V	90	110.84	67	-0.50048
V	V	120	110.84	31	-1.2626
V	V	126	110.84	56	-0.67837
V	V	127	107.92	17	-1.8238
V	V	130	762.24	1744	0.8273
V	V	143	95.134	52	-0.59971
V	V	159	110.84	70	-0.457
V	V	171	762.24	218	-1.2501
V	V	180	1.5082	2	0.21903
V	V	193	607.41	85	-1.9615
V	V	210	0.81227	0	-0.9649
V	V	213	340.25	311	-0.089737
V	V	222	3.5797	4	0.098054
V	V	227	125.98	149	0.16721
V	V	252	9.8504	6	-0.46523
V	V	267	607.41	427	-0.35208
V	V	289	125.98	142	0.11926
V	V	308	125.98	162	0.2506
V	V	327	110.84	54	-0.71441
V	V	332	2.9208	1	-0.8244
V	V	341	110.84	116	0.04528
V	V	350	110.84	42	-0.96311
V	V	362	110.84	89	-0.21837
V	V	382	607.41	587	-0.034153
V	V	395	762.24	1079	0.34733
V	V	401	125.98	78	-0.47698
V	V	407	762.24	223	-1.2275
V	V	433	110.84	104	-0.063424
V	V	445	98.071	82	-0.17798
V	V	483	110.84	116	0.04528
V	V	486	1.6689	1	-0.36875
V	V	503	110.84	119	0.070705
V	V	510	125.98	89	-0.34584
V	V	511	125.98	78	-0.47698
V	V	512	125.98	101	-0.22002
V	V	524	110.84	42	-0.96311
V	V	534	110.84	59	-0.62664
V	V	539	762.24	229	-1.201
V	V	551	110.84	62	-0.57744
V	V	570	2.9208	5	0.47488
V	V	576	762.24	166	-1.5219
V	V	595	762.24	171	-1.4923
V	V	597	110.84	92	-0.1854
V	V	608	110.84	110	-0.0075958
V	V	610	110.84	58	-0.64358
V	V	615	110.84	139	0.22545
V	V	620	762.24	1032	0.30281
V	V	622	110.84	137	0.21101
V	V	635	110.84	21	-1.6446
V	V	642	110.84	92	-0.1854
V	V	656	762.24	138	-1.7061
V	V	687	125.98	138	0.090789
V	V	705	110.84	94	-0.16401
V	V	722	110.84	156	0.34044
V	V	729	607.41	193	-1.1448
V	V	736	125.98	113	-0.10828
V	V	772	110.84	128	0.14332
V	V	781	110.84	61	-0.59357
V	V	785	762.24	241	-1.1501
V	V	826	607.41	380	-0.46854
V	V	860	110.84	151	0.30797
V	V	911	110.84	96	-0.14307
V	V	915	110.84	61	-0.59357
V	V	951	607.41	260	-0.84743
V	V	952	762.24	742	-0.026901
V	V	963	110.84	103	-0.07304
V	V	976	110.84	39	-1.0363
V	V	987	110.84	112	0.010342
V	V	991	607.41	488	-0.21869
V	V	1008	607.41	321	-0.63703
V	V	1033	125.98	45	-1.0224
V	V	1040	110.84	82	-0.29981
V	V	1060	125.98	173	0.3161
V	V	1061	762.24	449	-0.52879
V	V	1065	607.41	606	-0.0023248
V	V	1068	762.24	178	-1.4523
V	V	1094	762.24	644	-0.16845
V	V	1096	110.84	84	-0.27586
V	V	1104	125.98	91	-0.32374
V	V	1122	607.41	516	-0.16295
V	V	1128	110.84	55	-0.69623
V	V	1129	125.98	68	-0.61325
V	V	1133	762.24	161	-1.5524
V	V	1137	110.84	42	-0.96311
V	V	1164	110.84	88	-0.22961
V	V	1176	110.35	38	-1.0575
V	V	1177	125.98	92	-0.31287
V	V	1189	110.84	102	-0.082749
V	V	1228	125.98	98	-0.25002
V	V	1230	607.41	432	-0.34045
V	V	1264	607.41	797	0.27145
V	V	1268	762.24	173	-1.4807
W	*	64	385.39	1	-5.5501
W	*	104	385.39	1	-5.5501
W	*	152	376.37	2	-5.0156
W	*	353	385.39	2	-5.0393
W	*	436	385.39	2	-5.0393
W	*	452	9.6996	0	-3.0155
W	*	633	385.39	1	-5.5501
W	*	886	385.39	0	-6.6487
W	*	1102	385.39	0	-6.6487
W	*	1212	385.39	1	-5.5501
W	*	1217	385.39	0	-6.6487
W	C	64	414.72	113	-1.297
W	C	104	414.72	3	-4.776
W	C	152	408.33	66	-1.8161
W	C	353	414.72	2	-5.1125
W	C	436	414.72	4	-4.5247
W	C	452	7.0623	0	-2.7163
W	C	633	414.72	1	-5.6233
W	C	886	414.72	8	-3.8887
W	C	1102	414.72	52	-2.068
W	C	1212	414.72	6	-4.157
W	C	1217	414.72	0	-6.7219
W	G	64	11.238	6	-0.59105
W	G	104	11.238	0	-3.156
W	G	152	11.005	25	0.79586
W	G	353	11.238	0	-3.156
W	G	436	11.238	1	-2.0574
W	G	452	0.25363	0	-0.41029
W	G	633	11.238	0	-3.156
W	G	886	11.238	2	-1.5466
W	G	1102	11.238	0	-3.156
W	G	1212	11.238	0	-3.156
W	G	1217	11.238	0	-3.156
W	L	64	392.03	221	-0.5722
W	L	104	392.03	4	-4.4685
W	L	152	386.12	665	0.54309
W	L	353	392.03	1	-5.5672
W	L	436	392.03	18	-3.0549
W	L	633	392.03	0	-6.6658
W	L	886	392.03	133	-1.0785
W	L	1102	392.03	179	-0.78245
W	L	1212	392.03	6	-4.1008
W	L	1217	392.03	49	-2.0706
W	R	64	99.604	297	1.0892
W	R	104	99.604	3	-3.3534
W	R	152	97.312	460	1.5493
W	R	353	99.604	3	-3.3534
W	R	436	99.604	6	-2.7344
W	R	452	0.48805	0	-0.68113
W	R	633	99.604	2	-3.6899
W	R	886	99.604	0	-5.2994
W	R	1102	99.604	3	-3.3534
W	R	1212	99.604	5	-2.9015
W	R	1217	99.604	2	-3.6899
W	S	64	22.683	3	-1.8907
W	S	104	22.683	2	-2.2271
W	S	152	22.208	32	0.35853
W	S	353	22.683	5	-1.4387
W	S	436	22.683	1	-2.738
W	S	452	0.5641	0	-0.75528
W	S	633	22.683	0	-3.8366
W	S	886	22.683	0	-3.8366
W	S	1102	22.683	31	0.30657
W	S	1212	22.683	2	-2.2271
W	S	1217	22.683	0	-3.8366
Y	*	28	65.35	0	-4.8805
Y	*	37	28.747	0	-4.0689
Y	*	38	65.35	0	-4.8805
Y	*	91	28.747	3	-2.123
Y	*	138	0.17001	0	-0.29269
Y	*	144	24.197	1	-2.8012
Y	*	145	57.739	44	-0.26906
Y	*	160	28.747	0	-4.0689
Y	*	170	28.747	1	-2.9703
Y	*	200	28.747	1	-2.9703
Y	*	204	28.747	0	-4.0689
Y	*	248	28.747	0	-4.0689
Y	*	265	28.747	0	-4.0689
Y	*	266	28.747	2	-2.4595
Y	*	269	28.747	0	-4.0689
Y	*	279	28.747	0	-4.0689
Y	*	313	28.747	2	-2.4595
Y	*	351	28.747	0	-4.0689
Y	*	365	28.747	0	-4.0689
Y	*	369	28.747	0	-4.0689
Y	*	380	28.747	0	-4.0689
Y	*	396	28.747	0	-4.0689
Y	*	421	28.747	1	-2.9703
Y	*	423	28.747	0	-4.0689
Y	*	449	28.747	2	-2.4595
Y	*	451	65.35	0	-4.8805
Y	*	453	28.747	1	-2.9703
Y	*	473	28.747	1	-2.9703
Y	*	489	65.35	0	-4.8805
Y	*	495	28.747	1	-2.9703
Y	*	501	13.852	0	-3.3571
Y	*	505	29.563	0	-4.0964
Y	*	508	65.35	1	-3.7819
Y	*	612	28.747	0	-4.0689
Y	*	636	28.747	1	-2.9703
Y	*	655	11.86	0	-3.2076
Y	*	660	28.747	0	-4.0689
Y	*	674	28.747	1	-2.9703
Y	*	695	65.35	1	-3.7819
Y	*	707	65.35	0	-4.8805
Y	*	741	65.35	0	-4.8805
Y	*	756	28.747	1	-2.9703
Y	*	789	65.35	1	-3.7819
Y	*	796	16.338	0	-3.5168
Y	*	837	28.747	0	-4.0689
Y	*	873	65.35	0	-4.8805
Y	*	904	28.747	0	-4.0689
Y	*	917	28.747	0	-4.0689
Y	*	1007	28.747	1	-2.9703
Y	*	1047	28.747	0	-4.0689
Y	*	1067	28.747	0	-4.0689
Y	*	1110	28.747	2	-2.4595
Y	*	1138	28.747	0	-4.0689
Y	*	1155	28.747	0	-4.0689
Y	*	1206	28.747	1	-2.9703
Y	*	1209	28.747	0	-4.0689
Y	*	1215	64.513	0	-4.8677
Y	*	1272	65.35	17	-1.3252
Y	C	28	89.169	13	-1.8934
Y	C	37	89.169	4	-2.992
Y	C	38	89.169	1	-4.0907
Y	C	91	89.169	2	-3.5798
Y	C	138	0.40182	0	-0.58981
Y	C	144	77.965	16	-1.5593
Y	C	145	77.965	6	-2.4908
Y	C	160	89.169	7	-2.4812
Y	C	170	89.169	5	-2.7914
Y	C	200	89.169	234	0.96134
Y	C	204	89.169	4	-2.992
Y	C	248	89.169	31	-1.0461
Y	C	265	89.169	67	-0.28399
Y	C	266	89.169	50	-0.57415
Y	C	269	89.169	32	-1.0149
Y	C	279	89.169	3	-3.2434
Y	C	313	89.169	1	-4.0907
Y	C	351	89.169	2	-3.5798
Y	C	365	89.169	4	-2.992
Y	C	369	89.169	12	-1.9704
Y	C	380	89.169	1	-4.0907
Y	C	396	89.169	4	-2.992
Y	C	421	89.169	4	-2.992
Y	C	423	89.169	1	-4.0907
Y	C	449	89.169	0	-5.1893
Y	C	451	89.169	2	-3.5798
Y	C	453	89.169	4	-2.992
Y	C	473	89.169	0	-5.1893
Y	C	489	89.169	0	-5.1893
Y	C	495	89.169	2	-3.5798
Y	C	501	39.8	0	-4.3895
Y	C	505	41.285	0	-4.4257
Y	C	508	89.169	3	-3.2434
Y	C	612	89.169	0	-5.1893
Y	C	636	89.169	2	-3.5798
Y	C	655	34.851	0	-4.2585
Y	C	660	89.169	6	-2.6243
Y	C	674	89.169	5	-2.7914
Y	C	695	89.169	0	-5.1893
Y	C	707	89.169	0	-5.1893
Y	C	741	89.169	1	-4.0907
Y	C	756	89.169	0	-5.1893
Y	C	789	89.169	3	-3.2434
Y	C	796	47.13	12	-1.3377
Y	C	837	89.169	0	-5.1893
Y	C	873	89.169	1	-4.0907
Y	C	904	89.169	1	-4.0907
Y	C	917	89.169	1	-4.0907
Y	C	1007	89.169	2	-3.5798
Y	C	1047	89.169	24	-1.2974
Y	C	1067	89.169	5	-2.7914
Y	C	1110	89.169	3	-3.2434
Y	C	1138	89.169	12	-1.9704
Y	C	1155	89.169	2	-3.5798
Y	C	1206	89.169	1	-4.0907
Y	C	1209	89.169	1	-4.0907
Y	C	1215	89.169	0	-5.1893
Y	C	1272	89.169	2	-3.5798
Y	D	28	11.238	5	-0.75811
Y	D	37	11.238	1	-2.0574
Y	D	38	11.238	0	-3.156
Y	D	91	11.238	0	-3.156
Y	D	144	9.887	4	-0.83648
Y	D	145	9.887	19	0.62986
Y	D	160	11.238	0	-3.156
Y	D	170	11.238	1	-2.0574
Y	D	200	11.238	1	-2.0574
Y	D	204	11.238	0	-3.156
Y	D	248	11.238	32	1.0184
Y	D	265	11.238	0	-3.156
Y	D	266	11.238	0	-3.156
Y	D	269	11.238	0	-3.156
Y	D	279	11.238	0	-3.156
Y	D	313	11.238	0	-3.156
Y	D	351	11.238	0	-3.156
Y	D	365	11.238	2	-1.5466
Y	D	369	11.238	0	-3.156
Y	D	380	11.238	0	-3.156
Y	D	396	11.238	1	-2.0574
Y	D	421	11.238	0	-3.156
Y	D	423	11.238	0	-3.156
Y	D	449	11.238	27	0.85133
Y	D	451	11.238	0	-3.156
Y	D	453	11.238	1	-2.0574
Y	D	473	11.238	0	-3.156
Y	D	489	11.238	0	-3.156
Y	D	495	11.238	0	-3.156
Y	D	501	5.0047	7	0.30931
Y	D	505	5.6693	0	-2.5127
Y	D	508	11.238	1	-2.0574
Y	D	612	11.238	0	-3.156
Y	D	636	11.238	0	-3.156
Y	D	655	4.0238	0	-2.2025
Y	D	660	11.238	0	-3.156
Y	D	674	11.238	0	-3.156
Y	D	695	11.238	2	-1.5466
Y	D	707	11.238	8	-0.32279
Y	D	741	11.238	0	-3.156
Y	D	756	11.238	0	-3.156
Y	D	789	11.238	2	-1.5466
Y	D	837	11.238	0	-3.156
Y	D	873	11.238	0	-3.156
Y	D	904	11.238	0	-3.156
Y	D	917	11.238	0	-3.156
Y	D	1007	11.238	0	-3.156
Y	D	1047	11.238	0	-3.156
Y	D	1067	11.238	0	-3.156
Y	D	1110	11.238	0	-3.156
Y	D	1138	11.238	0	-3.156
Y	D	1155	11.238	0	-3.156
Y	D	1206	11.238	0	-3.156
Y	D	1209	11.238	0	-3.156
Y	D	1215	11.238	2	-1.5466
Y	D	1272	11.238	0	-3.156
Y	F	28	25.461	17	-0.39441
Y	F	37	25.461	3	-2.0038
Y	F	38	25.461	2	-2.3403
Y	F	91	25.461	10	-0.90523
Y	F	138	0.11551	1	0.89077
Y	F	144	22.157	205	2.205
Y	F	145	22.157	7	-1.1056
Y	F	160	25.461	16	-0.45325
Y	F	170	25.461	13	-0.65392
Y	F	200	25.461	7	-1.2417
Y	F	204	25.461	9	-1.0053
Y	F	248	25.461	7	-1.2417
Y	F	265	25.461	8	-1.1165
Y	F	266	25.461	13	-0.65392
Y	F	269	25.461	12	-0.73088
Y	F	279	25.461	36	0.34071
Y	F	313	25.461	28	0.093298
Y	F	351	25.461	20	-0.23618
Y	F	365	25.461	6	-1.3848
Y	F	369	25.461	5	-1.5519
Y	F	380	25.461	25	-0.017928
Y	F	396	25.461	28	0.093298
Y	F	421	25.461	11	-0.81426
Y	F	423	25.461	1	-2.8511
Y	F	449	25.461	3	-2.0038
Y	F	451	25.461	0	-3.9498
Y	F	453	25.461	69	0.98472
Y	F	473	25.461	29	0.12778
Y	F	489	25.461	3	-2.0038
Y	F	495	25.461	2	-2.3403
Y	F	501	11.29	4	-0.96315
Y	F	505	11.98	3	-1.2714
Y	F	508	25.461	1	-2.8511
Y	F	612	25.461	13	-0.65392
Y	F	636	25.461	5	-1.5519
Y	F	655	9.8744	19	0.63108
Y	F	660	25.461	61	0.86243
Y	F	674	25.461	56	0.77763
Y	F	695	25.461	3	-2.0038
Y	F	707	25.461	4	-1.7525
Y	F	741	25.461	0	-3.9498
Y	F	756	25.461	1	-2.8511
Y	F	789	25.461	2	-2.3403
Y	F	796	13.309	18	0.29246
Y	F	837	25.461	19	-0.28619
Y	F	873	25.461	1	-2.8511
Y	F	904	25.461	10	-0.90523
Y	F	917	25.461	14	-0.58246
Y	F	1007	25.461	4	-1.7525
Y	F	1047	25.461	28	0.093298
Y	F	1067	25.461	28	0.093298
Y	F	1110	25.461	9	-1.0053
Y	F	1138	25.461	8	-1.1165
Y	F	1155	25.461	29	0.12778
Y	F	1206	25.461	16	-0.45325
Y	F	1209	25.461	13	-0.65392
Y	F	1215	25.461	13	-0.65392
Y	F	1272	25.461	4	-1.7525
Y	H	28	82.096	337	1.4076
Y	H	37	82.096	9	-2.1627
Y	H	38	82.096	20	-1.3935
Y	H	91	82.096	6	-2.5422
Y	H	138	0.32741	0	-0.50369
Y	H	144	70.937	52	-0.308
Y	H	145	70.937	439	1.8168
Y	H	160	82.096	16	-1.6106
Y	H	170	82.096	113	0.31784
Y	H	200	82.096	92	0.11325
Y	H	204	82.096	33	-0.90241
Y	H	248	82.096	315	1.3402
Y	H	265	82.096	9	-2.1627
Y	H	266	82.096	24	-1.2153
Y	H	269	82.096	83	0.010887
Y	H	279	82.096	6	-2.5422
Y	H	313	82.096	17	-1.5518
Y	H	351	82.096	22	-1.3004
Y	H	365	82.096	2	-3.4977
Y	H	369	82.096	39	-0.73766
Y	H	380	82.096	6	-2.5422
Y	H	396	82.096	17	-1.5518
Y	H	421	82.096	11	-1.9716
Y	H	423	82.096	0	-5.1071
Y	H	449	82.096	67	-0.20183
Y	H	451	82.096	51	-0.47238
Y	H	453	82.096	28	-1.0641
Y	H	473	82.096	33	-0.90241
Y	H	489	82.096	104	0.23523
Y	H	495	82.096	12	-1.8882
Y	H	501	37.704	7	-1.628
Y	H	505	35.2	29	-0.19075
Y	H	508	82.096	158	0.6518
Y	H	612	82.096	1	-4.0085
Y	H	636	82.096	13	-1.8113
Y	H	660	82.096	131	0.46505
Y	H	674	82.096	51	-0.47238
Y	H	695	82.096	2	-3.4977
Y	H	707	82.096	3	-3.1612
Y	H	741	82.096	0	-5.1071
Y	H	756	82.096	1	-4.0085
Y	H	789	82.096	32	-0.93272
Y	H	796	46.108	157	1.2176
Y	H	837	82.096	194	0.85647
Y	H	873	82.096	21	-1.3459
Y	H	904	82.096	18	-1.4962
Y	H	917	82.096	2	-3.4977
Y	H	1007	82.096	14	-1.7398
Y	H	1047	82.096	25	-1.1753
Y	H	1067	82.096	4	-2.9099
Y	H	1110	82.096	18	-1.4962
Y	H	1138	82.096	12	-1.8882
Y	H	1155	82.096	102	0.2159
Y	H	1206	82.096	19	-1.4435
Y	H	1209	82.096	34	-0.873
Y	H	1215	82.096	63	-0.26292
Y	H	1272	82.096	50	-0.49199
Y	N	28	17.508	22	0.22268
Y	N	37	17.508	0	-3.584
Y	N	38	17.508	15	-0.15
Y	N	91	17.508	1	-2.4854
Y	N	138	0.09715	0	-0.17756
Y	N	144	14.31	4	-1.1912
Y	N	145	14.31	70	1.5603
Y	N	160	17.508	2	-1.9745
Y	N	170	17.508	2	-1.9745
Y	N	200	17.508	1	-2.4854
Y	N	204	17.508	0	-3.584
Y	N	248	17.508	13	-0.28815
Y	N	265	17.508	0	-3.584
Y	N	266	17.508	2	-1.9745
Y	N	269	17.508	9	-0.63955
Y	N	279	17.508	5	-1.1861
Y	N	313	17.508	5	-1.1861
Y	N	351	17.508	1	-2.4854
Y	N	365	17.508	1	-2.4854
Y	N	369	17.508	0	-3.584
Y	N	380	17.508	0	-3.584
Y	N	396	17.508	1	-2.4854
Y	N	421	17.508	3	-1.6381
Y	N	423	17.508	0	-3.584
Y	N	449	17.508	23	0.26616
Y	N	451	17.508	0	-3.584
Y	N	453	17.508	0	-3.584
Y	N	473	17.508	1	-2.4854
Y	N	489	17.508	0	-3.584
Y	N	495	17.508	0	-3.584
Y	N	505	6.5162	0	-2.6414
Y	N	508	17.508	2	-1.9745
Y	N	612	17.508	0	-3.584
Y	N	636	17.508	1	-2.4854
Y	N	655	7.8366	1	-1.7152
Y	N	660	17.508	1	-2.4854
Y	N	674	17.508	0	-3.584
Y	N	695	17.508	0	-3.584
Y	N	707	17.508	1	-2.4854
Y	N	741	17.508	0	-3.584
Y	N	756	17.508	1	-2.4854
Y	N	789	17.508	3	-1.6381
Y	N	796	10.842	3	-1.1758
Y	N	837	17.508	1	-2.4854
Y	N	873	17.508	1	-2.4854
Y	N	904	17.508	1	-2.4854
Y	N	917	17.508	0	-3.584
Y	N	1007	17.508	1	-2.4854
Y	N	1047	17.508	0	-3.584
Y	N	1067	17.508	0	-3.584
Y	N	1110	17.508	1	-2.4854
Y	N	1138	17.508	2	-1.9745
Y	N	1155	17.508	0	-3.584
Y	N	1206	17.508	0	-3.584
Y	N	1209	17.508	0	-3.584
Y	N	1215	17.508	0	-3.584
Y	N	1272	17.508	0	-3.584
Y	S	28	11.35	3	-1.2196
Y	S	37	11.35	0	-3.1655
Y	S	38	11.35	0	-3.1655
Y	S	91	11.35	0	-3.1655
Y	S	138	0.045379	0	-0.086873
Y	S	144	9.8232	73	1.9629
Y	S	145	9.8232	17	0.52781
Y	S	160	11.35	0	-3.1655
Y	S	170	11.35	2	-1.556
Y	S	200	11.35	6	-0.60051
Y	S	204	11.35	0	-3.1655
Y	S	248	11.35	91	2.044
Y	S	265	11.35	3	-1.2196
Y	S	266	11.35	3	-1.2196
Y	S	269	11.35	0	-3.1655
Y	S	279	11.35	0	-3.1655
Y	S	313	11.35	1	-2.0669
Y	S	351	11.35	0	-3.1655
Y	S	365	11.35	1	-2.0669
Y	S	369	11.35	4	-0.96824
Y	S	380	11.35	0	-3.1655
Y	S	396	11.35	3	-1.2196
Y	S	421	11.35	0	-3.1655
Y	S	423	11.35	0	-3.1655
Y	S	449	11.35	25	0.76636
Y	S	451	11.35	0	-3.1655
Y	S	453	11.35	3	-1.2196
Y	S	473	11.35	2	-1.556
Y	S	489	11.35	1	-2.0669
Y	S	495	11.35	0	-3.1655
Y	S	501	4.9227	0	-2.3837
Y	S	505	5.5083	2	-0.87685
Y	S	508	11.35	0	-3.1655
Y	S	612	11.35	0	-3.1655
Y	S	636	11.35	0	-3.1655
Y	S	655	4.3339	0	-2.2688
Y	S	660	11.35	1	-2.0669
Y	S	674	11.35	2	-1.556
Y	S	695	11.35	0	-3.1655
Y	S	707	11.35	1	-2.0669
Y	S	741	11.35	0	-3.1655
Y	S	756	11.35	0	-3.1655
Y	S	789	11.35	0	-3.1655
Y	S	796	5.7681	0	-2.5286
Y	S	837	11.35	0	-3.1655
Y	S	873	11.35	0	-3.1655
Y	S	904	11.35	4	-0.96824
Y	S	917	11.35	0	-3.1655
Y	S	1007	11.35	0	-3.1655
Y	S	1047	11.35	0	-3.1655
Y	S	1067	11.35	2	-1.556
Y	S	1110	11.35	0	-3.1655
Y	S	1138	11.35	0	-3.1655
Y	S	1155	11.35	0	-3.1655
Y	S	1206	11.35	2	-1.556
Y	S	1209	11.35	0	-3.1655
Y	S	1215	11.35	0	-3.1655
Y	S	1272	11.35	0	-3.1655
Y	Y	28	696.89	1363	0.67046
Y	Y	37	82.096	112	0.30899
Y	Y	38	696.89	414	-0.52028
Y	Y	91	82.096	122	0.39415
Y	Y	138	0.32741	2	1.1057
Y	Y	144	70.937	480	1.906
Y	Y	145	607.65	1044	0.54088
Y	Y	160	82.096	79	-0.038202
Y	Y	170	82.096	128	0.44197
Y	Y	200	82.096	85	0.034557
Y	Y	204	82.096	53	-0.43428
Y	Y	248	82.096	94	0.13464
Y	Y	265	82.096	74	-0.10316
Y	Y	266	82.096	83	0.010887
Y	Y	269	82.096	162	0.67672
Y	Y	279	82.096	93	0.124
Y	Y	313	82.096	283	1.2333
Y	Y	351	82.096	168	0.71298
Y	Y	365	82.096	157	0.64547
Y	Y	369	82.096	261	1.1525
Y	Y	380	82.096	122	0.39415
Y	Y	396	82.096	129	0.44972
Y	Y	421	82.096	142	0.54538
Y	Y	423	82.096	119	0.36936
Y	Y	449	82.096	92	0.11325
Y	Y	451	696.89	195	-1.2718
Y	Y	453	82.096	62	-0.27879
Y	Y	473	82.096	261	1.1525
Y	Y	489	696.89	1602	0.83197
Y	Y	495	82.096	117	0.35248
Y	Y	501	37.704	68	0.58391
Y	Y	505	319.65	103	-1.1292
Y	Y	508	696.89	1974	1.0407
Y	Y	612	82.096	266	1.1714
Y	Y	636	82.096	101	0.2061
Y	Y	655	33.457	47	0.33563
Y	Y	660	82.096	239	1.0646
Y	Y	674	82.096	317	1.3465
Y	Y	695	696.89	140	-1.6021
Y	Y	707	696.89	1642	0.85662
Y	Y	741	696.89	195	-1.2718
Y	Y	756	82.096	65	-0.23191
Y	Y	789	696.89	1656	0.86511
Y	Y	796	46.108	62	0.29339
Y	Y	837	82.096	199	0.88185
Y	Y	873	696.89	375	-0.61909
Y	Y	904	82.096	122	0.39415
Y	Y	917	82.096	182	0.79279
Y	Y	1007	82.096	124	0.41035
Y	Y	1047	82.096	288	1.2507
Y	Y	1067	82.096	368	1.4955
Y	Y	1110	82.096	651	2.0653
Y	Y	1138	82.096	174	0.74797
Y	Y	1155	82.096	86	0.046185
Y	Y	1206	82.096	154	0.62623
Y	Y	1209	82.096	137	0.50966
Y	Y	1215	678.39	2115	1.1366
Y	Y	1272	696.89	454	-0.42815
