strain	variant	n_mut	semantic	grammar	preference
HK68	EEFDFA	6	3.2839	-17.5743	0.110702802618
HK68	EEFDFV	5	3.7234	-20.2781	0.0579765924225
HK68	EEFDNA	6	3.0395	-15.6522	0.260079452603
HK68	EEFDNV	5	3.2803	-18.356	0.286140641338
HK68	EEFDSA	5	2.9547	-13.0983	0.175544870323
HK68	EEFDSV	4	3.0596	-15.8021	0.243848150561
HK68	EEFEFA	5	3.3916	-19.8638	0.236701368035
HK68	EEFEFV	4	3.84	-22.5676	0.289470921285
HK68	EEFENA	5	3.1902	-17.9417	0.984158217574
HK68	EEFENV	4	3.4522	-20.6455	1.1284182266
HK68	EEFESA	4	3.0432	-15.3878	0.883190671303
HK68	EEFESV	3	3.1867	-18.0916	1.59762629822
HK68	EESDFA	5	3.0386	-16.1192	0.304227831001
HK68	EESDFV	4	3.558	-18.823	0.220470695624
HK68	EESDNA	5	2.8557	-14.197	1.03638406892
HK68	EESDNV	4	3.177	-16.9009	0.887270628001
HK68	EESDSA	4	2.7181	-11.6432	0.614569167546
HK68	EESDSV	3	2.9001	-14.347	0.787422812787
HK68	EESEFA	4	3.2077	-18.4087	1.99607351819
HK68	EESEFV	3	3.7039	-21.1125	1.23853347337
HK68	EESENA	4	3.0682	-16.4866	3.85537835715
HK68	EESENV	3	3.402	-19.1904	5.7903813664
HK68	EESESA	3	2.8757	-13.9327	2.72148217458
HK68	EESESV	2	3.0851	-16.6365	3.41340322511
HK68	EEYDFA	6	3.2311	-17.1297	0.128967571035
HK68	EEYDFV	5	3.6619	-19.8335	0.0829563694961
HK68	EEYDNA	6	3.0205	-15.2075	0.385075123154
HK68	EEYDNV	5	3.2548	-17.9113	0.348552594427
HK68	EEYDSA	5	2.9227	-12.6536	0.220205473992
HK68	EEYDSV	4	3.0173	-15.3574	0.304137023643
HK68	EEYEFA	5	3.3572	-19.4192	0.25545764145
HK68	EEYEFV	4	3.7953	-22.123	0.36372042819
HK68	EEYENA	5	3.1916	-17.497	0.888535380324
HK68	EEYENV	4	3.4451	-20.2008	1.46633429971
HK68	EEYESA	4	3.028	-14.9431	0.858622345871
HK68	EEYESV	3	3.1672	-17.647	2.3269470851
HK68	EGFDFA	5	2.3889	-13.5114	0.127933583594
HK68	EGFDFV	4	2.6187	-16.2152	0.0826473928989
HK68	EGFDNA	5	2.1407	-11.5892	0.30562511908
HK68	EGFDNV	4	2.1317	-14.293	0.298162763215
HK68	EGFDSA	4	2.2114	-9.0354	0.188670830145
HK68	EGFDSV	3	2.0051	-11.7392	0.284755874164
HK68	EGFEFA	4	2.3786	-15.8009	0.186568620867
HK68	EGFEFV	3	2.6748	-18.5047	0.300103850155
HK68	EGFENA	4	2.1268	-13.8787	0.529568906019
HK68	EGFENV	3	2.2038	-16.5826	1.04705253415
HK68	EGFESA	3	2.1213	-11.3249	0.648520234819
HK68	EGFESV	2	2.0014	-14.0287	1.68646837254
HK68	EGSDFA	4	1.8993	-12.0563	0.241693196079
HK68	EGSDFV	3	2.3595	-14.7601	0.182526082264
HK68	EGSDNA	4	1.7615	-10.1341	0.983201892734
HK68	EGSDNV	3	1.9212	-12.8379	0.921138152768
HK68	EGSDSA	3	1.7451	-7.5802	0.81027361518
HK68	EGSDSV	2	1.6774	-10.2841	0.875569470435
HK68	EGSEFA	3	1.9837	-14.3458	1.33477913043
HK68	EGSEFV	2	2.482	-17.0496	0.92384294636
HK68	EGSENA	3	1.8754	-12.4236	1.72978948472
HK68	EGSENV	2	2.0846	-15.1274	1.88330648307
HK68	EGSESA	2	1.736	-9.8698	1.93368616313
HK68	EGSESV	1	1.7643	-12.5736	2.6634569542
HK68	EGYDFA	5	2.3189	-13.0668	0.125494343123
HK68	EGYDFV	4	2.5634	-15.7706	0.0712721969029
HK68	EGYDNA	5	2.1273	-11.1446	0.346799668168
HK68	EGYDNV	4	2.1196	-13.8484	0.263294331792
HK68	EGYDSA	4	2.173	-8.5907	0.190529796446
HK68	EGYDSV	3	1.9754	-11.2945	0.274623122014
HK68	EGYEFA	4	2.3251	-15.3563	0.160796370208
HK68	EGYEFV	3	2.639	-18.0601	0.319333332895
HK68	EGYENA	4	2.1445	-13.4341	0.520658238922
HK68	EGYENV	3	2.2285	-16.1379	0.881434289296
HK68	EGYESA	3	2.1105	-10.8802	0.475008536389
HK68	EGYESV	2	1.9981	-13.584	1.50049157978
HK68	EKFDFA	6	2.3211	-16.482	0.0540640229374
HK68	EKFDFV	5	2.7471	-19.1858	0.0487192817385
HK68	EKFDNA	6	2.012	-14.5598	0.19448135716
HK68	EKFDNV	5	2.2134	-17.2637	0.178016507059
HK68	EKFDSA	5	1.9883	-12.006	0.124221699075
HK68	EKFDSV	4	1.9789	-14.7098	0.140608545303
HK68	EKFEFA	5	2.3701	-18.7715	0.122158507622
HK68	EKFEFV	4	2.8397	-21.4753	0.138942425387
HK68	EKFENA	5	2.0981	-16.8494	0.32286886538
HK68	EKFENV	4	2.3677	-19.5532	0.420501535249
HK68	EKFESA	4	1.9849	-14.2955	0.406338602409
HK68	EKFESV	3	2.0712	-16.9993	0.474515895348
HK68	EKSDFA	5	1.9858	-15.0269	0.277004224279
HK68	EKSDFV	4	2.559	-17.7307	0.158677315956
HK68	EKSDNA	5	1.7367	-13.1047	0.639715877685
HK68	EKSDNV	4	2.0931	-15.8085	0.918256218798
HK68	EKSDSA	4	1.5813	-10.5508	0.376440697642
HK68	EKSDSV	3	1.7227	-13.2547	0.840523645198
HK68	EKSEFA	4	2.1445	-17.3164	1.12937635681
HK68	EKSEFV	3	2.7128	-20.0202	0.616746856053
HK68	EKSENA	4	1.9728	-15.3942	1.21258411222
HK68	EKSENV	3	2.3473	-18.0981	1.84148786116
HK68	EKSESA	3	1.7069	-12.8404	1.87184560137
HK68	EKSESV	2	1.9183	-15.5442	2.05143034055
HK68	EKYDFA	6	2.2808	-16.0374	0.0570942864008
HK68	EKYDFV	5	2.6315	-18.7412	0.0557410095277
HK68	EKYDNA	6	2.0023	-14.1152	0.192742068345
HK68	EKYDNV	5	2.1369	-16.819	0.217676585847
HK68	EKYDSA	5	1.9914	-11.5613	0.094481207852
HK68	EKYDSV	4	1.9166	-14.2651	0.116107745339
HK68	EKYEFA	5	2.3433	-18.3269	0.148341037611
HK68	EKYEFV	4	2.7415	-21.0307	0.145268018313
HK68	EKYENA	5	2.1099	-16.4047	0.292225857878
HK68	EKYENV	4	2.314	-19.1085	0.459446144513
HK68	EKYESA	4	1.9921	-13.8508	0.508044675988
HK68	EKYESV	3	2.0228	-16.5546	0.550678781349
HK68	ENFDFA	6	2.8756	-15.8509	0.0934913704761
HK68	ENFDFV	5	3.4288	-18.5547	0.0681145523999
HK68	ENFDNA	6	2.595	-13.9287	0.296578258352
HK68	ENFDNV	5	2.9712	-16.6325	0.202726161241
HK68	ENFDSA	5	2.422	-11.3748	0.177105293228
HK68	ENFDSV	4	2.6629	-14.0786	0.23149321533
HK68	ENFEFA	5	2.9867	-18.1404	0.189474433494
HK68	ENFEFV	4	3.5391	-20.8442	0.11350571627
HK68	ENFENA	5	2.7559	-16.2182	0.693680290847
HK68	ENFENV	4	3.1472	-18.922	0.430503900768
HK68	ENFESA	4	2.5304	-13.6643	0.167389629633
HK68	ENFESV	3	2.7913	-16.3682	0.303934568094
HK68	ENSDFA	5	2.8189	-14.3958	0.164201857564
HK68	ENSDFV	4	3.4238	-17.0996	0.150243972716
HK68	ENSDNA	5	2.6214	-12.4736	0.316637541273
HK68	ENSDNV	4	3.0215	-15.1774	0.283478200572
HK68	ENSDSA	4	2.3642	-9.9197	0.135206595704
HK68	ENSDSV	3	2.6633	-12.6235	0.236443358684
HK68	ENSEFA	4	2.9831	-16.6853	0.161095329916
HK68	ENSEFV	3	3.5687	-19.3891	0.267040606567
HK68	ENSENA	4	2.8581	-14.7631	0.497041520508
HK68	ENSENV	3	3.2514	-17.4669	0.445370627122
HK68	ENSESA	3	2.545	-12.2092	0.339362119325
HK68	ENSESV	2	2.842	-14.913	0.299850819298
HK68	ENYDFA	6	2.7686	-15.4062	0.162582250332
HK68	ENYDFV	5	3.2823	-18.11	0.0877785330216
HK68	ENYDNA	6	2.5262	-13.4841	0.358362551197
HK68	ENYDNV	5	2.8434	-16.1879	0.373782758863
HK68	ENYDSA	5	2.3471	-10.9302	0.226833626385
HK68	ENYDSV	4	2.5418	-13.634	0.30553142472
HK68	ENYEFA	5	2.8954	-17.6957	0.172384919645
HK68	ENYEFV	4	3.4101	-20.3996	0.133887459436
HK68	ENYENA	5	2.7084	-15.7736	0.723944111014
HK68	ENYENV	4	3.0417	-18.4774	0.724943086082
HK68	ENYESA	4	2.4598	-13.2197	0.318792846705
HK68	ENYESV	3	2.6933	-15.9235	0.35575580567
HK68	HEFDFA	6	2.7233	-14.4798	0.193405293192
HK68	HEFDFV	5	2.9068	-17.1836	0.291330424028
HK68	HEFDNA	6	2.4155	-12.5576	1.43795129574
HK68	HEFDNV	5	2.3896	-15.2614	1.3451306912
HK68	HEFDSA	5	2.5495	-10.0037	0.793483287816
HK68	HEFDSV	4	2.3568	-12.7076	1.58573861266
HK68	HEFEFA	5	2.7205	-16.7693	0.198522892762
HK68	HEFEFV	4	2.9627	-19.4731	0.638169572488
HK68	HEFENA	5	2.4249	-14.8471	2.79148443613
HK68	HEFENV	4	2.4841	-17.5509	2.87978879809
HK68	HEFESA	4	2.5023	-12.2933	0.502934883889
HK68	HEFESV	3	2.3815	-14.9971	2.97080546405
HK68	HESDFA	5	2.2035	-13.0247	0.40364613641
HK68	HESDFV	4	2.6311	-15.7285	0.235185150967
HK68	HESDNA	5	1.9697	-11.1025	2.1017171134
HK68	HESDNV	4	2.1218	-13.8063	2.05675944031
HK68	HESDSA	4	1.9635	-8.5486	0.690666849302
HK68	HESDSV	3	1.9512	-11.2524	1.55813009472
HK68	HESEFA	4	2.3397	-15.3142	1.64831627655
HK68	HESEFV	3	2.7658	-18.018	1.8436123426
HK68	HESENA	4	2.1445	-13.392	3.35420524858
HK68	HESENV	3	2.3341	-16.0958	4.76399212243
HK68	HESESA	3	2.0669	-10.8381	1.71239637904
HK68	HESESV	2	2.0993	-13.542	3.44445406994
HK68	HEYDFA	6	2.6725	-14.0352	0.229061786549
HK68	HEYDFV	5	2.8458	-16.739	0.287257706367
HK68	HEYDNA	6	2.416	-12.113	1.22191594723
HK68	HEYDNV	5	2.3506	-14.8168	1.7049359952
HK68	HEYDSA	5	2.5382	-9.5591	0.984739173509
HK68	HEYDSV	4	2.3307	-12.2629	1.40299810565
HK68	HEYEFA	5	2.6982	-16.3247	0.177916353305
HK68	HEYEFV	4	2.935	-19.0285	0.885541366938
HK68	HEYENA	5	2.4395	-14.4025	1.74734501368
HK68	HEYENV	4	2.4741	-17.1063	2.46599529331
HK68	HEYESA	4	2.5104	-11.8486	0.583785323074
HK68	HEYESV	3	2.3688	-14.5524	3.17002282987
HK68	HGFDFA	5	2.4777	-10.4169	0.179227517089
HK68	HGFDFV	4	2.3789	-13.1207	0.190331318129
HK68	HGFDNA	5	2.2855	-8.4947	0.791532220286
HK68	HGFDNV	4	1.9224	-11.1985	0.922751743066
HK68	HGFDSA	4	2.5501	-5.9408	0.49666187903
HK68	HGFDSV	3	2.0703	-8.6446	0.772234953646
HK68	HGFEFA	4	2.3118	-12.7064	0.165279849269
HK68	HGFEFV	3	2.2991	-15.4102	0.46478873612
HK68	HGFENA	4	2.0739	-10.7842	1.18396246185
HK68	HGFENV	3	1.8227	-13.488	1.2181802346
HK68	HGFESA	3	2.3041	-8.2303	0.485580503466
HK68	HGFESV	2	1.8811	-10.9341	2.26533933466
HK68	HGSDFA	4	1.6475	-8.9618	0.873948756798
HK68	HGSDFV	3	1.7839	-11.6656	0.302858866842
HK68	HGSDNA	4	1.5402	-7.0396	2.02800400942
HK68	HGSDNV	3	1.3258	-9.7434	1.61461324704
HK68	HGSDSA	3	1.7426	-4.4857	1.18204771013
HK68	HGSDSV	2	1.3094	-7.1895	1.3081570672
HK68	HGSEFA	3	1.5443	-11.2513	1.90771956729
HK68	HGSEFV	2	1.805	-13.9551	1.50648266953
HK68	HGSENA	3	1.4508	-9.3291	2.9074375588
HK68	HGSENV	2	1.3559	-12.0329	2.51855958448
HK68	HGSESA	2	1.5472	-6.7752	1.76552840096
HK68	HGSESV	1	1.199	-9.479	4.93759734555
HK68	HGYDFA	5	2.4165	-9.9722	0.1110816058
HK68	HGYDFV	4	2.3076	-12.676	0.177559613379
HK68	HGYDNA	5	2.2663	-8.0501	0.705912891222
HK68	HGYDNV	4	1.9104	-10.7539	0.601570565891
HK68	HGYDSA	4	2.5065	-5.4962	0.464955416252
HK68	HGYDSV	3	2.0301	-8.2	0.56419394378
HK68	HGYEFA	4	2.2744	-12.2617	0.129279474624
HK68	HGYEFV	3	2.2494	-14.9656	0.444785367562
HK68	HGYENA	4	2.0997	-10.3396	0.916957842121
HK68	HGYENV	3	1.8323	-13.0434	0.882046422971
HK68	HGYESA	3	2.2926	-7.7857	0.817541117237
HK68	HGYESV	2	1.8683	-10.4895	1.11577301836
HK68	HKFDFA	6	2.612	-13.3875	0.0699661723937
HK68	HKFDFV	5	2.6316	-16.0913	0.0735875801502
HK68	HKFDNA	6	2.336	-11.4653	0.252032155821
HK68	HKFDNV	5	2.1389	-14.1691	0.228876654101
HK68	HKFDSA	5	2.5766	-8.9114	0.209253204192
HK68	HKFDSV	4	2.2166	-11.6152	0.248338624352
HK68	HKFEFA	5	2.4848	-15.677	0.0717774573158
HK68	HKFEFV	4	2.5738	-18.3808	0.155025489974
HK68	HKFENA	5	2.2125	-13.7548	0.357994822389
HK68	HKFENV	4	2.084	-16.4586	0.448093121423
HK68	HKFESA	4	2.3918	-11.2009	0.237674184402
HK68	HKFESV	3	2.0977	-13.9048	0.492709998254
HK68	HKSDFA	5	1.8678	-11.9324	0.250478732378
HK68	HKSDFV	4	2.1765	-14.6362	0.133139371239
HK68	HKSDNA	5	1.6352	-10.0102	0.467769071965
HK68	HKSDNV	4	1.6382	-12.714	0.636816491621
HK68	HKSDSA	4	1.7323	-7.4563	0.428311746653
HK68	HKSDSV	3	1.527	-10.1601	0.501419483322
HK68	HKSEFA	4	1.8854	-14.2219	0.4063454432
HK68	HKSEFV	3	2.2365	-16.9257	0.398619306292
HK68	HKSENA	4	1.7027	-12.2997	1.05052221889
HK68	HKSENV	3	1.7796	-15.0035	1.14688680921
HK68	HKSESA	3	1.6765	-9.7458	0.706514923545
HK68	HKSESV	2	1.5495	-12.4496	0.942019788618
HK68	HKYDFA	6	2.5982	-12.9428	0.0964390078196
HK68	HKYDFV	5	2.5907	-15.6466	0.0641183577745
HK68	HKYDNA	6	2.378	-11.0207	0.227285980325
HK68	HKYDNV	5	2.135	-13.7245	0.251949296481
HK68	HKYDSA	5	2.6033	-8.4668	0.144005085087
HK68	HKYDSV	4	2.2249	-11.1706	0.207229737158
HK68	HKYEFA	5	2.5085	-15.2323	0.0546166161141
HK68	HKYEFV	4	2.5605	-17.9362	0.13207197908
HK68	HKYENA	5	2.2852	-13.3102	0.278373940647
HK68	HKYENV	4	2.108	-16.014	0.343022710605
HK68	HKYESA	4	2.4518	-10.7563	0.240945677457
HK68	HKYESV	3	2.1304	-13.4601	0.445653215471
HK68	HNFDFA	6	2.4282	-12.7563	0.196488706587
HK68	HNFDFV	5	2.7608	-15.4602	0.196851422858
HK68	HNFDNA	6	2.106	-10.8342	1.14503434239
HK68	HNFDNV	5	2.2425	-13.538	1.76753678833
HK68	HNFDSA	5	2.1384	-8.2803	0.684167818434
HK68	HNFDSV	4	2.09	-10.9841	1.33264325674
HK68	HNFEFA	5	2.418	-15.0459	0.141726295588
HK68	HNFEFV	4	2.8026	-17.7497	0.274687374352
HK68	HNFENA	5	2.1321	-13.1237	0.892044101098
HK68	HNFENV	4	2.3444	-15.8275	1.69602074994
HK68	HNFESA	4	2.084	-10.5698	0.452212690191
HK68	HNFESV	3	2.1047	-13.2736	1.1061265551
HK68	HNSDFA	5	2.1527	-11.3012	0.325471824002
HK68	HNSDFV	4	2.6555	-14.005	0.294912339209
HK68	HNSDNA	5	1.917	-9.3791	0.736141007186
HK68	HNSDNV	4	2.2039	-12.0829	1.62053587197
HK68	HNSDSA	4	1.7619	-6.8252	0.408739672336
HK68	HNSDSV	3	1.8938	-9.529	1.03669110669
HK68	HNSEFA	4	2.2598	-13.5907	0.228654811688
HK68	HNSEFV	3	2.7838	-16.2946	0.517529546719
HK68	HNSENA	4	2.1053	-11.6686	1.31675329007
HK68	HNSENV	3	2.4099	-14.3724	2.82440892738
HK68	HNSESA	3	1.8645	-9.1147	0.469368464713
HK68	HNSESV	2	2.0315	-11.8185	1.00847367079
HK68	HNYDFA	6	2.3669	-12.3117	0.428717389119
HK68	HNYDFV	5	2.6511	-15.0155	0.506108064876
HK68	HNYDNA	6	2.0966	-10.3895	2.32809247199
HK68	HNYDNV	5	2.1755	-13.0933	3.18736881582
HK68	HNYDSA	5	2.1114	-7.8357	1.81536433723
HK68	HNYDSV	4	2.0237	-10.5395	3.84745442876
HK68	HNYEFA	5	2.3806	-14.6012	0.236432072431
HK68	HNYEFV	4	2.7268	-17.305	0.349518296123
HK68	HNYENA	5	2.1442	-12.679	1.15421720215
HK68	HNYENV	4	2.3094	-15.3829	2.50153576453
HK68	HNYESA	4	2.0799	-10.1252	0.706761542004
HK68	HNYESV	3	2.0657	-12.829	1.37750803929
HK68	KEFDFA	5	2.2416	-13.6841	0.558006010232
HK68	KEFDFV	4	2.6247	-16.3879	0.258731326913
HK68	KEFDNA	5	1.9921	-11.7619	1.01020038367
HK68	KEFDNV	4	2.1283	-14.4657	0.934432642348
HK68	KEFDSA	4	1.9713	-9.208	0.80711853336
HK68	KEFDSV	3	1.8792	-11.9118	0.862124742092
HK68	KEFEFA	4	2.3107	-15.9736	0.765873888826
HK68	KEFEFV	3	2.7276	-18.6774	0.727943952518
HK68	KEFENA	4	2.0923	-14.0514	1.25088987451
HK68	KEFENV	3	2.2882	-16.7552	1.66602239191
HK68	KEFESA	3	1.9685	-11.4975	1.32473940614
HK68	KEFESV	2	1.9788	-14.2013	1.92046938648
HK68	KESDFA	4	1.8616	-12.229	1.30187259393
HK68	KESDFV	3	2.3767	-14.9328	0.807060497367
HK68	KESDNA	4	1.6628	-10.3068	4.99774719259
HK68	KESDNV	3	1.9463	-13.0106	3.82223431288
HK68	KESDSA	3	1.488	-7.7529	3.17396925483
HK68	KESDSV	2	1.5593	-10.4567	4.20503303468
HK68	KESEFA	3	2.0343	-14.5185	1.87622300722
HK68	KESEFV	2	2.5484	-17.2223	2.15064243316
HK68	KESENA	3	1.9203	-12.5963	2.51124095372
HK68	KESENV	2	2.2126	-15.3001	3.57050994235
HK68	KESESA	2	1.6477	-10.0424	3.52512830244
HK68	KESESV	1	1.7762	-12.7462	3.63584136163
HK68	KEYDFA	5	2.1942	-13.2394	0.422448245055
HK68	KEYDFV	4	2.533	-15.9432	0.25384813836
HK68	KEYDNA	5	1.9614	-11.3173	1.18388814649
HK68	KEYDNV	4	2.0683	-14.0211	1.04471230045
HK68	KEYDSA	4	1.9405	-8.7634	0.591413481939
HK68	KEYDSV	3	1.8196	-11.4672	0.883588442248
HK68	KEYEFA	4	2.2778	-15.5289	0.560677941167
HK68	KEYEFV	3	2.653	-18.2328	0.551844057648
HK68	KEYENA	4	2.0957	-13.6068	1.08749265289
HK68	KEYENV	3	2.2641	-16.3106	1.55864591973
HK68	KEYESA	3	1.9617	-11.0529	1.19037143836
HK68	KEYESV	2	1.9457	-13.7567	1.68275101517
HK68	KGFDFA	4	2.0267	-9.6212	0.141730830606
HK68	KGFDFV	3	1.9539	-12.325	0.107797176335
HK68	KGFDNA	4	1.9062	-7.699	0.292789485165
HK68	KGFDNV	3	1.5096	-10.4028	0.34137665373
HK68	KGFDSA	3	2.1196	-5.1451	0.23759939358
HK68	KGFDSV	2	1.5699	-7.8489	0.279076589137
HK68	KGFEFA	3	1.8444	-11.9107	0.107675125585
HK68	KGFEFV	2	1.8802	-14.6145	0.16415516014
HK68	KGFENA	3	1.6977	-9.9885	0.229722750698
HK68	KGFENV	2	1.4153	-12.6923	0.354090696607
HK68	KGFESA	2	1.8592	-7.4346	0.19264007865
HK68	KGFESV	1	1.3468	-10.1384	0.417862336301
HK68	KGSDFA	3	1.1025	-8.166	0.681255351818
HK68	KGSDFV	2	1.2497	-10.8698	0.50414417753
HK68	KGSDNA	3	1.1342	-6.2439	0.94991719865
HK68	KGSDNV	2	0.7622	-8.9477	1.67921150911
HK68	KGSDSA	2	1.2924	-3.69	0.989406166038
HK68	KGSDSV	1	0.5737	-6.3938	1.60851753486
HK68	KGSEFA	2	0.9458	-10.4555	0.333313230272
HK68	KGSEFV	1	1.2718	-13.1594	0.470729748224
HK68	KGSENA	2	0.9994	-8.5334	0.878857987543
HK68	KGSENV	1	0.8104	-11.2372	1.14943266815
HK68	KGSESA	1	1.0312	-5.9795	0.72112601515
HK68	KGSESV	0	0.0	-8.6833	1.13162417364
HK68	KGYDFA	4	1.9839	-9.1765	0.11060209729
HK68	KGYDFV	3	1.8878	-11.8803	0.121382885941
HK68	KGYDNA	4	1.9025	-7.2543	0.323530632204
HK68	KGYDNV	3	1.5075	-9.9582	0.295589746439
HK68	KGYDSA	3	2.0965	-4.7005	0.223362899431
HK68	KGYDSV	2	1.5442	-7.4043	0.322245618654
HK68	KGYEFA	3	1.8256	-11.466	0.0793226239041
HK68	KGYEFV	2	1.8452	-14.1698	0.112174352614
HK68	KGYENA	3	1.721	-9.5439	0.219996852679
HK68	KGYENV	2	1.4274	-12.2477	0.223495957293
HK68	KGYESA	2	1.8657	-6.99	0.188610459195
HK68	KGYESV	1	1.3461	-9.6938	0.278353403818
HK68	KKFDFA	5	2.4657	-12.5918	0.040439806948
HK68	KKFDFV	4	2.6275	-15.2956	0.0256272490509
HK68	KKFDNA	5	2.2659	-10.6696	0.108967849667
HK68	KKFDNV	4	2.2005	-13.3734	0.0932501757754
HK68	KKFDSA	4	2.3656	-8.1157	0.0391816796208
HK68	KKFDSV	3	2.1409	-10.8195	0.0789888765701
HK68	KKFEFA	4	2.3745	-14.8813	0.0219996987063
HK68	KKFEFV	3	2.6141	-17.5851	0.061217808107
HK68	KKFENA	4	2.1747	-12.9591	0.06545257797
HK68	KKFENV	3	2.1985	-15.6629	0.0911560561451
HK68	KKFESA	3	2.2132	-10.4052	0.046819900868
HK68	KKFESV	2	2.0474	-13.109	0.0935559223255
HK68	KKSDFA	4	1.9838	-11.1366	0.0763573135731
HK68	KKSDFV	3	2.3598	-13.8405	0.052815582029
HK68	KKSDNA	4	1.8448	-9.2145	0.175363476455
HK68	KKSDNV	3	1.9723	-11.9183	0.259898645129
HK68	KKSDSA	3	1.7651	-6.6606	0.11642896907
HK68	KKSDSV	2	1.7062	-9.3644	0.13852144061
HK68	KKSEFA	3	2.0444	-13.4262	0.0958843314556
HK68	KKSEFV	2	2.4319	-16.13	0.0851361719315
HK68	KKSENA	3	1.9303	-11.504	0.142316070837
HK68	KKSENV	2	2.1152	-14.2078	0.173871221545
HK68	KKSESA	2	1.7731	-8.9501	0.106952192518
HK68	KKSESV	1	1.7626	-11.6539	0.188677655091
HK68	KKYDFA	5	2.4582	-12.1471	0.0549388942313
HK68	KKYDFV	4	2.5537	-14.8509	0.0285661926589
HK68	KKYDNA	5	2.2806	-10.225	0.0765876271334
HK68	KKYDNV	4	2.1623	-12.9288	0.0717075585395
HK68	KKYDSA	4	2.3871	-7.6711	0.158416209481
HK68	KKYDSV	3	2.1333	-10.3749	0.070047873032
HK68	KKYEFA	4	2.3749	-14.4366	0.0521556023556
HK68	KKYEFV	3	2.5527	-17.1404	0.0425767706885
HK68	KKYENA	4	2.2052	-12.5145	0.0672888775176
HK68	KKYENV	3	2.1784	-15.2183	0.0749928622281
HK68	KKYESA	3	2.251	-9.9606	0.0404177307062
HK68	KKYESV	2	2.0459	-12.6644	0.131991709455
HK68	KNFDFA	5	2.1732	-11.9606	0.546359204607
HK68	KNFDFV	4	2.6723	-14.6644	0.262758509737
HK68	KNFDNA	5	1.9012	-10.0385	2.76980335444
HK68	KNFDNV	4	2.2056	-12.7423	2.09574546284
HK68	KNFDSA	4	1.7625	-7.4846	1.43054822142
HK68	KNFDSV	3	1.8718	-10.1884	1.53388927259
HK68	KNFEFA	4	2.2155	-14.2501	0.687406385862
HK68	KNFEFV	3	2.7385	-16.9539	0.621920602005
HK68	KNFENA	4	1.9997	-12.328	2.09233232825
HK68	KNFENV	3	2.3379	-15.0318	1.78873182871
HK68	KNFESA	3	1.7494	-9.7741	1.60212841494
HK68	KNFESV	2	1.9399	-12.4779	1.6898386442
HK68	KNSDFA	4	2.0554	-10.5055	1.65073231071
HK68	KNSDFV	3	2.6298	-13.2093	1.01216325037
HK68	KNSDNA	4	1.8639	-8.5833	7.36916684117
HK68	KNSDNV	3	2.2283	-11.2872	7.50898781871
HK68	KNSDSA	3	1.5518	-6.0295	2.55612024193
HK68	KNSDSV	2	1.7911	-8.7333	5.14530222694
HK68	KNSEFA	3	2.2129	-12.795	1.58974013295
HK68	KNSEFV	2	2.7659	-15.4988	1.82747593547
HK68	KNSENA	3	2.0956	-10.8729	4.71565739122
HK68	KNSENV	2	2.4625	-13.5767	4.34025972158
HK68	KNSESA	2	1.71	-8.319	3.60389656641
HK68	KNSESV	1	1.951	-11.0228	4.22418827767
HK68	KNYDFA	5	2.0797	-11.516	0.628683813172
HK68	KNYDFV	4	2.5072	-14.2198	0.441048882691
HK68	KNYDNA	5	1.8525	-9.5938	3.50224874541
HK68	KNYDNV	4	2.0604	-12.2976	3.10160950935
HK68	KNYDSA	4	1.7076	-7.0399	1.60124543459
HK68	KNYDSV	3	1.7319	-9.7437	1.83068194552
HK68	KNYEFA	4	2.1503	-13.8055	0.696705302621
HK68	KNYEFV	3	2.5913	-16.5093	0.59619999518
HK68	KNYENA	4	1.9812	-11.8833	2.1098623108
HK68	KNYENV	3	2.2256	-14.5871	2.44029541642
HK68	KNYESA	3	1.7251	-9.3294	1.47788670324
HK68	KNYESV	2	1.818	-12.0333	2.35534153213
HK68	QEFDFA	6	2.6	-15.8612	0.411291468547
HK68	QEFDFV	5	3.0336	-18.565	0.274013330046
HK68	QEFDNA	6	2.3424	-13.939	1.21482666902
HK68	QEFDNV	5	2.5919	-16.6428	1.47316680122
HK68	QEFDSA	5	2.2629	-11.3851	1.1307055315
HK68	QEFDSV	4	2.3085	-14.0889	1.18537010357
HK68	QEFEFA	5	2.6781	-18.1507	0.276022056955
HK68	QEFEFV	4	3.1378	-20.8545	0.591989284859
HK68	QEFENA	5	2.4583	-16.2285	1.80284835263
HK68	QEFENV	4	2.7316	-18.9323	3.16589419252
HK68	QEFESA	4	2.2962	-13.6746	1.57443863513
HK68	QEFESV	3	2.4094	-16.3785	2.95606308764
HK68	QESDFA	5	2.3447	-14.4061	1.68724598467
HK68	QESDFV	4	2.8838	-17.1099	0.852036430742
HK68	QESDNA	5	2.1657	-12.4839	3.9213715046
HK68	QESDNV	4	2.497	-15.1877	5.05451099053
HK68	QESDSA	4	1.9627	-9.93	2.4153993616
HK68	QESDSV	3	2.1454	-12.6338	1.78001166838
HK68	QESEFA	4	2.501	-16.6956	1.71429206488
HK68	QESEFV	3	3.0215	-19.3994	2.23125868026
HK68	QESENA	4	2.3829	-14.7734	4.33175734645
HK68	QESENV	3	2.7036	-17.4772	4.11158519581
HK68	QESESA	3	2.1111	-12.2195	4.21158358291
HK68	QESESV	2	2.3041	-14.9233	5.10834649661
HK68	QEYDFA	6	2.5056	-15.4165	0.485088001917
HK68	QEYDFV	5	2.9133	-18.1204	0.515157520431
HK68	QEYDNA	6	2.2932	-13.4944	0.984357915279
HK68	QEYDNV	5	2.4959	-16.1982	1.61838592139
HK68	QEYDSA	5	2.1942	-10.9405	0.932923901754
HK68	QEYDSV	4	2.219	-13.6443	1.2797729223
HK68	QEYEFA	5	2.6042	-17.7061	0.202504260081
HK68	QEYEFV	4	3.0323	-20.4099	0.548270245613
HK68	QEYENA	5	2.4388	-15.7839	1.42725425053
HK68	QEYENV	4	2.674	-18.4877	1.92375895123
HK68	QEYESA	4	2.2542	-13.23	0.973965059677
HK68	QEYESV	3	2.3387	-15.9338	2.52806932058
HK68	QGFDFA	5	2.1407	-11.7983	0.17521291318
HK68	QGFDFV	4	2.201	-14.5021	0.151109115746
HK68	QGFDNA	5	2.0166	-9.8761	0.66704757677
HK68	QGFDNV	4	1.8176	-12.5799	0.763360731146
HK68	QGFDSA	4	2.143	-7.3222	0.566215750962
HK68	QGFDSV	3	1.7535	-10.026	0.763808515079
HK68	QGFEFA	4	2.001	-14.0878	0.176527689967
HK68	QGFEFV	3	2.1715	-16.7916	0.24673877247
HK68	QGFENA	4	1.8555	-12.1656	0.886929764804
HK68	QGFENV	3	1.7763	-14.8694	1.18968442554
HK68	QGFESA	3	1.9055	-9.6117	0.75988598761
HK68	QGFESV	2	1.5885	-12.3155	1.41622377183
HK68	QGSDFA	4	1.4967	-10.3431	1.9749454746
HK68	QGSDFV	3	1.841	-13.047	0.862228321026
HK68	QGSDNA	4	1.4772	-8.421	2.62926081828
HK68	QGSDNV	3	1.5001	-11.1248	3.4058077326
HK68	QGSDSA	3	1.503	-5.8671	2.91588394718
HK68	QGSDSV	2	1.2197	-8.5709	3.11841296097
HK68	QGSEFA	3	1.47	-12.6327	1.91771108859
HK68	QGSEFV	2	1.8995	-15.3365	1.58391113577
HK68	QGSENA	3	1.4563	-10.7105	2.7678826798
HK68	QGSENV	2	1.591	-13.4143	2.97824646301
HK68	QGSESA	2	1.3179	-8.1566	2.05458696824
HK68	QGSESV	1	1.168	-10.8604	4.64690754609
HK68	QGYDFA	5	2.0343	-11.3536	0.127311806966
HK68	QGYDFV	4	2.0957	-14.0574	0.192029778848
HK68	QGYDNA	5	1.9418	-9.4315	0.642400183507
HK68	QGYDNV	4	1.7564	-12.1353	0.657284076383
HK68	QGYDSA	4	2.0412	-6.8776	0.488385503726
HK68	QGYDSV	3	1.6546	-9.5814	0.61486656616
HK68	QGYEFA	4	1.9269	-13.6431	0.117186645284
HK68	QGYEFV	3	2.0903	-16.3469	0.225464208012
HK68	QGYENA	4	1.8133	-11.721	0.654358102129
HK68	QGYENV	3	1.7461	-14.4248	0.698417095346
HK68	QGYESA	3	1.8311	-9.1671	0.399196375917
HK68	QGYESV	2	1.5375	-11.8709	1.13105887271
HK68	QKFDFA	6	2.1627	-14.7689	0.0719388712043
HK68	QKFDFV	5	2.4533	-17.4727	0.07088406534
HK68	QKFDNA	6	1.9449	-12.8467	0.175164854603
HK68	QKFDNV	5	1.9683	-15.5505	0.301337070869
HK68	QKFDSA	5	1.9844	-10.2928	0.128109488108
HK68	QKFDSV	4	1.8082	-12.9966	0.329181446498
HK68	QKFEFA	5	2.0862	-17.0584	0.0771582855319
HK68	QKFEFV	4	2.4495	-19.7622	0.0756039459192
HK68	QKFENA	5	1.871	-15.1362	0.295304305886
HK68	QKFENV	4	2.0027	-17.84	0.368467616087
HK68	QKFESA	4	1.8327	-12.5823	0.196254301057
HK68	QKFESV	3	1.7401	-15.2861	0.323036677174
HK68	QKSDFA	5	1.7199	-13.3138	0.211363041272
HK68	QKSDFV	4	2.2152	-16.0176	0.204330283626
HK68	QKSDNA	5	1.5518	-11.3916	0.848902610107
HK68	QKSDNV	4	1.7947	-14.0954	0.610369347839
HK68	QKSDSA	4	1.4225	-8.8377	1.0330738488
HK68	QKSDSV	3	1.4151	-11.5415	0.997768790999
HK68	QKSEFA	4	1.7826	-15.6033	0.449938710509
HK68	QKSEFV	3	2.3125	-18.3071	0.391452386343
HK68	QKSENA	4	1.6733	-13.6811	0.961108128233
HK68	QKSENV	3	1.9655	-16.3849	1.03994844254
HK68	QKSESA	3	1.4194	-11.1272	1.011728653
HK68	QKSESV	2	1.4978	-13.831	1.09191577228
HK68	QKYDFA	6	2.1018	-14.3242	0.0942395235243
HK68	QKYDFV	5	2.3227	-17.028	0.0653748499762
HK68	QKYDNA	6	1.9047	-12.4021	0.256634086759
HK68	QKYDNV	5	1.8566	-15.1059	0.200200701134
HK68	QKYDSA	5	1.9471	-9.8482	0.137353734992
HK68	QKYDSV	4	1.7107	-12.552	0.185946115485
HK68	QKYEFA	5	2.046	-16.6137	0.0729321867616
HK68	QKYEFV	4	2.3484	-19.3175	0.0947249209018
HK68	QKYENA	5	1.8562	-14.6916	0.238438770487
HK68	QKYENV	4	1.9184	-17.3954	0.288368223364
HK68	QKYESA	4	1.821	-12.1377	0.226913528744
HK68	QKYESV	3	1.6586	-14.8415	0.266773265796
HK68	QNFDFA	6	2.4059	-14.1377	0.321827328295
HK68	QNFDFV	5	2.9479	-16.8415	0.25907011718
HK68	QNFDNA	6	2.1691	-12.2156	2.02060298266
HK68	QNFDNV	5	2.5248	-14.9194	1.63159156836
HK68	QNFDSA	5	1.9611	-9.6617	0.79804281305
HK68	QNFDSV	4	2.1551	-12.3655	1.86799212546
HK68	QNFEFA	5	2.4613	-16.4272	0.242165886527
HK68	QNFEFV	4	3.0254	-19.1311	0.503272876258
HK68	QNFENA	5	2.2806	-14.5051	1.55555216129
HK68	QNFENV	4	2.6734	-17.2089	2.30950078587
HK68	QNFESA	4	1.9897	-11.9512	1.18628726551
HK68	QNFESV	3	2.2434	-14.655	1.4318108612
HK68	QNSDFA	5	2.4168	-12.6826	0.460130896216
HK68	QNSDFV	4	3.0025	-15.3864	0.534408114926
HK68	QNSDNA	5	2.2312	-10.7605	2.04193061162
HK68	QNSDNV	4	2.6384	-13.4643	2.22520263443
HK68	QNSDSA	4	1.9226	-8.2066	0.962613462742
HK68	QNSDSV	3	2.213	-10.9104	1.27680275051
HK68	QNSEFA	4	2.5601	-14.9721	0.48133043022
HK68	QNSEFV	3	3.136	-17.6759	0.845915169081
HK68	QNSENA	4	2.4495	-13.05	2.72048845478
HK68	QNSENV	3	2.8497	-15.7538	2.99237574178
HK68	QNSESA	3	2.0669	-10.4961	2.32071347513
HK68	QNSESV	2	2.3686	-13.1999	1.67494001888
HK68	QNYDFA	6	2.2521	-13.6931	0.73010438681
HK68	QNYDFV	5	2.7521	-16.3969	0.354968313355
HK68	QNYDNA	6	2.0546	-11.7709	2.74436808253
HK68	QNYDNV	5	2.3396	-14.4747	3.39489356634
HK68	QNYDSA	5	1.8382	-9.217	2.28774916992
HK68	QNYDSV	4	1.9706	-11.9209	2.02216294373
HK68	QNYEFA	5	2.3359	-15.9826	0.454702730884
HK68	QNYEFV	4	2.8469	-18.6864	0.542872600249
HK68	QNYENA	5	2.1895	-14.0604	2.96869979109
HK68	QNYENV	4	2.5139	-16.7642	2.69843519158
HK68	QNYESA	4	1.8866	-11.5066	1.63713951749
HK68	QNYESV	3	2.0758	-14.2104	2.42110446556
Bk79	EEFDFA	4	2.2946	-14.868	0.114234310669
Bk79	EEFDFV	3	2.0805	-16.6167	0.0590430704837
Bk79	EEFDNA	3	1.8572	-13.2449	0.681893152004
Bk79	EEFDNV	2	1.4376	-14.9936	0.537274406086
Bk79	EEFDSA	4	2.1886	-10.9468	0.637369684097
Bk79	EEFDSV	3	1.7707	-12.6955	0.456875740556
Bk79	EEFEFA	3	2.0179	-17.378	1.22921948991
Bk79	EEFEFV	2	1.9097	-19.1267	0.327117775048
Bk79	EEFENA	2	1.6191	-15.7549	4.25628742441
Bk79	EEFENV	1	1.2162	-17.5036	4.49006254109
Bk79	EEFESA	3	1.9233	-13.4568	7.50098401161
Bk79	EEFESV	2	1.4947	-15.2055	8.44826148785
Bk79	EESDFA	3	1.5971	-14.6391	1.1207485506
Bk79	EESDFV	2	1.3384	-16.3878	0.153254005396
Bk79	EESDNA	2	1.2538	-13.016	5.59988377767
Bk79	EESDNV	1	0.563	-14.7647	3.43059898867
Bk79	EESDSA	3	1.6635	-10.7179	6.57095326728
Bk79	EESDSV	2	1.1526	-12.4666	3.00491635164
Bk79	EESEFA	2	1.2936	-17.1492	6.83948760055
Bk79	EESEFV	1	1.1636	-18.8978	1.6534957126
Bk79	EESENA	1	1.0081	-15.5261	14.8319391206
Bk79	EESENV	0	0.0	-17.2747	15.4377367903
Bk79	EESESA	2	1.4016	-13.228	16.8612445508
Bk79	EESESV	1	0.8165	-14.9766	47.0344945835
Bk79	EEYDFA	4	2.2876	-13.878	0.185282115642
Bk79	EEYDFV	3	2.019	-15.6267	0.076857981443
Bk79	EEYDNA	3	1.8421	-12.2549	0.724473344208
Bk79	EEYDNV	2	1.394	-14.0036	0.479095630373
Bk79	EEYDSA	4	2.1908	-9.9568	0.710844680948
Bk79	EEYDSV	3	1.7705	-11.7055	0.490462612762
Bk79	EEYEFA	3	2.0118	-16.388	1.59346558308
Bk79	EEYEFV	2	1.8513	-18.1367	0.406615199297
Bk79	EEYENA	2	1.6185	-14.7649	3.44959107104
Bk79	EEYENV	1	1.1939	-16.5136	4.64318238357
Bk79	EEYESA	3	1.9461	-12.4668	11.2552808676
Bk79	EEYESV	2	1.525	-14.2155	11.5107298874
Bk79	EGFDFA	5	3.0913	-13.093	0.0638958651352
Bk79	EGFDFV	4	2.7502	-14.8417	0.0451007775424
Bk79	EGFDNA	4	2.7253	-11.4699	0.34316271764
Bk79	EGFDNV	3	2.2853	-13.2186	0.217485130613
Bk79	EGFDSA	5	3.0858	-9.1718	0.260531764281
Bk79	EGFDSV	4	2.7086	-10.9205	0.208370701752
Bk79	EGFEFA	4	2.721	-15.603	0.495483283244
Bk79	EGFEFV	3	2.423	-17.3517	0.140511130917
Bk79	EGFENA	3	2.3807	-13.9799	1.79925939478
Bk79	EGFENV	2	1.9318	-15.7286	1.66078622352
Bk79	EGFESA	4	2.7418	-11.6818	3.04117872776
Bk79	EGFESV	3	2.3577	-13.4305	2.55448061683
Bk79	EGSDFA	4	2.5141	-12.8641	0.363205364651
Bk79	EGSDFV	3	2.1284	-14.6128	0.105404574183
Bk79	EGSDNA	3	2.2553	-11.241	1.92017463802
Bk79	EGSDNV	2	1.7605	-12.9897	1.10713769554
Bk79	EGSDSA	4	2.6161	-8.9429	2.19940909331
Bk79	EGSDSV	3	2.2342	-10.6916	1.49610259205
Bk79	EGSEFA	3	2.102	-15.3742	3.66442761369
Bk79	EGSEFV	2	1.7599	-17.1228	0.818020681933
Bk79	EGSENA	2	1.88	-13.751	5.96843769512
Bk79	EGSENV	1	1.3584	-15.4997	6.32934361088
Bk79	EGSESA	3	2.2453	-11.453	7.74076608524
Bk79	EGSESV	2	1.8485	-13.2016	9.97450316044
Bk79	EGYDFA	5	3.0549	-12.103	0.0749948293526
Bk79	EGYDFV	4	2.6901	-13.8517	0.0322436870657
Bk79	EGYDNA	4	2.7335	-10.4799	0.189518190736
Bk79	EGYDNV	3	2.2779	-12.2286	0.185019348677
Bk79	EGYDSA	5	3.0684	-8.1818	0.165744169855
Bk79	EGYDSV	4	2.69	-9.9305	0.137204063514
Bk79	EGYEFA	4	2.6965	-14.613	0.406516684217
Bk79	EGYEFV	3	2.3636	-16.3617	0.146024825671
Bk79	EGYENA	3	2.3929	-12.9899	0.956842628236
Bk79	EGYENV	2	1.9385	-14.7386	1.45920355944
Bk79	EGYESA	4	2.7419	-10.6918	1.8524696227
Bk79	EGYESV	3	2.3672	-12.4405	2.84775192144
Bk79	EKFDFA	5	2.9494	-14.1275	0.0295806279004
Bk79	EKFDFV	4	2.657	-15.8762	0.0192296943851
Bk79	EKFDNA	4	2.6027	-12.5044	0.0340450462929
Bk79	EKFDNV	3	2.2313	-14.2531	0.0628671901824
Bk79	EKFDSA	5	2.9497	-10.2063	0.0485076016927
Bk79	EKFDSV	4	2.5912	-11.955	0.0411885820118
Bk79	EKFEFA	4	2.5991	-16.6376	0.0275232906356
Bk79	EKFEFV	3	2.3792	-18.3862	0.0251454092913
Bk79	EKFENA	3	2.2905	-15.0145	0.0812603855086
Bk79	EKFENV	2	1.9343	-16.7631	0.11057305922
Bk79	EKFESA	4	2.6257	-12.7164	0.0906735005466
Bk79	EKFESV	3	2.2768	-14.465	0.143388148449
Bk79	EKSDFA	4	2.3949	-13.8987	0.0433702571444
Bk79	EKSDFV	3	2.0978	-15.6473	0.0257542052837
Bk79	EKSDNA	3	2.1657	-12.2756	0.197537652989
Bk79	EKSDNV	2	1.7494	-14.0242	0.103429523902
Bk79	EKSDSA	4	2.5214	-9.9775	0.107182053689
Bk79	EKSDSV	3	2.1565	-11.7262	0.140886957764
Bk79	EKSEFA	3	2.0477	-16.4087	0.122798699524
Bk79	EKSEFV	2	1.8347	-18.1574	0.0558624090429
Bk79	EKSENA	2	1.8707	-14.7856	0.205393742653
Bk79	EKSENV	1	1.4544	-16.5343	0.221750899551
Bk79	EKSESA	3	2.1983	-12.4875	0.172722552993
Bk79	EKSESV	2	1.8327	-14.2362	0.274700860093
Bk79	EKYDFA	5	3.0268	-13.1375	0.0155249962774
Bk79	EKYDFV	4	2.6839	-14.8862	0.0151842105113
Bk79	EKYDNA	4	2.6854	-11.5144	0.0338593825959
Bk79	EKYDNV	3	2.2926	-13.2631	0.0409097441174
Bk79	EKYDSA	5	3.0513	-9.2164	0.0354977733715
Bk79	EKYDSV	4	2.6915	-10.965	0.038889738994
Bk79	EKYEFA	4	2.6705	-15.6476	0.0423492639425
Bk79	EKYEFV	3	2.3949	-17.3962	0.0293026215801
Bk79	EKYENA	3	2.375	-14.0245	0.0584074386361
Bk79	EKYENV	2	1.9953	-15.7731	0.0860949246396
Bk79	EKYESA	4	2.7316	-11.7264	0.0554431555151
Bk79	EKYESV	3	2.395	-13.4751	0.0845176419315
Bk79	ENFDFA	5	2.5525	-13.5421	0.104555032918
Bk79	ENFDFV	4	2.2965	-15.2907	0.0236450023459
Bk79	ENFDNA	4	2.2634	-11.919	0.49570950471
Bk79	ENFDNV	3	1.8879	-13.6676	0.375222146763
Bk79	ENFDSA	5	2.4906	-9.6209	0.421400705976
Bk79	ENFDSV	4	2.0949	-11.3695	0.292396152839
Bk79	ENFEFA	4	2.2056	-16.0521	0.822399194377
Bk79	ENFEFV	3	2.0329	-17.8008	0.274801393067
Bk79	ENFENA	3	1.9568	-14.429	2.1901050623
Bk79	ENFENV	2	1.5918	-16.1777	3.09764083483
Bk79	ENFESA	4	2.1458	-12.1309	2.97292285044
Bk79	ENFESV	3	1.7465	-13.8796	4.44909557137
Bk79	ENSDFA	4	1.9879	-13.3132	0.496946534948
Bk79	ENSDFV	3	1.7421	-15.0619	0.120425773362
Bk79	ENSDNA	3	1.8419	-11.6901	3.12049588694
Bk79	ENSDNV	2	1.4235	-13.4388	1.89077651974
Bk79	ENSDSA	4	2.0584	-9.392	3.3029303333
Bk79	ENSDSV	3	1.6442	-11.1407	1.53521151995
Bk79	ENSEFA	3	1.6315	-15.8232	4.9062074495
Bk79	ENSEFV	2	1.4964	-17.5719	1.16528712762
Bk79	ENSENA	2	1.5368	-14.2001	6.45978061725
Bk79	ENSENV	1	1.1151	-15.9488	5.53236360645
Bk79	ENSESA	3	1.7097	-11.902	10.284712668
Bk79	ENSESV	2	1.269	-13.6507	13.3476423313
Bk79	ENYDFA	5	2.5668	-12.5521	0.0929433060202
Bk79	ENYDFV	4	2.2568	-14.3007	0.0349645026046
Bk79	ENYDNA	4	2.3211	-10.929	0.379378899443
Bk79	ENYDNV	3	1.9177	-12.6776	0.316203929556
Bk79	ENYDSA	5	2.5403	-8.6309	0.261638205297
Bk79	ENYDSV	4	2.1262	-10.3795	0.238059850023
Bk79	ENYEFA	4	2.2177	-15.0621	0.645085686985
Bk79	ENYEFV	3	1.9878	-16.8108	0.209394453958
Bk79	ENYENA	3	2.0246	-13.439	1.54300399025
Bk79	ENYENV	2	1.6195	-15.1877	2.0959059265
Bk79	ENYESA	4	2.2097	-11.1409	2.24633790651
Bk79	ENYESV	3	1.7948	-12.8896	3.3409406911
Bk79	HEFDFA	5	2.8911	-12.7445	0.187541611205
Bk79	HEFDFV	4	2.5862	-14.4932	0.0591512033379
Bk79	HEFDNA	4	2.508	-11.1214	0.877045714516
Bk79	HEFDNV	3	2.0849	-12.87	0.652612425223
Bk79	HEFDSA	5	2.8837	-8.8233	0.640911515264
Bk79	HEFDSV	4	2.528	-10.572	0.494241558778
Bk79	HEFEFA	4	2.5814	-15.2545	1.30091198268
Bk79	HEFEFV	3	2.3447	-17.0032	0.45492101083
Bk79	HEFENA	3	2.2485	-13.6314	3.57918850648
Bk79	HEFENV	2	1.8324	-15.3801	5.20228866596
Bk79	HEFESA	4	2.6155	-11.3333	5.5837833885
Bk79	HEFESV	3	2.2563	-13.082	8.75217829349
Bk79	HESDFA	4	2.0666	-12.5156	0.39577296184
Bk79	HESDFV	3	1.8375	-14.2643	0.0857376510546
Bk79	HESDNA	3	1.8057	-10.8925	1.78666941587
Bk79	HESDNV	2	1.3759	-12.6412	1.29975023518
Bk79	HESDSA	4	2.1834	-8.5944	1.46342179467
Bk79	HESDSV	3	1.8274	-10.3431	1.20949153325
Bk79	HESEFA	3	1.7924	-15.0256	2.96553079268
Bk79	HESEFV	2	1.6661	-16.7743	1.06487711864
Bk79	HESENA	2	1.5849	-13.4025	6.86451073214
Bk79	HESENV	1	1.1474	-15.1512	8.39320449264
Bk79	HESESA	3	1.9445	-11.1045	6.24886894653
Bk79	HESESV	2	1.5597	-12.8531	13.3435437211
Bk79	HEYDFA	5	2.8869	-11.7545	0.154228051486
Bk79	HEYDFV	4	2.5661	-13.5032	0.0646467327361
Bk79	HEYDNA	4	2.5276	-10.1314	0.679130736434
Bk79	HEYDNV	3	2.1176	-11.8801	0.426147670142
Bk79	HEYDSA	5	2.906	-7.8333	0.573908802891
Bk79	HEYDSV	4	2.5505	-9.582	0.320607648726
Bk79	HEYEFA	4	2.5923	-14.2645	1.28292174293
Bk79	HEYEFV	3	2.3347	-16.0132	0.623706459966
Bk79	HEYENA	3	2.2622	-12.6414	3.61966754003
Bk79	HEYENV	2	1.8731	-14.3901	4.83848592599
Bk79	HEYESA	4	2.6352	-10.3433	6.36706412686
Bk79	HEYESV	3	2.2917	-12.092	6.35863755856
Bk79	HGFDFA	6	3.8741	-10.9695	0.0257223814308
Bk79	HGFDFV	5	3.4923	-12.7182	0.0168297882726
Bk79	HGFDNA	5	3.5279	-9.3464	0.0992663339864
Bk79	HGFDNV	4	3.1398	-11.095	0.0849857051525
Bk79	HGFDSA	6	3.8829	-7.0483	0.0841154568615
Bk79	HGFDSV	5	3.5859	-8.797	0.0624009756489
Bk79	HGFEFA	5	3.4972	-13.4795	0.1028856745
Bk79	HGFEFV	4	3.157	-15.2282	0.0766903589124
Bk79	HGFENA	4	3.1846	-11.8564	0.272268549235
Bk79	HGFENV	3	2.7965	-13.6051	0.467454095657
Bk79	HGFESA	5	3.551	-9.5583	0.300193491188
Bk79	HGFESV	4	3.2571	-11.307	0.498116601648
Bk79	HGSDFA	5	3.1971	-10.7406	0.165469745748
Bk79	HGSDFV	4	2.8646	-12.4893	0.0220250273383
Bk79	HGSDNA	4	2.9863	-9.1175	0.235969078004
Bk79	HGSDNV	3	2.6242	-10.8662	0.20594253494
Bk79	HGSDSA	5	3.3183	-6.8194	0.135247291859
Bk79	HGSDSV	4	3.043	-8.5681	0.109894892669
Bk79	HGSEFA	4	2.8316	-13.2506	0.115237967849
Bk79	HGSEFV	3	2.5516	-14.9993	0.0790937186659
Bk79	HGSENA	3	2.64	-11.6275	0.306454946723
Bk79	HGSENV	2	2.2779	-13.3762	0.483769776349
Bk79	HGSESA	4	2.9792	-9.3294	0.248019349847
Bk79	HGSESV	3	2.7098	-11.0781	0.53347076801
Bk79	HGYDFA	6	3.8458	-9.9795	0.0256207345113
Bk79	HGYDFV	5	3.4647	-11.7282	0.0185683837179
Bk79	HGYDNA	5	3.5453	-8.3564	0.0918475160847
Bk79	HGYDNV	4	3.1631	-10.1051	0.072197175763
Bk79	HGYDSA	6	3.8929	-6.0583	0.0673117734834
Bk79	HGYDSV	5	3.599	-7.807	0.0459149450012
Bk79	HGYEFA	5	3.4848	-12.4895	0.138753727343
Bk79	HGYEFV	4	3.1333	-14.2382	0.0673952234635
Bk79	HGYENA	4	3.2032	-10.8664	0.251870102644
Bk79	HGYENV	3	2.8282	-12.6151	0.698678977575
Bk79	HGYESA	5	3.563	-8.5683	0.2053557413
Bk79	HGYESV	4	3.2739	-10.317	0.39026233612
Bk79	HKFDFA	6	3.7862	-12.004	0.00642123193016
Bk79	HKFDFV	5	3.4678	-13.7527	0.0152824763255
Bk79	HKFDNA	5	3.4743	-10.3809	0.0258903519192
Bk79	HKFDNV	4	3.11	-12.1296	0.0203910871412
Bk79	HKFDSA	6	3.83	-8.0828	0.0179793192849
Bk79	HKFDSV	5	3.5263	-9.8315	0.0133866472119
Bk79	HKFEFA	5	3.4338	-14.514	0.0188622122728
Bk79	HKFEFV	4	3.1624	-16.2627	0.105988009587
Bk79	HKFENA	4	3.1662	-12.8909	0.0304736898648
Bk79	HKFENV	3	2.825	-14.6396	0.0589829698387
Bk79	HKFESA	5	3.5159	-10.5929	0.0219607341515
Bk79	HKFESV	4	3.2344	-12.3415	0.0375387947116
Bk79	HKSDFA	5	3.0332	-11.7751	0.0134427640419
Bk79	HKSDFV	4	2.7629	-13.5238	0.0140315591861
Bk79	HKSDNA	4	2.8113	-10.152	0.0341603208305
Bk79	HKSDNV	3	2.4889	-11.9007	0.0368412678644
Bk79	HKSDSA	5	3.1451	-7.854	0.0212616272252
Bk79	HKSDSV	4	2.879	-9.6026	0.020139006703
Bk79	HKSEFA	4	2.7259	-14.2852	0.0191822065719
Bk79	HKSEFV	3	2.5223	-16.0339	0.016804644182
Bk79	HKSENA	3	2.5464	-12.6621	0.0319212704118
Bk79	HKSENV	2	2.2399	-14.4107	0.0469395680012
Bk79	HKSESA	4	2.8521	-10.364	0.0655970608581
Bk79	HKSESV	3	2.5921	-12.1127	0.0507442931834
Bk79	HKYDFA	6	3.8129	-11.014	0.0100990654314
Bk79	HKYDFV	5	3.4778	-12.7627	0.00888637919379
Bk79	HKYDNA	5	3.5206	-9.3909	0.0174170601416
Bk79	HKYDNV	4	3.1654	-11.1396	0.0260045103569
Bk79	HKYDSA	6	3.8805	-7.0928	0.0316321345011
Bk79	HKYDSV	5	3.5972	-8.8415	0.0110161102374
Bk79	HKYEFA	5	3.4672	-13.524	0.00786111143013
Bk79	HKYEFV	4	3.1889	-15.2727	0.00562447392732
Bk79	HKYENA	4	3.2172	-11.9009	0.0197903319923
Bk79	HKYENV	3	2.8817	-13.6496	0.0306521809957
Bk79	HKYESA	5	3.5712	-9.6029	0.017085044907
Bk79	HKYESV	4	3.3054	-11.3515	0.0369262951468
Bk79	HNFDFA	6	3.3246	-11.4185	0.0319240484187
Bk79	HNFDFV	5	3.0205	-13.1672	0.0361793222038
Bk79	HNFDNA	5	3.0326	-9.7954	0.174770742416
Bk79	HNFDNV	4	2.6767	-11.5441	0.176706162307
Bk79	HNFDSA	6	3.2972	-7.4973	0.14294219062
Bk79	HNFDSV	5	2.9809	-9.246	0.105260399173
Bk79	HNFEFA	5	2.973	-13.9286	0.166237937952
Bk79	HNFEFV	4	2.7129	-15.6772	0.12642162211
Bk79	HNFENA	4	2.7147	-12.3055	0.36970935715
Bk79	HNFENV	3	2.37	-14.0541	0.762070529105
Bk79	HNFESA	5	2.9704	-10.0074	0.483957925067
Bk79	HNFESV	4	2.6628	-11.7561	0.806091336324
Bk79	HNSDFA	5	2.5969	-11.1897	0.103177972801
Bk79	HNSDFV	4	2.3922	-12.9383	0.107802056591
Bk79	HNSDNA	4	2.4581	-9.5666	0.36781156064
Bk79	HNSDNV	3	2.1426	-11.3152	0.347267639477
Bk79	HNSDSA	5	2.6682	-7.2685	0.239457688339
Bk79	HNSDSV	4	2.3726	-9.0172	0.408238857177
Bk79	HNSEFA	4	2.2963	-13.6997	0.315273362568
Bk79	HNSEFV	3	2.1659	-15.4484	0.212383279227
Bk79	HNSENA	3	2.1935	-12.0766	0.657185601147
Bk79	HNSENV	2	1.89	-13.8253	1.16036959143
Bk79	HNSESA	4	2.366	-9.7785	0.650095801991
Bk79	HNSESV	3	2.0666	-11.5272	0.980883598418
Bk79	HNYDFA	6	3.3079	-10.4285	0.035826089215
Bk79	HNYDFV	5	2.9894	-12.1772	0.0324201037899
Bk79	HNYDNA	5	3.0807	-8.8054	0.135234733177
Bk79	HNYDNV	4	2.7214	-10.5541	0.121518853743
Bk79	HNYDSA	6	3.3345	-6.5074	0.112612920216
Bk79	HNYDSV	5	3.0161	-8.256	0.0732826142105
Bk79	HNYEFA	5	2.9625	-12.9386	0.141159015777
Bk79	HNYEFV	4	2.6901	-14.6872	0.123068074486
Bk79	HNYENA	4	2.7587	-11.3155	0.387339719256
Bk79	HNYENV	3	2.4166	-13.0641	0.532211171551
Bk79	HNYESA	5	3.0046	-9.0174	0.395302575708
Bk79	HNYESV	4	2.697	-10.7661	0.683679799323
Bk79	KEFDFA	5	2.7365	-11.6821	0.0404948581994
Bk79	KEFDFV	4	2.4579	-13.4307	0.0203612069537
Bk79	KEFDNA	4	2.4632	-10.0589	0.0484831592621
Bk79	KEFDNV	3	2.0416	-11.8076	0.0548651788679
Bk79	KEFDSA	5	2.7869	-7.7609	0.0431613252728
Bk79	KEFDSV	4	2.3917	-9.5095	0.0467789903741
Bk79	KEFEFA	4	2.4108	-14.1921	0.0289121462681
Bk79	KEFEFV	3	2.2043	-15.9408	0.0287206317569
Bk79	KEFENA	3	2.1813	-12.569	0.0898687043962
Bk79	KEFENV	2	1.7614	-14.3177	0.113671035086
Bk79	KEFESA	4	2.4958	-10.2709	0.0778170590381
Bk79	KEFESV	3	2.1115	-12.0196	0.12854879071
Bk79	KESDFA	4	2.0252	-11.4532	0.046876582934
Bk79	KESDFV	3	1.7689	-13.2019	0.0570594965205
Bk79	KESDNA	3	1.906	-9.8301	0.102232143307
Bk79	KESDNV	2	1.4255	-11.5788	0.215025117747
Bk79	KESDSA	4	2.2356	-7.532	0.0627773312282
Bk79	KESDSV	3	1.8337	-9.2807	0.0451832997567
Bk79	KESEFA	3	1.7083	-13.9632	0.0473222165096
Bk79	KESEFV	2	1.535	-15.7119	0.0686788961394
Bk79	KESENA	2	1.6309	-12.3401	0.0939424082495
Bk79	KESENV	1	1.1325	-14.0888	0.163775569233
Bk79	KESESA	3	1.9459	-10.042	0.0967011246697
Bk79	KESESV	2	1.531	-11.7907	0.1490516491
Bk79	KEYDFA	5	2.7383	-10.6921	0.0146792553159
Bk79	KEYDFV	4	2.4286	-12.4407	0.0277769628949
Bk79	KEYDNA	4	2.4774	-9.069	0.0341041954869
Bk79	KEYDNV	3	2.0448	-10.8176	0.0527360848064
Bk79	KEYDSA	5	2.8023	-6.7709	0.030864145253
Bk79	KEYDSV	4	2.4211	-8.5195	0.0247098699153
Bk79	KEYEFA	4	2.4206	-13.2021	0.0228608753969
Bk79	KEYEFV	3	2.1769	-14.9508	0.0177575303319
Bk79	KEYENA	3	2.2039	-11.579	0.0438041036254
Bk79	KEYENV	2	1.773	-13.3277	0.0639056185008
Bk79	KEYESA	4	2.5263	-9.2809	0.0361472297455
Bk79	KEYESV	3	2.1512	-11.0296	0.0650453391056
Bk79	KGFDFA	6	3.8164	-9.9071	0.00945825091485
Bk79	KGFDFV	5	3.4616	-11.6557	0.0263325265536
Bk79	KGFDNA	5	3.5516	-8.2839	0.00579945367609
Bk79	KGFDNV	4	3.1473	-10.0326	0.0174358495871
Bk79	KGFDSA	6	3.8995	-5.9859	0.0187282041568
Bk79	KGFDSV	5	3.5652	-7.7345	0.00611791007912
Bk79	KGFEFA	5	3.438	-12.4171	0.00611189881202
Bk79	KGFEFV	4	3.1226	-14.1658	0.0220250000612
Bk79	KGFENA	4	3.2021	-10.794	0.0214917666922
Bk79	KGFENV	3	2.8112	-12.5426	0.0203721073965
Bk79	KGFESA	5	3.5562	-8.4959	0.0214747576554
Bk79	KGFESV	4	3.2367	-10.2446	0.0283791685328
Bk79	KGSDFA	5	3.2938	-9.6782	0.0253202993829
Bk79	KGSDFV	4	2.9352	-11.4269	0.0125671149279
Bk79	KGSDNA	4	3.1426	-8.0551	0.0172261329155
Bk79	KGSDNV	3	2.7536	-9.8038	0.0191440501227
Bk79	KGSDSA	5	3.4893	-5.757	0.054318903839
Bk79	KGSDSV	4	3.1886	-7.5057	0.018383334472
Bk79	KGSEFA	4	2.9032	-12.1882	0.0169820735866
Bk79	KGSEFV	3	2.5848	-13.9369	0.0103210495906
Bk79	KGSENA	3	2.7797	-10.5651	0.0633401608528
Bk79	KGSENV	2	2.3985	-12.3138	0.0379052241592
Bk79	KGSESA	4	3.1249	-8.267	0.0297578032857
Bk79	KGSESV	3	2.8366	-10.0157	0.0509286049558
Bk79	KGYDFA	6	3.8398	-8.9171	0.00206919593242
Bk79	KGYDFV	5	3.4726	-10.6657	0.0286614899171
Bk79	KGYDNA	5	3.6033	-7.294	0.00559308338491
Bk79	KGYDNV	4	3.2112	-9.0426	0.00554917589933
Bk79	KGYDSA	6	3.9487	-4.9959	0.00912570081406
Bk79	KGYDSV	5	3.6199	-6.7445	0.00713979700996
Bk79	KGYEFA	5	3.4738	-11.4271	0.0128577428296
Bk79	KGYEFV	4	3.124	-13.1758	0.0123901454001
Bk79	KGYENA	4	3.2539	-9.804	0.013629983793
Bk79	KGYENV	3	2.8758	-11.5527	0.014607570561
Bk79	KGYESA	5	3.6085	-7.5059	0.0120155019326
Bk79	KGYESV	4	3.2907	-9.2546	0.0240378255231
Bk79	KKFDFA	6	3.7493	-10.9416	0.0109844210427
Bk79	KKFDFV	5	3.4613	-12.6903	0.00700267868361
Bk79	KKFDNA	5	3.5062	-9.3185	0.0116267848463
Bk79	KKFDNV	4	3.1725	-11.0672	0.012821620126
Bk79	KKFDSA	6	3.8367	-7.0204	0.00708338700587
Bk79	KKFDSV	5	3.5258	-8.7691	0.0184399468915
Bk79	KKFEFA	5	3.4056	-13.4516	0.0283068573824
Bk79	KKFEFV	4	3.1797	-15.2003	0.011007826166
Bk79	KKFENA	4	3.1975	-11.8285	0.0201244177384
Bk79	KKFENV	3	2.8893	-13.5772	0.0260469692852
Bk79	KKFESA	5	3.5243	-9.5304	0.0297936273104
Bk79	KKFESV	4	3.2378	-11.2791	0.0387459484546
Bk79	KKSDFA	5	3.1933	-10.7127	0.00876365336084
Bk79	KKSDFV	4	2.9288	-12.4614	0.00723930434336
Bk79	KKSDNA	4	3.0519	-9.0896	0.0077222813685
Bk79	KKSDNV	3	2.7057	-10.8383	0.00675855712838
Bk79	KKSDSA	5	3.3744	-6.7915	0.00779596855628
Bk79	KKSDSV	4	3.0712	-8.5402	0.00825541649054
Bk79	KKSEFA	4	2.8667	-13.2228	0.0746538521298
Bk79	KKSEFV	3	2.678	-14.9714	0.00792845654347
Bk79	KKSENA	3	2.762	-11.5996	0.0107436802034
Bk79	KKSENV	2	2.4423	-13.3483	0.0187411432718
Bk79	KKSESA	4	3.0619	-9.3016	0.0144483768312
Bk79	KKSESV	3	2.781	-11.0502	0.048850604889
Bk79	KKYDFA	6	3.8436	-9.9516	0.0143968160186
Bk79	KKYDFV	5	3.5277	-11.7003	0.0146866397623
Bk79	KKYDNA	5	3.6086	-8.3285	0.0109785275134
Bk79	KKYDNV	4	3.2586	-10.0772	0.00750405354142
Bk79	KKYDSA	6	3.9551	-6.0304	0.0156859750459
Bk79	KKYDSV	5	3.6466	-7.7791	0.00399887420501
Bk79	KKYEFA	5	3.505	-12.4616	0.00598993187343
Bk79	KKYEFV	4	3.2345	-14.2103	0.00212026078706
Bk79	KKYENA	4	3.303	-10.8385	0.01146172778
Bk79	KKYENV	3	2.9845	-12.5872	0.0144443603113
Bk79	KKYESA	5	3.6492	-8.5404	0.0309706935897
Bk79	KKYESV	4	3.369	-10.2891	0.0232139996676
Bk79	KNFDFA	6	3.3254	-10.3561	0.01354850974
Bk79	KNFDFV	5	3.0333	-12.1048	0.0151038928813
Bk79	KNFDNA	5	3.1287	-8.733	0.0140079869404
Bk79	KNFDNV	4	2.7775	-10.4817	0.0057493095035
Bk79	KNFDSA	6	3.3601	-6.4349	0.014266314806
Bk79	KNFDSV	5	3.0204	-8.1836	0.0270442180566
Bk79	KNFEFA	5	2.9678	-12.8661	0.0669327074518
Bk79	KNFEFV	4	2.7333	-14.6148	0.0141507757522
Bk79	KNFENA	4	2.8069	-11.243	0.0290958483646
Bk79	KNFENV	3	2.4656	-12.9917	0.0414535284019
Bk79	KNFESA	5	3.0226	-8.945	0.0313649720274
Bk79	KNFESV	4	2.6951	-10.6936	0.056326288335
Bk79	KNSDFA	5	2.742	-10.1272	0.0246448908674
Bk79	KNSDFV	4	2.5024	-11.8759	0.0294141260433
Bk79	KNSDNA	4	2.6938	-8.5041	0.04219693259
Bk79	KNSDNV	3	2.3323	-10.2528	0.0196746744881
Bk79	KNSDSA	5	2.8912	-6.2061	0.0193774535921
Bk79	KNSDSV	4	2.5644	-7.9547	0.00621049680939
Bk79	KNSEFA	4	2.4068	-12.6373	0.0195138607277
Bk79	KNSEFV	3	2.2353	-14.386	0.0162593607425
Bk79	KNSENA	3	2.4001	-11.0142	0.022496187668
Bk79	KNSENV	2	2.0412	-12.7628	0.0375759986771
Bk79	KNSESA	4	2.5601	-8.7161	0.0291106604243
Bk79	KNSESV	3	2.2374	-10.4648	0.0346165991125
Bk79	KNYDFA	6	3.3448	-9.3661	0.0127751585537
Bk79	KNYDFV	5	3.0355	-11.1148	0.0049498708858
Bk79	KNYDNA	5	3.1875	-7.743	0.00953497738778
Bk79	KNYDNV	4	2.8383	-9.4917	0.0161442612145
Bk79	KNYDSA	6	3.4107	-5.4449	0.00816771427476
Bk79	KNYDSV	5	3.0778	-7.1936	0.022321271327
Bk79	KNYEFA	5	2.9954	-11.8761	0.0102861925027
Bk79	KNYEFV	4	2.7281	-13.6248	0.00302196597382
Bk79	KNYENA	4	2.8727	-10.253	0.0109803511893
Bk79	KNYENV	3	2.5339	-12.0017	0.0105983146037
Bk79	KNYESA	5	3.0703	-7.955	0.0188326614406
Bk79	KNYESV	4	2.7546	-9.7036	0.033124582373
Bk79	QEFDFA	5	2.5831	-13.7652	0.164781958338
Bk79	QEFDFV	4	2.3498	-15.5139	0.117440343176
Bk79	QEFDNA	4	2.2552	-12.1421	1.2316810273
Bk79	QEFDNV	3	1.8723	-13.8908	0.90382246956
Bk79	QEFDSA	5	2.5491	-9.844	0.826620299307
Bk79	QEFDSV	4	2.1829	-11.5927	0.802590905728
Bk79	QEFEFA	4	2.265	-16.2752	1.41792180335
Bk79	QEFEFV	3	2.0984	-18.0239	0.54573988345
Bk79	QEFENA	3	1.9734	-14.6521	3.39383078895
Bk79	QEFENV	2	1.5828	-16.4008	4.03942666967
Bk79	QEFESA	4	2.2499	-12.3541	3.38593197135
Bk79	QEFESV	3	1.8633	-14.1027	6.72764942215
Bk79	QESDFA	4	1.9095	-13.5363	1.81415033449
Bk79	QESDFV	3	1.6807	-15.285	0.593551129936
Bk79	QESDNA	3	1.7175	-11.9132	4.36914283041
Bk79	QESDNV	2	1.2543	-13.6619	3.61900956803
Bk79	QESDSA	4	2.0421	-9.6152	5.30986593643
Bk79	QESDSV	3	1.6375	-11.3638	2.96011657548
Bk79	QESEFA	3	1.582	-16.0464	5.36316686716
Bk79	QESEFV	2	1.4382	-17.795	2.32915016159
Bk79	QESENA	2	1.4263	-14.4233	5.74396796885
Bk79	QESENV	1	0.936	-16.1719	7.59010915512
Bk79	QESESA	3	1.7243	-12.1252	7.67835658058
Bk79	QESESV	2	1.3018	-13.8739	11.850402606
Bk79	QEYDFA	5	2.5765	-12.7752	0.202847426862
Bk79	QEYDFV	4	2.2748	-14.5239	0.080914399412
Bk79	QEYDNA	4	2.251	-11.1521	0.944570477616
Bk79	QEYDNV	3	1.8375	-12.9008	1.402834257
Bk79	QEYDSA	5	2.5411	-8.854	0.876521085757
Bk79	QEYDSV	4	2.1747	-10.6027	0.578790113478
Bk79	QEYEFA	4	2.2452	-15.2852	1.15393256871
Bk79	QEYEFV	3	2.0148	-17.0339	0.634273952266
Bk79	QEYENA	3	1.9624	-13.6621	2.00437108646
Bk79	QEYENV	2	1.5545	-15.4108	2.49180320602
Bk79	QEYESA	4	2.248	-11.3641	4.03026001617
Bk79	QEYESV	3	1.8803	-13.1127	4.99195088572
Bk79	QGFDFA	6	3.6301	-11.9902	0.026823257388
Bk79	QGFDFV	5	3.2947	-13.7389	0.030130909493
Bk79	QGFDNA	5	3.3362	-10.3671	0.124033242284
Bk79	QGFDNV	4	2.9738	-12.1158	0.0998128946333
Bk79	QGFDSA	6	3.6577	-8.069	0.0699741481393
Bk79	QGFDSV	5	3.3565	-9.8177	0.103361488477
Bk79	QGFEFA	5	3.2392	-14.5002	0.145237173482
Bk79	QGFEFV	4	2.9397	-16.2489	0.0569386468794
Bk79	QGFENA	4	2.9721	-12.8771	0.210610757583
Bk79	QGFENV	3	2.5983	-14.6258	0.331469974977
Bk79	QGFESA	5	3.2992	-10.579	0.26574228405
Bk79	QGFESV	4	2.9876	-12.3277	0.42062723272
Bk79	QGSDFA	5	3.095	-11.7613	0.178812955514
Bk79	QGSDFV	4	2.7547	-13.51	0.140748705988
Bk79	QGSDNA	4	2.9203	-10.1382	0.668193115546
Bk79	QGSDNV	3	2.5464	-11.8869	0.55864985051
Bk79	QGSDSA	5	3.249	-7.8402	0.243790420109
Bk79	QGSDSV	4	2.9507	-9.5888	0.403535289918
Bk79	QGSEFA	4	2.686	-14.2714	0.380489315392
Bk79	QGSEFV	3	2.3978	-16.02	0.306445692326
Bk79	QGSENA	3	2.5384	-12.6483	0.579385895085
Bk79	QGSENV	2	2.1645	-14.3969	0.965060737632
Bk79	QGSESA	4	2.8573	-10.3502	0.468426770105
Bk79	QGSESV	3	2.567	-12.0989	0.849201010721
Bk79	QGYDFA	6	3.6198	-11.0002	0.0253691727895
Bk79	QGYDFV	5	3.2526	-12.7489	0.0260210233092
Bk79	QGYDNA	5	3.3695	-9.3771	0.08202591034
Bk79	QGYDNV	4	2.9775	-11.1258	0.0801139587462
Bk79	QGYDSA	6	3.6719	-7.079	0.0575963283973
Bk79	QGYDSV	5	3.3543	-8.8277	0.0554239503653
Bk79	QGYEFA	5	3.2303	-13.5102	0.0570685653249
Bk79	QGYEFV	4	2.8902	-15.2589	0.0503849229765
Bk79	QGYENA	4	2.9996	-11.8871	0.106577310493
Bk79	QGYENV	3	2.6056	-13.6358	0.204403390804
Bk79	QGYESA	5	3.3124	-9.5891	0.148155675364
Bk79	QGYESV	4	2.9938	-11.3377	0.2432141356
Bk79	QKFDFA	6	3.4804	-13.0247	0.00606737399901
Bk79	QKFDFV	5	3.1868	-14.7734	0.00330579703213
Bk79	QKFDNA	5	3.1993	-11.4016	0.0121687354726
Bk79	QKFDNV	4	2.8649	-13.1503	0.01306619987
Bk79	QKFDSA	6	3.5118	-9.1036	0.0126411816087
Bk79	QKFDSV	5	3.1949	-10.8522	0.0153600783866
Bk79	QKFEFA	5	3.1084	-15.5348	0.0107509609456
Bk79	QKFEFV	4	2.8766	-17.2835	0.0215967381846
Bk79	QKFENA	4	2.8663	-13.9117	0.024863441583
Bk79	QKFENV	3	2.547	-15.6603	0.0450097937891
Bk79	QKFESA	5	3.1699	-11.6136	0.0497087984233
Bk79	QKFESV	4	2.8653	-13.3623	0.0299429514025
Bk79	QKSDFA	5	2.9038	-12.7959	0.116844393434
Bk79	QKSDFV	4	2.6306	-14.5446	0.0231164349486
Bk79	QKSDNA	4	2.742	-11.1728	0.0165041993698
Bk79	QKSDNV	3	2.4028	-12.9214	0.0353940861161
Bk79	QKSDSA	5	3.0446	-8.8747	0.0229970038517
Bk79	QKSDSV	4	2.7354	-10.6234	0.0192636957905
Bk79	QKSEFA	4	2.5505	-15.3059	0.0294055664131
Bk79	QKSEFV	3	2.3505	-17.0546	0.0192503922174
Bk79	QKSENA	3	2.4248	-13.6828	0.0794386837251
Bk79	QKSENV	2	2.0871	-15.4315	0.0292059505336
Bk79	QKSESA	4	2.6987	-11.3847	0.0460513793372
Bk79	QKSESV	3	2.398	-13.1334	0.0654420425312
Bk79	QKYDFA	6	3.5422	-12.0348	0.007602505962
Bk79	QKYDFV	5	3.2164	-13.7834	0.00322161801698
Bk79	QKYDNA	5	3.2978	-10.4116	0.0228102787481
Bk79	QKYDNV	4	2.9303	-12.1603	0.014853090656
Bk79	QKYDSA	6	3.6149	-8.1136	0.012797716019
Bk79	QKYDSV	5	3.2853	-9.8622	0.0168924498964
Bk79	QKYEFA	5	3.1754	-14.5448	0.00808580084885
Bk79	QKYEFV	4	2.8862	-16.2935	0.0111052453822
Bk79	QKYENA	4	2.9596	-12.9217	0.019962930159
Bk79	QKYENV	3	2.6179	-14.6704	0.0356678798316
Bk79	QKYESA	5	3.2772	-10.6236	0.025847891707
Bk79	QKYESV	4	2.9688	-12.3723	0.0316599173903
Bk79	QNFDFA	6	3.1117	-12.4393	0.0331534630376
Bk79	QNFDFV	5	2.868	-14.1879	0.0337946738117
Bk79	QNFDNA	5	2.9015	-10.8162	0.171760949697
Bk79	QNFDNV	4	2.5991	-12.5648	0.290497901423
Bk79	QNFDSA	6	3.0789	-8.5181	0.147821782447
Bk79	QNFDSV	5	2.7796	-10.2668	0.157738411132
Bk79	QNFEFA	5	2.7463	-14.9493	0.153273311024
Bk79	QNFEFV	4	2.5585	-16.698	0.0683337840289
Bk79	QNFENA	4	2.5713	-13.3262	0.373905663301
Bk79	QNFENV	3	2.2799	-15.0749	0.454347885836
Bk79	QNFESA	5	2.7207	-11.0281	0.320174851584
Bk79	QNFESV	4	2.4194	-12.7768	0.654591325138
Bk79	QNSDFA	5	2.5753	-12.2104	0.209603504993
Bk79	QNSDFV	4	2.3716	-13.9591	0.146463364204
Bk79	QNSDNA	4	2.4922	-10.5873	1.00915255881
Bk79	QNSDNV	3	2.183	-12.336	0.899812216781
Bk79	QNSDSA	5	2.6638	-8.2892	0.507802157623
Bk79	QNSDSV	4	2.3615	-10.0379	0.771049724845
Bk79	QNSEFA	4	2.2287	-14.7204	0.297549534662
Bk79	QNSEFV	3	2.1044	-16.4691	0.342078202313
Bk79	QNSENA	3	2.1907	-13.0973	0.738650713813
Bk79	QNSENV	2	1.8761	-14.846	0.775591745267
Bk79	QNSESA	4	2.3099	-10.7992	0.619077490599
Bk79	QNSESV	3	2.0045	-12.5479	1.21560242587
Bk79	QNYDFA	6	3.1266	-11.4493	0.0426939476898
Bk79	QNYDFV	5	2.8309	-13.198	0.0245167157267
Bk79	QNYDNA	5	2.9625	-9.8262	0.150644537168
Bk79	QNYDNV	4	2.6247	-11.5748	0.172624430984
Bk79	QNYDSA	6	3.1358	-7.5281	0.109071673367
Bk79	QNYDSV	5	2.8112	-9.2768	0.167861411392
Bk79	QNYEFA	5	2.7597	-13.9593	0.0905492078208
Bk79	QNYEFV	4	2.5181	-15.708	0.0697640181764
Bk79	QNYENA	4	2.637	-12.3362	0.23212105686
Bk79	QNYENV	3	2.2943	-14.0849	0.23257121074
Bk79	QNYESA	5	2.7779	-10.0381	0.193445139565
Bk79	QNYESV	4	2.4613	-11.7868	0.350987099576
Bei89	EEFDFA	4	1.7957	-14.357	0.305246985362
Bei89	EEFDFV	3	1.706	-16.6564	0.0904862755627
Bei89	EEFDNA	3	1.4583	-13.3204	0.850505302819
Bei89	EEFDNV	2	1.0348	-15.6198	0.489109410714
Bei89	EEFDSA	4	1.8051	-10.3357	1.01718130373
Bei89	EEFDSV	3	1.3389	-12.6351	0.689331366387
Bei89	EEFEFA	3	1.5665	-17.0118	2.01776138943
Bei89	EEFEFV	2	1.5719	-19.3112	0.469322095952
Bei89	EEFENA	2	1.3052	-15.9752	3.59612607263
Bei89	EEFENV	1	0.8559	-18.2746	3.05088906277
Bei89	EEFESA	3	1.6536	-12.9905	6.16123876371
Bei89	EEFESV	2	1.1379	-15.2899	6.61980884198
Bei89	EESDFA	4	1.8536	-15.6472	0.926743682728
Bei89	EESDFV	3	1.6717	-17.9465	0.235037950511
Bei89	EESDNA	3	1.734	-14.6106	3.03912746901
Bei89	EESDNV	2	1.312	-16.9099	1.37872524903
Bei89	EESDSA	4	2.1286	-11.6259	3.48679606444
Bei89	EESDSV	3	1.6922	-13.9253	1.83672401476
Bei89	EESEFA	3	1.6652	-18.302	4.73946251213
Bei89	EESEFV	2	1.5822	-20.6014	1.3235661477
Bei89	EESENA	2	1.6593	-17.2654	6.42336506224
Bei89	EESENV	1	1.2209	-19.5648	5.83717548275
Bei89	EESESA	3	2.0279	-14.2807	10.8886402881
Bei89	EESESV	2	1.58	-16.5801	13.7958430959
Bei89	EEYDFA	3	1.5957	-13.6816	0.274963658527
Bei89	EEYDFV	2	1.3472	-15.981	0.0528226810616
Bei89	EEYDNA	2	1.2643	-12.645	0.700306403441
Bei89	EEYDNV	1	0.5351	-14.9444	0.306997551772
Bei89	EEYDSA	3	1.6755	-9.6604	0.896289463865
Bei89	EEYDSV	2	1.0791	-11.9597	0.567293508056
Bei89	EEYEFA	2	1.333	-16.3364	1.23683506087
Bei89	EEYEFV	1	1.1801	-18.6358	0.341403512204
Bei89	EEYENA	1	1.0981	-15.2998	2.89849072382
Bei89	EEYENV	0	0.0	-17.5992	2.34614389975
Bei89	EEYESA	2	1.5315	-12.3152	4.04817677556
Bei89	EEYESV	1	0.8477	-14.6145	3.72625708196
Bei89	EGFDFA	5	2.8457	-13.5512	0.159466993224
Bei89	EGFDFV	4	2.4169	-15.8505	0.0587789434975
Bei89	EGFDNA	4	2.5626	-12.5146	0.540455323016
Bei89	EGFDNV	3	2.0572	-14.8139	0.202086780086
Bei89	EGFDSA	5	2.9599	-9.5299	0.562499017553
Bei89	EGFDSV	4	2.5009	-11.8292	0.335461356619
Bei89	EGFEFA	4	2.4844	-16.206	0.715251630806
Bei89	EGFEFV	3	2.108	-18.5053	0.226032358441
Bei89	EGFENA	3	2.2548	-15.1694	1.4442630673
Bei89	EGFENV	2	1.7262	-17.4687	1.44321702716
Bei89	EGFESA	4	2.6863	-12.1847	2.45444423215
Bei89	EGFESV	3	2.2184	-14.484	2.34277575664
Bei89	EGSDFA	5	2.7179	-14.8414	0.437121845061
Bei89	EGSDFV	4	2.2936	-17.1407	0.13077234369
Bei89	EGSDNA	4	2.5909	-13.8048	1.44892680932
Bei89	EGSDNV	3	2.1129	-16.1041	0.793379635289
Bei89	EGSDSA	5	3.0053	-10.8201	1.74703691593
Bei89	EGSDSV	4	2.583	-13.1194	1.23584206707
Bei89	EGSEFA	4	2.3744	-17.4962	2.0233973575
Bei89	EGSEFV	3	2.0089	-19.7955	0.621970230381
Bei89	EGSENA	3	2.3339	-16.4596	2.24736412392
Bei89	EGSENV	2	1.8395	-18.7589	2.46160570268
Bei89	EGSESA	4	2.7692	-13.4749	3.52813056273
Bei89	EGSESV	3	2.3338	-15.7742	5.09727995728
Bei89	EGYDFA	4	2.656	-12.8758	0.116026064177
Bei89	EGYDFV	3	2.1571	-15.1752	0.0533707632859
Bei89	EGYDNA	3	2.45	-11.8392	0.232341719516
Bei89	EGYDNV	2	1.8485	-14.1386	0.143763651343
Bei89	EGYDSA	4	2.8343	-8.8545	0.320135114434
Bei89	EGYDSV	3	2.3179	-11.1539	0.202496134749
Bei89	EGYEFA	3	2.295	-15.5306	0.464407954246
Bei89	EGYEFV	2	1.8202	-17.83	0.132283641191
Bei89	EGYENA	2	2.1469	-14.494	0.830676861689
Bei89	EGYENV	1	1.4891	-16.7934	0.655290430297
Bei89	EGYESA	3	2.5697	-11.5093	1.11344042605
Bei89	EGYESV	2	2.0357	-13.8087	1.69222851957
Bei89	EKFDFA	5	2.7314	-12.7739	0.0449573369068
Bei89	EKFDFV	4	2.3961	-15.0732	0.0459487436411
Bei89	EKFDNA	4	2.4941	-11.7372	0.0650751028463
Bei89	EKFDNV	3	2.0787	-14.0366	0.0704153587554
Bei89	EKFDSA	5	2.8624	-8.7526	0.087636196256
Bei89	EKFDSV	4	2.4494	-11.0519	0.0562448622288
Bei89	EKFEFA	4	2.3986	-15.4287	0.0855622945436
Bei89	EKFEFV	3	2.131	-17.728	0.0574209092216
Bei89	EKFENA	3	2.2364	-14.3921	0.147021801652
Bei89	EKFENV	2	1.8155	-16.6914	0.170633299399
Bei89	EKFESA	4	2.6348	-11.4074	0.182445033934
Bei89	EKFESV	3	2.2083	-13.7067	0.213088528895
Bei89	EKSDFA	5	2.6564	-14.064	0.0759948710653
Bei89	EKSDFV	4	2.3591	-16.3634	0.0169256467705
Bei89	EKSDNA	4	2.5614	-13.0274	0.174055550182
Bei89	EKSDNV	3	2.172	-15.3268	0.0560026383229
Bei89	EKSDSA	5	2.9474	-10.0428	0.214781714215
Bei89	EKSDSV	4	2.5608	-12.3421	0.161136946689
Bei89	EKSEFA	4	2.3802	-16.7189	0.20579725989
Bei89	EKSEFV	3	2.1518	-19.0182	0.106953451598
Bei89	EKSENA	3	2.3591	-15.6822	0.371563973826
Bei89	EKSENV	2	1.9679	-17.9816	0.324525591536
Bei89	EKSESA	4	2.7496	-12.6976	0.385540029838
Bei89	EKSESV	3	2.362	-14.9969	0.82635183724
Bei89	EKYDFA	4	2.7	-12.0985	0.0365848568084
Bei89	EKYDFV	3	2.2507	-14.3979	0.0169802046321
Bei89	EKYDNA	3	2.5039	-11.0619	0.0525025605832
Bei89	EKYDNV	2	1.9884	-13.3612	0.0310046553038
Bei89	EKYDSA	4	2.8905	-8.0772	0.0598414782712
Bei89	EKYDSV	3	2.42	-10.3766	0.0285956845418
Bei89	EKYEFA	3	2.354	-14.7533	0.0560354750206
Bei89	EKYEFV	2	1.9604	-17.0527	0.0335967260608
Bei89	EKYENA	2	2.2392	-13.7167	0.109897291724
Bei89	EKYENV	1	1.7024	-16.0161	0.0931638374391
Bei89	EKYESA	3	2.6597	-10.732	0.138179058553
Bei89	EKYESV	2	2.1845	-13.0314	0.180778344901
Bei89	ENFDFA	5	2.2695	-12.4881	0.22830504578
Bei89	ENFDFV	4	2.0638	-14.7875	0.0805082825548
Bei89	ENFDNA	4	2.0912	-11.4515	0.758748007411
Bei89	ENFDNV	3	1.7093	-13.7509	0.336529964759
Bei89	ENFDSA	5	2.3163	-8.4668	0.79222412815
Bei89	ENFDSV	4	1.8954	-10.7662	0.57078878114
Bei89	ENFEFA	4	1.9649	-15.1429	0.837331514089
Bei89	ENFEFV	3	1.8318	-17.4423	0.284629107909
Bei89	ENFENA	3	1.8563	-14.1063	1.75455829811
Bei89	ENFENV	2	1.4519	-16.4057	1.73580406754
Bei89	ENFESA	4	2.077	-11.1216	2.35031971214
Bei89	ENFESV	3	1.6185	-13.421	2.94746641351
Bei89	ENSDFA	5	2.2751	-13.7783	0.632753504603
Bei89	ENSDFV	4	2.0587	-16.0777	0.167593739571
Bei89	ENSDNA	4	2.2539	-12.7417	1.72600989739
Bei89	ENSDNV	3	1.8922	-15.0411	0.847951950256
Bei89	ENSDSA	5	2.5094	-9.757	1.89080073845
Bei89	ENSDSV	4	2.1122	-12.0564	1.12492018637
Bei89	ENSEFA	4	2.0257	-16.4331	1.87009898881
Bei89	ENSEFV	3	1.8975	-18.7325	0.856592645773
Bei89	ENSENA	3	2.0989	-15.3965	2.71847699629
Bei89	ENSENV	2	1.7276	-17.6959	2.70730132411
Bei89	ENSESA	4	2.3147	-12.4118	4.58002580723
Bei89	ENSESV	3	1.9062	-14.7112	5.92034016001
Bei89	ENYDFA	4	2.1033	-11.8127	0.194040691026
Bei89	ENYDFV	3	1.7887	-14.1121	0.0520346411294
Bei89	ENYDNA	3	2.0022	-10.7761	0.413587152321
Bei89	ENYDNV	2	1.5054	-13.0755	0.21070439845
Bei89	ENYDSA	4	2.2155	-7.7915	0.409716824177
Bei89	ENYDSV	3	1.7017	-10.0908	0.33845806469
Bei89	ENYEFA	3	1.7746	-14.4675	0.743564993859
Bei89	ENYEFV	2	1.5238	-16.7669	0.304712890297
Bei89	ENYENA	2	1.7532	-13.4309	1.07272202361
Bei89	ENYENV	1	1.1944	-15.7303	0.949433956568
Bei89	ENYESA	3	1.9634	-10.4463	1.55346117602
Bei89	ENYESV	2	1.3891	-12.7456	1.85116036954
Bei89	HEFDFA	5	2.5789	-9.9742	1.03837051837
Bei89	HEFDFV	4	2.2447	-12.2735	0.20850991763
Bei89	HEFDNA	4	2.2709	-8.9376	3.40957623356
Bei89	HEFDNV	3	1.8333	-11.2369	1.06610736346
Bei89	HEFDSA	5	2.6854	-5.9529	3.81139982326
Bei89	HEFDSV	4	2.2804	-8.2522	1.25728038509
Bei89	HEFEFA	4	2.2854	-12.629	6.14345687449
Bei89	HEFEFV	3	2.0047	-14.9283	1.99784918714
Bei89	HEFENA	3	2.0554	-11.5924	17.5885021155
Bei89	HEFENV	2	1.5831	-13.8917	10.5874124957
Bei89	HEFESA	4	2.4978	-8.6077	16.2885038638
Bei89	HEFESV	3	2.0698	-10.907	11.3023868693
Bei89	HESDFA	5	2.2995	-11.2643	0.938174960731
Bei89	HESDFV	4	2.0708	-13.5637	0.2203049015
Bei89	HESDNA	4	2.1903	-10.2277	4.3725279572
Bei89	HESDNV	3	1.8001	-12.5271	1.52648062646
Bei89	HESDSA	5	2.5837	-7.2431	3.32137187766
Bei89	HESDSV	4	2.2244	-9.5424	1.43685088424
Bei89	HESEFA	4	2.0909	-13.9192	8.04890489049
Bei89	HESEFV	3	1.9431	-16.2185	1.50903291679
Bei89	HESENA	3	2.0651	-12.8826	10.8632847073
Bei89	HESENV	2	1.6565	-15.1819	7.05995712381
Bei89	HESESA	4	2.452	-9.8979	14.3901623598
Bei89	HESESV	3	2.075	-12.1972	14.8328974976
Bei89	HEYDFA	4	2.4091	-9.2988	0.904661970132
Bei89	HEYDFV	3	1.9932	-11.5982	0.170863879356
Bei89	HEYDNA	3	2.154	-8.2622	3.55388523473
Bei89	HEYDNV	2	1.6128	-10.5616	1.250140448
Bei89	HEYDSA	4	2.5713	-5.2775	2.41866752447
Bei89	HEYDSV	3	2.1112	-7.5769	1.12928787417
Bei89	HEYEFA	3	2.1165	-11.9536	5.60676002294
Bei89	HEYEFV	2	1.7554	-14.253	1.72495057037
Bei89	HEYENA	2	1.9415	-10.917	13.2018146478
Bei89	HEYENV	1	1.3593	-13.2164	5.5665072877
Bei89	HEYESA	3	2.3974	-7.9323	13.140524595
Bei89	HEYESV	2	1.9024	-10.2317	10.0049809557
Bei89	HGFDFA	6	3.7247	-9.1683	0.151459350922
Bei89	HGFDFV	5	3.27	-11.4677	0.0669240421647
Bei89	HGFDNA	5	3.4426	-8.1317	0.538503222221
Bei89	HGFDNV	4	3.0197	-10.4311	0.226639326069
Bei89	HGFDSA	6	3.8569	-5.147	0.499140346589
Bei89	HGFDSV	5	3.4897	-7.4464	0.214808852502
Bei89	HGFEFA	5	3.3497	-11.8231	0.655683214448
Bei89	HGFEFV	4	2.9287	-14.1225	0.256405482788
Bei89	HGFENA	4	3.1342	-10.7865	1.38397912473
Bei89	HGFENV	3	2.6966	-13.0859	0.970410034737
Bei89	HGFESA	5	3.5788	-7.8018	1.33411229233
Bei89	HGFESV	4	3.2111	-10.1012	1.47655791203
Bei89	HGSDFA	6	3.2939	-10.4585	0.287958397044
Bei89	HGSDFV	5	2.9271	-12.7579	0.0704314677793
Bei89	HGSDNA	5	3.1927	-9.4219	0.625514749657
Bei89	HGSDNV	4	2.8173	-11.7213	0.206934228524
Bei89	HGSDSA	6	3.5804	-6.4372	0.667843964424
Bei89	HGSDSV	5	3.252	-8.7366	0.26206565013
Bei89	HGSEFA	5	2.971	-13.1133	0.769216482794
Bei89	HGSEFV	4	2.6554	-15.4127	0.281401471829
Bei89	HGSENA	4	2.9216	-12.0767	1.50746391221
Bei89	HGSENV	3	2.5593	-14.3761	0.974973601512
Bei89	HGSESA	5	3.325	-9.092	1.78865592369
Bei89	HGSESV	4	3.0026	-11.3914	1.71543752568
Bei89	HGYDFA	5	3.5376	-8.493	0.143543962905
Bei89	HGYDFV	4	3.0445	-10.7923	0.0622607503177
Bei89	HGYDNA	4	3.3418	-7.4564	0.385697213044
Bei89	HGYDNV	3	2.8588	-9.7557	0.138046675876
Bei89	HGYDSA	5	3.7166	-4.4717	0.329283068174
Bei89	HGYDSV	4	3.3177	-6.771	0.139639460052
Bei89	HGYEFA	4	3.1674	-11.1478	0.381213517332
Bei89	HGYEFV	3	2.7095	-13.4471	0.174287422204
Bei89	HGYENA	3	3.0271	-10.1112	0.916134632531
Bei89	HGYENV	2	2.5318	-12.4105	0.705665592782
Bei89	HGYESA	4	3.4492	-7.1265	0.769606935154
Bei89	HGYESV	3	3.0443	-9.4258	0.756844553546
Bei89	HKFDFA	6	3.7333	-8.391	0.0397187550746
Bei89	HKFDFV	5	3.3227	-10.6904	0.0163986907748
Bei89	HKFDNA	5	3.4973	-7.3544	0.102018406222
Bei89	HKFDNV	4	3.0953	-9.6538	0.0401163059807
Bei89	HKFDSA	6	3.892	-4.3697	0.0462792360694
Bei89	HKFDSV	5	3.5238	-6.6691	0.0260594515759
Bei89	HKFEFA	5	3.3894	-11.0458	0.0513045266235
Bei89	HKFEFV	4	3.0164	-13.3452	0.0281154463422
Bei89	HKFENA	4	3.2121	-10.0092	0.0634125083838
Bei89	HKFENV	3	2.8259	-12.3086	0.0854232592916
Bei89	HKFESA	5	3.644	-7.0245	0.0842460796122
Bei89	HKFESV	4	3.2924	-9.3239	0.0712680471922
Bei89	HKSDFA	6	3.2874	-9.6812	0.0308036737036
Bei89	HKSDFV	5	2.9929	-11.9806	0.0610471833467
Bei89	HKSDNA	5	3.186	-8.6446	0.0679459732944
Bei89	HKSDNV	4	2.8527	-10.944	0.0500737942428
Bei89	HKSDSA	6	3.5469	-5.6599	0.0693225250611
Bei89	HKSDSV	5	3.239	-7.9593	0.0221118508227
Bei89	HKSEFA	5	3.0044	-12.336	0.0731259613788
Bei89	HKSEFV	4	2.7704	-14.6354	0.0302288912152
Bei89	HKSENA	4	2.9642	-11.2994	0.111605454239
Bei89	HKSENV	3	2.6367	-13.5988	0.0992811670429
Bei89	HKSESA	5	3.3453	-8.3147	0.10296228993
Bei89	HKSESV	4	3.0356	-10.6141	0.141220597566
Bei89	HKYDFA	5	3.6686	-7.7157	0.0403071019167
Bei89	HKYDFV	4	3.2026	-10.015	0.0192452378413
Bei89	HKYDNA	4	3.4825	-6.679	0.0669320877274
Bei89	HKYDNV	3	3.0391	-8.9784	0.035338186288
Bei89	HKYDSA	5	3.8638	-3.6944	0.020870693092
Bei89	HKYDSV	4	3.4717	-5.9937	0.0693342892575
Bei89	HKYEFA	4	3.3272	-10.3705	0.0305194248443
Bei89	HKYEFV	3	2.9027	-12.6698	0.0129891697623
Bei89	HKYENA	3	3.2068	-9.3339	0.0735948527503
Bei89	HKYENV	2	2.7684	-11.6332	0.0447956347477
Bei89	HKYESA	4	3.6224	-6.3492	0.0574940671012
Bei89	HKYESV	3	3.2573	-8.6485	0.0723149493298
Bei89	HNFDFA	6	3.1564	-8.1053	0.33497474575
Bei89	HNFDFV	5	2.827	-10.4046	0.100822059746
Bei89	HNFDNA	5	2.9457	-7.0687	0.71596680426
Bei89	HNFDNV	4	2.5733	-9.368	0.369301196655
Bei89	HNFDSA	6	3.2333	-4.084	0.709885367854
Bei89	HNFDSV	5	2.8786	-6.3833	0.320267088008
Bei89	HNFEFA	5	2.8187	-10.7601	0.790818353237
Bei89	HNFEFV	4	2.5309	-13.0594	0.414815261431
Bei89	HNFENA	4	2.6703	-9.7235	1.90862244175
Bei89	HNFENV	3	2.293	-12.0228	1.42838208055
Bei89	HNFESA	5	2.9747	-6.7388	2.18041624055
Bei89	HNFESV	4	2.617	-9.0381	2.15863027795
Bei89	HNSDFA	6	2.8417	-9.3955	0.390988217544
Bei89	HNSDFV	5	2.649	-11.6948	0.0712986469157
Bei89	HNSDNA	5	2.8129	-8.3589	0.956487650698
Bei89	HNSDNV	4	2.507	-10.6582	0.4528684272
Bei89	HNSDSA	6	3.0588	-5.3742	0.825906753385
Bei89	HNSDSV	5	2.7573	-7.6735	0.465628348771
Bei89	HNSEFA	5	2.5948	-12.0503	1.19477879328
Bei89	HNSEFV	4	2.4746	-14.3496	0.369063898375
Bei89	HNSENA	4	2.6182	-11.0137	1.91992586677
Bei89	HNSENV	3	2.3018	-13.313	1.74778038402
Bei89	HNSESA	5	2.8461	-8.029	2.96924389771
Bei89	HNSESV	4	2.542	-10.3283	2.63943570214
Bei89	HNYDFA	5	2.9889	-7.4299	0.248052243376
Bei89	HNYDFV	4	2.6119	-9.7293	0.0764874626338
Bei89	HNYDNA	4	2.8675	-6.3933	0.644842272853
Bei89	HNYDNV	3	2.4234	-8.6927	0.202767301672
Bei89	HNYDSA	5	3.1274	-3.4086	0.414480186741
Bei89	HNYDSV	4	2.7209	-5.708	0.233773418617
Bei89	HNYEFA	4	2.6543	-10.0847	0.716656768096
Bei89	HNYEFV	3	2.32	-12.3841	0.288474989341
Bei89	HNYENA	3	2.5885	-9.0481	1.30133729727
Bei89	HNYENV	2	2.1366	-11.3475	1.05101770213
Bei89	HNYESA	4	2.8695	-6.0634	1.60630871723
Bei89	HNYESV	3	2.443	-8.3628	1.44512934114
Bei89	KEFDFA	5	2.3347	-11.2799	0.126570208229
Bei89	KEFDFV	4	2.0909	-13.5793	0.0338158137745
Bei89	KEFDNA	4	2.1471	-10.2433	0.263978839118
Bei89	KEFDNV	3	1.7265	-12.5427	0.119183430784
Bei89	KEFDSA	5	2.4587	-7.2587	0.246239976417
Bei89	KEFDSV	4	2.0333	-9.558	0.0805226188535
Bei89	KEFEFA	4	2.047	-13.9347	0.223404284541
Bei89	KEFEFV	3	1.8769	-16.2341	0.0864134785494
Bei89	KEFENA	3	1.9361	-12.8981	0.494212353802
Bei89	KEFENV	2	1.4975	-15.1975	0.335013369223
Bei89	KEFESA	4	2.2581	-9.9135	0.54113864793
Bei89	KEFESV	3	1.8003	-12.2128	0.549975692075
Bei89	KESDFA	5	2.2422	-12.5701	0.31663565375
Bei89	KESDFV	4	2.0435	-14.8695	0.0669040398079
Bei89	KESDNA	4	2.2047	-11.5335	0.469107062563
Bei89	KESDNV	3	1.8468	-13.8329	0.22937729211
Bei89	KESDSA	5	2.5412	-8.5488	0.560135494625
Bei89	KESDSV	4	2.1587	-10.8482	0.338171878051
Bei89	KESEFA	4	2.0237	-15.2249	0.35361909174
Bei89	KESEFV	3	1.9263	-17.5243	0.162504894487
Bei89	KESENA	3	2.0928	-14.1883	0.701920268763
Bei89	KESENV	2	1.7109	-16.4877	0.582787995003
Bei89	KESESA	4	2.3844	-11.2037	1.09889004767
Bei89	KESESV	3	1.9982	-13.503	0.888063240267
Bei89	KEYDFA	4	2.1498	-10.6046	0.0862982297646
Bei89	KEYDFV	3	1.8249	-12.9039	0.0332657980657
Bei89	KEYDNA	3	2.0191	-9.568	0.212396567336
Bei89	KEYDNV	2	1.4914	-11.8673	0.0599635055358
Bei89	KEYDSA	4	2.3379	-6.5833	0.197060233373
Bei89	KEYDSV	3	1.86	-8.8827	0.0762892958554
Bei89	KEYEFA	3	1.8598	-13.2594	0.145538002362
Bei89	KEYEFV	2	1.5949	-15.5587	0.0764740248945
Bei89	KEYENA	2	1.7999	-12.2228	0.305732758368
Bei89	KEYENV	1	1.2319	-14.5221	0.193561119068
Bei89	KEYESA	3	2.1373	-9.2381	0.497865106836
Bei89	KEYESV	2	1.635	-11.5375	0.386153126961
Bei89	KGFDFA	6	3.6273	-10.4741	0.0295055973315
Bei89	KGFDFV	5	3.2013	-12.7735	0.024590001586
Bei89	KGFDNA	5	3.4384	-9.4375	0.0513524121625
Bei89	KGFDNV	4	2.9808	-11.7369	0.0310678025217
Bei89	KGFDSA	6	3.8096	-6.4528	0.0595118835385
Bei89	KGFDSV	5	3.4101	-8.7522	0.0533814130113
Bei89	KGFEFA	5	3.26	-13.1289	0.0261662169741
Bei89	KGFEFV	4	2.8817	-15.4283	0.0132817455004
Bei89	KGFENA	4	3.1219	-12.0923	0.0564824989569
Bei89	KGFENV	3	2.6681	-14.3917	0.0333218809639
Bei89	KGFESA	5	3.5316	-9.1076	0.0743736990737
Bei89	KGFESV	4	3.1388	-11.407	0.0593935497753
Bei89	KGSDFA	6	3.3663	-11.7643	0.0679867011611
Bei89	KGSDFV	5	2.9804	-14.0637	0.0283408975867
Bei89	KGSDNA	5	3.2804	-10.7277	0.108830409935
Bei89	KGSDNV	4	2.9041	-13.027	0.0600268598993
Bei89	KGSDSA	6	3.6662	-7.743	0.134763437544
Bei89	KGSDSV	5	3.3165	-10.0424	0.070552677956
Bei89	KGSEFA	5	3.0289	-14.4191	0.0498216192429
Bei89	KGSEFV	4	2.7029	-16.7185	0.0230551867672
Bei89	KGSENA	4	3.0152	-13.3825	0.0676636184847
Bei89	KGSENV	3	2.6415	-15.6819	0.0656640796992
Bei89	KGSESA	5	3.412	-10.3978	0.0745708238232
Bei89	KGSESV	4	3.0741	-12.6972	0.0889509974194
Bei89	KGYDFA	5	3.4844	-9.7987	0.0173184914289
Bei89	KGYDFV	4	3.0254	-12.0981	0.0163041141287
Bei89	KGYDNA	4	3.3491	-8.7621	0.0326311958004
Bei89	KGYDNV	3	2.8582	-11.0615	0.0145770018439
Bei89	KGYDSA	5	3.7096	-5.7775	0.0279424427408
Bei89	KGYDSV	4	3.2786	-8.0768	0.0219580431141
Bei89	KGYEFA	4	3.1249	-12.4535	0.0173137527858
Bei89	KGYEFV	3	2.6947	-14.7529	0.01509163547
Bei89	KGYENA	3	3.0402	-11.4169	0.031545586536
Bei89	KGYENV	2	2.5435	-13.7163	0.0452638119007
Bei89	KGYESA	4	3.4369	-8.4323	0.0341271997892
Bei89	KGYESV	3	3.0098	-10.7316	0.0541773421392
Bei89	KKFDFA	6	3.597	-9.6968	0.00561251613111
Bei89	KKFDFV	5	3.2694	-11.9961	0.00543384383018
Bei89	KKFDNA	5	3.4373	-8.6602	0.0117116666088
Bei89	KKFDNV	4	3.0722	-10.9595	0.0239283031972
Bei89	KKFDSA	6	3.7773	-5.6755	0.0102053909054
Bei89	KKFDSV	5	3.4069	-7.9749	0.0177028924304
Bei89	KKFEFA	5	3.2691	-12.3516	0.00529555320945
Bei89	KKFEFV	4	3.0025	-14.651	0.00908985203617
Bei89	KKFENA	4	3.1746	-11.315	0.0151161506445
Bei89	KKFENV	3	2.8297	-13.6144	0.0159796445008
Bei89	KKFESA	5	3.5354	-8.3303	0.0125201354129
Bei89	KKFESV	4	3.1855	-10.6297	0.0240437203204
Bei89	KKSDFA	6	3.3699	-10.987	0.00339904417322
Bei89	KKSDFV	5	3.1461	-13.2863	0.0022993534113
Bei89	KKSDNA	5	3.309	-9.9504	0.00923344891443
Bei89	KKSDNV	4	3.0044	-12.2497	0.00196839855505
Bei89	KKSDSA	6	3.6362	-6.9657	0.0114418583184
Bei89	KKSDSV	5	3.3257	-9.2651	0.00942061246325
Bei89	KKSEFA	5	3.1018	-13.6418	0.0169964203858
Bei89	KKSEFV	4	2.9363	-15.9411	0.00606243754696
Bei89	KKSENA	4	3.1064	-12.6052	0.0166128702414
Bei89	KKSENV	3	2.8057	-14.9045	0.0137799683619
Bei89	KKSESA	5	3.4392	-9.6205	0.0225591901694
Bei89	KKSESV	4	3.1334	-11.9199	0.0247810633854
Bei89	KKYDFA	5	3.5702	-9.0214	0.00991454906941
Bei89	KKYDFV	4	3.1663	-11.3208	0.00309337473318
Bei89	KKYDNA	4	3.4465	-7.9848	0.0102848645854
Bei89	KKYDNV	3	3.0159	-10.2842	0.0024998784181
Bei89	KKYDSA	5	3.7964	-5.0001	0.0106786843967
Bei89	KKYDSV	4	3.3924	-7.2995	0.00942061246325
Bei89	KKYEFA	4	3.2393	-11.6762	0.00826968825334
Bei89	KKYEFV	3	2.898	-13.9756	0.00895789766483
Bei89	KKYENA	3	3.1775	-10.6396	0.00828445969939
Bei89	KKYENV	2	2.7565	-12.939	0.00742167884003
Bei89	KKYESA	4	3.5611	-7.655	0.00856402522004
Bei89	KKYESV	3	3.1718	-9.9543	0.00315442536644
Bei89	KNFDFA	6	3.0934	-9.411	0.0239042282932
Bei89	KNFDFV	5	2.815	-11.7104	0.0317083556196
Bei89	KNFDNA	5	2.9893	-8.3744	0.0450506014729
Bei89	KNFDNV	4	2.6202	-10.6738	0.0321789823069
Bei89	KNFDSA	6	3.2094	-5.3898	0.0581110838302
Bei89	KNFDSV	5	2.8331	-7.6891	0.0252237967786
Bei89	KNFEFA	5	2.772	-12.0658	0.0419577734252
Bei89	KNFEFV	4	2.5524	-14.3652	0.0148607038199
Bei89	KNFENA	4	2.7304	-11.0292	0.0577902338698
Bei89	KNFENV	3	2.3537	-13.3286	0.0614878667072
Bei89	KNFESA	5	2.9504	-8.0446	0.085850243279
Bei89	KNFESV	4	2.5678	-10.3439	0.0705873369961
Bei89	KNSDFA	6	2.9304	-10.7012	0.0599743835397
Bei89	KNSDFV	5	2.7333	-13.0006	0.0419211313658
Bei89	KNSDNA	5	2.946	-9.6646	0.0908901001835
Bei89	KNSDNV	4	2.6277	-11.964	0.0557787186229
Bei89	KNSDSA	6	3.1584	-6.68	0.116740383162
Bei89	KNSDSV	5	2.8447	-8.9793	0.0989151708232
Bei89	KNSEFA	5	2.6712	-13.356	0.052124602131
Bei89	KNSEFV	4	2.5521	-15.6554	0.111894135407
Bei89	KNSENA	4	2.7647	-12.3194	0.0935883216736
Bei89	KNSENV	3	2.4443	-14.6188	0.0823804922457
Bei89	KNSESA	5	2.9456	-9.3348	0.113220685485
Bei89	KNSESV	4	2.6237	-11.6341	0.113224903816
Bei89	KNYDFA	5	2.9464	-8.7357	0.0289985111108
Bei89	KNYDFV	4	2.6283	-11.035	0.0110332205213
Bei89	KNYDNA	4	2.92	-7.6991	0.0489527667343
Bei89	KNYDNV	3	2.4884	-9.9984	0.0268534378764
Bei89	KNYDSA	5	3.1137	-4.7144	0.0379019524367
Bei89	KNYDSV	4	2.6963	-7.0138	0.0312013102858
Bei89	KNYEFA	4	2.6332	-11.3905	0.028435938537
Bei89	KNYEFV	3	2.3558	-13.6898	0.0128567510866
Bei89	KNYENA	3	2.6638	-10.3539	0.0562790457281
Bei89	KNYENV	2	2.2134	-12.6532	0.051000636388
Bei89	KNYESA	4	2.8577	-7.3692	0.035489927832
Bei89	KNYESV	3	2.4258	-9.6686	0.094950930762
Bei89	QEFDFA	5	2.2048	-12.9507	0.588672255173
Bei89	QEFDFV	4	2.0429	-15.25	0.22144332433
Bei89	QEFDNA	4	1.9672	-11.9141	2.3598862121
Bei89	QEFDNV	3	1.6123	-14.2134	0.892237361611
Bei89	QEFDSA	5	2.2595	-8.9294	2.94607757675
Bei89	QEFDSV	4	1.8623	-11.2287	1.5157590986
Bei89	QEFEFA	4	1.9271	-15.6055	1.34782211134
Bei89	QEFEFV	3	1.8486	-17.9048	0.493624315796
Bei89	QEFENA	3	1.7646	-14.5689	2.98191434074
Bei89	QEFENV	2	1.3651	-16.8682	1.6634456672
Bei89	QEFESA	4	2.053	-11.5842	4.19259635212
Bei89	QEFESV	3	1.6155	-13.8835	4.13108395181
Bei89	QESDFA	5	2.1525	-14.2409	3.04202020312
Bei89	QESDFV	4	1.9987	-16.5402	0.502583679135
Bei89	QESDNA	4	2.0899	-13.2043	4.01962194997
Bei89	QESDNV	3	1.7517	-15.5036	2.64592746005
Bei89	QESDSA	5	2.3919	-10.2196	7.73190490149
Bei89	QESDSV	4	2.0458	-12.5189	4.56550173251
Bei89	QESEFA	4	1.9551	-16.8957	2.0095072022
Bei89	QESEFV	3	1.8923	-19.195	0.840936571067
Bei89	QESENA	3	1.9906	-15.8591	4.54501767008
Bei89	QESENV	2	1.6162	-18.1584	2.91452642042
Bei89	QESESA	4	2.2427	-12.8744	5.9621260243
Bei89	QESESV	3	1.8748	-15.1737	6.69209541393
Bei89	QEYDFA	4	1.9835	-12.2753	0.48868862608
Bei89	QEYDFV	3	1.7041	-14.5747	0.178018450031
Bei89	QEYDNA	3	1.8078	-11.2387	1.9206146783
Bei89	QEYDNV	2	1.2975	-13.5381	0.889328518764
Bei89	QEYDSA	4	2.1185	-8.254	2.13152846849
Bei89	QEYDSV	3	1.6366	-10.5534	0.707528988915
Bei89	QEYEFA	3	1.6924	-14.9301	1.1206967289
Bei89	QEYEFV	2	1.4818	-17.2295	0.337641375848
Bei89	QEYENA	2	1.569	-13.8935	2.11731203796
Bei89	QEYENV	1	1.0011	-16.1929	1.56356436056
Bei89	QEYESA	3	1.9001	-10.9088	3.59489511525
Bei89	QEYESV	2	1.39	-13.2082	2.94011214121
Bei89	QGFDFA	6	3.4331	-12.1448	0.150547939377
Bei89	QGFDFV	5	3.0292	-14.4442	0.0391368052044
Bei89	QGFDNA	5	3.2258	-11.1082	0.352610611454
Bei89	QGFDNV	4	2.8003	-13.4076	0.166256934438
Bei89	QGFDSA	6	3.5798	-8.1235	0.352993274898
Bei89	QGFDSV	5	3.1893	-10.4229	0.193270220046
Bei89	QGFEFA	5	3.0682	-14.7996	0.193610376381
Bei89	QGFEFV	4	2.7058	-17.099	0.0819022834434
Bei89	QGFENA	4	2.9021	-13.763	0.415722014305
Bei89	QGFENV	3	2.4711	-16.0624	0.256976359456
Bei89	QGFESA	5	3.2927	-10.7784	0.482675863619
Bei89	QGFESV	4	2.8953	-13.0777	0.495573998253
Bei89	QGSDFA	6	3.1929	-13.435	0.458232038105
Bei89	QGSDFV	5	2.8387	-15.7344	0.133517772546
Bei89	QGSDNA	5	3.1175	-12.3984	0.714666002884
Bei89	QGSDNV	4	2.7381	-14.6978	0.311410045485
Bei89	QGSDSA	6	3.4606	-9.4137	0.674404162972
Bei89	QGSDSV	5	3.1108	-11.7131	0.53857527599
Bei89	QGSEFA	5	2.859	-16.0898	0.321250334607
Bei89	QGSEFV	4	2.5595	-18.3892	0.273742272608
Bei89	QGSENA	4	2.8389	-15.0532	0.716414684348
Bei89	QGSENV	3	2.4539	-17.3526	0.54303590323
Bei89	QGSESA	5	3.1952	-12.0685	0.880081181581
Bei89	QGSESV	4	2.8499	-14.3679	0.9080215489
Bei89	QGYDFA	5	3.2425	-11.4695	0.146701174981
Bei89	QGYDFV	4	2.7992	-13.7688	0.0493722739089
Bei89	QGYDNA	4	3.1131	-10.4329	0.270904686611
Bei89	QGYDNV	3	2.6316	-12.7322	0.106069800095
Bei89	QGYDSA	5	3.4539	-7.4482	0.170655984043
Bei89	QGYDSV	4	3.014	-9.7475	0.118483037668
Bei89	QGYEFA	4	2.88	-14.1243	0.104604333868
Bei89	QGYEFV	3	2.4656	-16.4236	0.0548236029294
Bei89	QGYENA	3	2.792	-13.0877	0.253689942089
Bei89	QGYENV	2	2.2861	-15.387	0.214029718876
Bei89	QGYESA	4	3.1594	-10.103	0.297851134758
Bei89	QGYESV	3	2.7267	-12.4024	0.358765240989
Bei89	QKFDFA	6	3.3227	-11.3675	0.0269461459131
Bei89	QKFDFV	5	2.9895	-13.6669	0.0179884582231
Bei89	QKFDNA	5	3.1359	-10.3309	0.0317722029324
Bei89	QKFDNV	4	2.7758	-12.6303	0.0234233332177
Bei89	QKFDSA	6	3.4619	-7.3462	0.033563675511
Bei89	QKFDSV	5	3.0968	-9.6456	0.0186235229297
Bei89	QKFEFA	5	2.9808	-14.0223	0.0229728063497
Bei89	QKFEFV	4	2.7082	-16.3217	0.0159425749379
Bei89	QKFENA	4	2.8516	-12.9857	0.0428448411884
Bei89	QKFENV	3	2.4962	-15.2851	0.0439539835792
Bei89	QKFESA	5	3.1987	-10.001	0.0680297040953
Bei89	QKFESV	4	2.8309	-12.3004	0.0865469954508
Bei89	QKSDFA	6	3.0852	-12.6577	0.0395333090467
Bei89	QKSDFV	5	2.8461	-14.9571	0.0381793001892
Bei89	QKSDNA	5	3.0182	-11.6211	0.115558339001
Bei89	QKSDNV	4	2.7116	-13.9205	0.0880016965891
Bei89	QKSDSA	6	3.3376	-8.6364	0.0950777200534
Bei89	QKSDSV	5	3.0224	-10.9358	0.0796926997059
Bei89	QKSEFA	5	2.8029	-15.3125	0.0448602266893
Bei89	QKSEFV	4	2.6498	-17.6119	0.0569656573203
Bei89	QKSENA	4	2.8069	-14.2759	0.0758866039113
Bei89	QKSENV	3	2.4868	-16.5753	0.0884782974186
Bei89	QKSESA	5	3.1105	-11.2912	0.0959218290515
Bei89	QKSESV	4	2.7873	-13.5906	0.0925937125518
Bei89	QKYDFA	5	3.2682	-10.6922	0.016838765173
Bei89	QKYDFV	4	2.8622	-12.9915	0.00423092562984
Bei89	QKYDNA	4	3.1313	-9.6556	0.0301854796562
Bei89	QKYDNV	3	2.7044	-11.9549	0.00718981637575
Bei89	QKYDSA	5	3.4608	-6.6709	0.0399034808855
Bei89	QKYDSV	4	3.0596	-8.9702	0.0422415003271
Bei89	QKYEFA	4	2.9217	-13.347	0.0379544285976
Bei89	QKYEFV	3	2.5627	-15.6463	0.0194053994607
Bei89	QKYENA	3	2.8341	-12.3104	0.0632255501659
Bei89	QKYENV	2	2.4058	-14.6097	0.0575175495849
Bei89	QKYESA	4	3.1989	-9.3257	0.0708591149358
Bei89	QKYESV	3	2.8033	-11.625	0.0632800080042
Bei89	QNFDFA	6	2.9156	-11.0818	0.183263988785
Bei89	QNFDFV	5	2.6956	-13.3811	0.0515415935831
Bei89	QNFDNA	5	2.7879	-10.0452	0.477390435749
Bei89	QNFDNV	4	2.4854	-12.3445	0.213137526171
Bei89	QNFDSA	6	2.9626	-7.0605	0.50264424412
Bei89	QNFDSV	5	2.6323	-9.3598	0.314833409586
Bei89	QNFEFA	5	2.5986	-13.7366	0.249388965104
Bei89	QNFEFV	4	2.443	-16.0359	0.180118625104
Bei89	QNFENA	4	2.5301	-12.7	0.403942890824
Bei89	QNFENV	3	2.2136	-14.9993	0.345804685756
Bei89	QNFESA	5	2.6981	-9.7153	0.61927237422
Bei89	QNFESV	4	2.3505	-12.0147	0.592698036059
Bei89	QNSDFA	6	2.7981	-12.372	0.455399640113
Bei89	QNSDFV	5	2.6571	-14.6713	0.25838814949
Bei89	QNSDNA	5	2.8149	-11.3354	0.781768955756
Bei89	QNSDNV	4	2.5289	-13.6347	0.426048220713
Bei89	QNSDSA	6	2.983	-8.3507	1.03023655883
Bei89	QNSDSV	5	2.7	-10.65	0.847477742514
Bei89	QNSEFA	5	2.5641	-15.0268	0.396965349365
Bei89	QNSEFV	4	2.5053	-17.3261	0.255106197083
Bei89	QNSENA	4	2.646	-13.9902	0.7837427408
Bei89	QNSENV	3	2.3402	-16.2895	0.624288248957
Bei89	QNSESA	5	2.7608	-11.0055	1.1059406066
Bei89	QNSESV	4	2.4613	-13.3048	1.13338490482
Bei89	QNYDFA	5	2.7504	-10.4064	0.136613130363
Bei89	QNYDFV	4	2.4647	-12.7058	0.0520150436397
Bei89	QNYDNA	4	2.7004	-9.3698	0.297231770337
Bei89	QNYDNV	3	2.316	-11.6692	0.125225837069
Bei89	QNYDSA	5	2.8715	-6.3851	0.292479402891
Bei89	QNYDSV	4	2.4761	-8.6845	0.191070267682
Bei89	QNYEFA	4	2.4274	-13.0612	0.185510963728
Bei89	QNYEFV	3	2.2012	-15.3606	0.135183156495
Bei89	QNYENA	3	2.4425	-12.0246	0.361395831071
Bei89	QNYENV	2	2.0271	-14.324	0.217795153835
Bei89	QNYESA	4	2.5996	-9.0399	0.496078710359
Bei89	QNYESV	3	2.1801	-11.3393	0.508750836506
Mos99	EEFDFA	5	3.3098	-14.0963	0.218768053275
Mos99	EEFDFV	5	4.3506	-19.1584	0.0218753015256
Mos99	EEFDNA	5	3.0856	-14.8841	1.01136729684
Mos99	EEFDNV	5	4.0394	-19.9462	0.689552604244
Mos99	EEFDSA	4	2.7601	-10.6426	1.28636481062
Mos99	EEFDSV	4	3.57	-15.7048	0.978049414549
Mos99	EEFEFA	6	3.6171	-17.5711	0.0166132654029
Mos99	EEFEFV	6	4.6658	-22.6333	0.00644298906384
Mos99	EEFENA	6	3.4781	-18.359	0.023796080086
Mos99	EEFENV	6	4.4208	-23.4211	0.0995075239918
Mos99	EEFESA	5	3.0537	-14.1175	0.093600995004
Mos99	EEFESV	5	3.8504	-19.1797	0.0244666710021
Mos99	EESDFA	5	3.6155	-18.1672	0.126316306946
Mos99	EESDFV	5	4.6726	-23.2293	0.0141685557307
Mos99	EESDNA	5	3.4164	-18.955	0.408003302997
Mos99	EESDNV	5	4.3476	-24.0171	0.515157479019
Mos99	EESDSA	4	3.1091	-14.7135	0.906758982331
Mos99	EESDSV	4	3.8912	-19.7757	1.17754949228
Mos99	EESEFA	6	3.9389	-21.642	0.0222476273663
Mos99	EESEFV	6	5.0025	-26.7042	0.0745805187545
Mos99	EESENA	6	3.8395	-22.4299	0.0103083046639
Mos99	EESENV	6	4.7384	-27.492	0.043252497839
Mos99	EESESA	5	3.4408	-18.1884	0.0208537899303
Mos99	EESESV	5	4.1915	-23.2506	0.0320835875689
Mos99	EEYDFA	4	2.9994	-12.9978	0.328926500438
Mos99	EEYDFV	4	3.9734	-18.06	0.0552859965904
Mos99	EEYDNA	4	2.8052	-13.7857	1.51286679729
Mos99	EEYDNV	4	3.6684	-18.8478	1.38014401026
Mos99	EEYDSA	3	2.5288	-9.5442	1.5122971304
Mos99	EEYDSV	3	3.2352	-14.6064	1.2429517948
Mos99	EEYEFA	5	3.3022	-16.4727	0.0206527454445
Mos99	EEYEFV	5	4.3054	-21.5349	0.00784028842997
Mos99	EEYENA	5	3.205	-17.2605	0.151366822591
Mos99	EEYENV	5	4.0768	-22.3227	0.118911556136
Mos99	EEYESA	4	2.8231	-13.0191	0.0331074789092
Mos99	EEYESV	4	3.5469	-18.0812	0.0629341190449
Mos99	EGFDFA	5	2.4281	-15.9884	0.238176090427
Mos99	EGFDFV	5	3.2067	-21.0506	0.057504362331
Mos99	EGFDNA	5	2.0697	-16.7763	1.29737916198
Mos99	EGFDNV	5	2.8092	-21.8384	1.00457104106
Mos99	EGFDSA	4	1.9493	-12.5348	1.04102485933
Mos99	EGFDSV	4	2.3931	-17.5969	1.09496624497
Mos99	EGFEFA	6	2.606	-19.4633	0.0107293095031
Mos99	EGFEFV	6	3.4931	-24.5254	0.0163560749728
Mos99	EGFENA	6	2.3611	-20.2511	0.0914798807866
Mos99	EGFENV	6	3.1878	-25.3133	0.157994645241
Mos99	EGFESA	5	2.0838	-16.0097	0.0204657748431
Mos99	EGFESV	5	2.6331	-21.0718	0.0590785331991
Mos99	EGSDFA	5	2.4454	-20.0593	0.240128202069
Mos99	EGSDFV	5	3.3714	-25.1215	0.0887805550894
Mos99	EGSDNA	5	2.2888	-20.8471	2.40198488522
Mos99	EGSDNV	5	3.0789	-25.9093	2.9075494208
Mos99	EGSDSA	4	2.1139	-16.6057	3.6608716507
Mos99	EGSDSV	4	2.6879	-21.6678	2.59684928139
Mos99	EGSEFA	6	2.7467	-23.5342	0.0295200351406
Mos99	EGSEFV	6	3.7183	-28.5963	0.0153190131962
Mos99	EGSENA	6	2.7089	-24.322	0.0848804609821
Mos99	EGSENV	6	3.5098	-29.3842	0.118709563601
Mos99	EGSESA	5	2.4066	-20.0806	0.0275589040502
Mos99	EGSESV	5	2.9752	-25.1427	0.124248016791
Mos99	EGYDFA	4	2.1954	-14.89	0.433890905904
Mos99	EGYDFV	4	2.9349	-19.9521	0.0649701489662
Mos99	EGYDNA	4	1.9236	-15.6778	1.13663586007
Mos99	EGYDNV	4	2.594	-20.74	0.995384866709
Mos99	EGYDSA	3	1.8228	-11.4364	1.14731554855
Mos99	EGYDSV	3	2.1906	-16.4985	0.938916973344
Mos99	EGYEFA	5	2.3741	-18.3649	0.0221346344091
Mos99	EGYEFV	5	3.2542	-23.427	0.0182207339933
Mos99	EGYENA	5	2.2289	-19.1527	0.152237343661
Mos99	EGYENV	5	2.9864	-24.2149	0.130747952753
Mos99	EGYESA	4	1.9616	-14.9112	0.032294488715
Mos99	EGYESV	4	2.4586	-19.9734	0.0617499471665
Mos99	EKFDFA	4	1.9881	-11.1587	0.0349946016121
Mos99	EKFDFV	4	2.9093	-16.2208	0.0026916856524
Mos99	EKFDNA	4	1.6049	-11.9465	0.0961102536544
Mos99	EKFDNV	4	2.4685	-17.0087	0.0916575663297
Mos99	EKFDSA	3	1.4515	-7.705	0.128910681809
Mos99	EKFDSV	3	2.0077	-12.7672	0.0963226276562
Mos99	EKFEFA	5	2.1694	-14.6336	0.0215247308264
Mos99	EKFEFV	5	3.1826	-19.6957	0.000969121999975
Mos99	EKFENA	5	1.9305	-15.4214	0.0312256184666
Mos99	EKFENV	5	2.8416	-20.4835	0.066779838803
Mos99	EKFESA	4	1.5674	-11.1799	0.0235604980021
Mos99	EKFESV	4	2.2401	-16.2421	0.032585068277
Mos99	EKSDFA	4	2.4707	-15.2296	0.072269317142
Mos99	EKSDFV	4	3.5915	-20.2917	0.0212221764686
Mos99	EKSDNA	4	2.1824	-16.0174	0.629036369195
Mos99	EKSDNV	4	3.1699	-21.0796	0.451019453361
Mos99	EKSDSA	3	1.8856	-11.7759	0.410721097703
Mos99	EKSDSV	3	2.6767	-16.8381	0.431751239455
Mos99	EKSEFA	5	2.7702	-18.7044	0.0213166543861
Mos99	EKSEFV	5	3.9064	-23.7666	0.0
Mos99	EKSENA	5	2.6322	-19.4923	0.0224163344697
Mos99	EKSENV	5	3.5885	-24.5544	0.071330504344
Mos99	EKSESA	4	2.2073	-15.2508	0.0504197810289
Mos99	EKSESV	4	2.9682	-20.313	0.080919292627
Mos99	EKYDFA	3	1.6605	-10.0602	0.0479461953554
Mos99	EKYDFV	3	2.3959	-15.1224	0.00367103737189
Mos99	EKYDNA	3	1.2864	-10.8481	0.129495050664
Mos99	EKYDNV	3	1.9254	-15.9102	0.102085756661
Mos99	EKYDSA	2	1.3221	-6.6066	0.103191713305
Mos99	EKYDSV	2	1.5294	-11.6688	0.0783453120089
Mos99	EKYEFA	4	1.7415	-13.5351	0.00303352389341
Mos99	EKYEFV	4	2.6647	-18.5973	0.0284212823807
Mos99	EKYENA	4	1.5098	-14.323	0.184311866866
Mos99	EKYENV	4	2.3058	-19.3851	0.034417440869
Mos99	EKYESA	3	1.3433	-10.0815	0.094101413349
Mos99	EKYESV	3	1.7654	-15.1436	0.0484297573374
Mos99	ENFDFA	5	2.472	-12.7462	0.650050704234
Mos99	ENFDFV	5	3.4322	-17.8083	0.0993587436737
Mos99	ENFDNA	5	2.3502	-13.534	2.30665513985
Mos99	ENFDNV	5	3.19	-18.5961	2.08962033984
Mos99	ENFDSA	4	1.9308	-9.2925	2.33151364151
Mos99	ENFDSV	4	2.6388	-14.3547	2.01396905555
Mos99	ENFEFA	6	2.7564	-16.221	0.107978798659
Mos99	ENFEFV	6	3.7617	-21.2832	0.00823842312154
Mos99	ENFENA	6	2.7565	-17.0089	0.058648855863
Mos99	ENFENV	6	3.5991	-22.071	0.0916923152536
Mos99	ENFESA	5	2.2328	-12.7674	0.0952462786602
Mos99	ENFESV	5	2.9248	-17.8296	0.0493837643234
Mos99	ENSDFA	5	2.8834	-16.8171	0.400783550158
Mos99	ENSDFV	5	3.9597	-21.8792	0.105661104304
Mos99	ENSDNA	5	2.7927	-17.6049	2.31915671126
Mos99	ENSDNV	5	3.7052	-22.667	3.28487881656
Mos99	ENSDSA	4	2.4041	-13.3634	2.00508747223
Mos99	ENSDSV	4	3.1769	-18.4256	3.05575997498
Mos99	ENSEFA	6	3.2452	-20.2919	0.0247971365254
Mos99	ENSEFV	6	4.33	-25.3541	0.0262127303944
Mos99	ENSENA	6	3.2696	-21.0798	0.0258070493986
Mos99	ENSENV	6	4.1517	-26.1419	0.0801447362631
Mos99	ENSESA	5	2.7855	-16.8383	0.0757155913989
Mos99	ENSESV	5	3.5165	-21.9005	0.043033920482
Mos99	ENYDFA	4	2.0437	-11.6477	0.665863902446
Mos99	ENYDFV	4	2.9768	-16.7099	0.111665414611
Mos99	ENYDNA	4	1.9804	-12.4356	2.49641270934
Mos99	ENYDNV	4	2.7618	-17.4977	2.1210722146
Mos99	ENYDSA	3	1.5896	-8.1941	2.51237506018
Mos99	ENYDSV	3	2.205	-13.2563	2.43749967248
Mos99	ENYEFA	5	2.3265	-15.1226	0.026801109341
Mos99	ENYEFV	5	3.3081	-20.1848	0.00830481824779
Mos99	ENYENA	5	2.385	-15.9105	0.126449153045
Mos99	ENYENV	5	3.1851	-20.9726	0.301301226342
Mos99	ENYESA	4	1.8845	-11.669	0.0804996069247
Mos99	ENYESV	4	2.5217	-16.7311	0.0406144873938
Mos99	HEFDFA	5	2.4976	-8.7883	0.224405126945
Mos99	HEFDFV	5	3.145	-13.8504	0.0937984196251
Mos99	HEFDNA	5	2.147	-9.5761	4.03238380446
Mos99	HEFDNV	5	2.7734	-14.6382	3.33535466498
Mos99	HEFDSA	4	2.0927	-5.3346	0.569224210832
Mos99	HEFDSV	4	2.4337	-10.3968	3.58131051541
Mos99	HEFEFA	6	2.6639	-12.2631	0.00478868983105
Mos99	HEFEFV	6	3.428	-17.3253	0.0157460276261
Mos99	HEFENA	6	2.423	-13.051	0.052184269147
Mos99	HEFENV	6	3.122	-18.1131	0.124993967003
Mos99	HEFESA	5	2.2318	-8.8095	0.0251711259713
Mos99	HEFESV	5	2.6643	-13.8717	0.0513768111777
Mos99	HESDFA	5	2.6678	-12.8592	0.278869670711
Mos99	HESDFV	5	3.5764	-17.9213	0.195361047194
Mos99	HESDNA	5	2.4273	-13.647	1.49507632782
Mos99	HESDNV	5	3.1935	-18.7091	5.62181960175
Mos99	HESDSA	4	2.2566	-9.4055	2.61300571878
Mos99	HESDSV	4	2.836	-14.4677	6.98829863699
Mos99	HESEFA	6	2.9699	-16.334	0.0373095594571
Mos99	HESEFV	6	3.901	-21.3962	0.0660977710579
Mos99	HESENA	6	2.8564	-17.1219	0.0392535101904
Mos99	HESENV	6	3.5947	-22.184	0.115086691672
Mos99	HESESA	5	2.5727	-12.8804	0.0489822795138
Mos99	HESESV	5	3.124	-17.9426	0.0546860701216
Mos99	HEYDFA	4	2.2549	-7.6898	0.215877003023
Mos99	HEYDFV	4	2.7918	-12.752	0.260953970018
Mos99	HEYDNA	4	1.9718	-8.4777	5.26542554742
Mos99	HEYDNV	4	2.4348	-13.5398	6.0016538984
Mos99	HEYDSA	3	1.967	-4.2362	0.858952074296
Mos99	HEYDSV	3	2.1509	-9.2984	4.31745919892
Mos99	HEYEFA	5	2.4009	-11.1647	0.0233429845681
Mos99	HEYEFV	5	3.0777	-16.2269	0.0110784701626
Mos99	HEYENA	5	2.2439	-11.9525	0.155975576084
Mos99	HEYENV	5	2.7966	-17.0147	0.242399111788
Mos99	HEYESA	4	2.1159	-7.7111	0.0212578675721
Mos99	HEYESV	4	2.3992	-12.7732	0.105795308303
Mos99	HGFDFA	5	2.4029	-10.6804	0.0633278828323
Mos99	HGFDFV	5	2.5888	-15.7426	0.0989258688906
Mos99	HGFDNA	5	2.0542	-11.4683	2.35957929268
Mos99	HGFDNV	5	2.1565	-16.5304	1.27212550416
Mos99	HGFDSA	4	2.2602	-7.2268	0.251760334723
Mos99	HGFDSV	4	2.0677	-12.2889	1.12857045155
Mos99	HGFEFA	6	2.3519	-14.1553	0.00333040778029
Mos99	HGFEFV	6	2.7208	-19.2174	0.0102886969845
Mos99	HGFENA	6	2.0433	-14.9431	0.0386915021534
Mos99	HGFENV	6	2.3561	-20.0053	0.207043245408
Mos99	HGFESA	5	2.152	-10.7017	0.0145908703269
Mos99	HGFESV	5	2.0938	-15.7638	0.0638470844001
Mos99	HGSDFA	5	2.0795	-14.7513	0.396480674418
Mos99	HGSDFV	5	2.6867	-19.8135	0.11909441545
Mos99	HGSDNA	5	1.8667	-15.5391	3.23089653143
Mos99	HGSDNV	5	2.3449	-20.6013	3.49756242783
Mos99	HGSDSA	4	1.9517	-11.2977	3.31335589898
Mos99	HGSDSV	4	2.1382	-16.3598	2.50833364378
Mos99	HGSEFA	6	2.2362	-18.2262	0.04954317816
Mos99	HGSEFV	6	2.9565	-23.2883	0.01367281757
Mos99	HGSENA	6	2.1298	-19.014	0.162188695086
Mos99	HGSENV	6	2.6877	-24.0762	0.206079841039
Mos99	HGSESA	5	2.0395	-14.7726	0.0689234856406
Mos99	HGSESV	5	2.3289	-19.8347	0.0384237852965
Mos99	HGYDFA	4	2.1859	-9.582	0.0977555931011
Mos99	HGYDFV	4	2.3136	-14.6441	0.127470834639
Mos99	HGYDNA	4	1.9197	-10.3698	3.43694976196
Mos99	HGYDNV	4	1.9518	-15.432	1.6431710043
Mos99	HGYDSA	3	2.1373	-6.1284	0.411676615634
Mos99	HGYDSV	3	1.8754	-11.1905	1.14677469703
Mos99	HGYEFA	5	2.1343	-13.0569	0.0151282948393
Mos99	HGYEFV	5	2.4629	-18.119	0.0106429265333
Mos99	HGYENA	5	1.9343	-13.8447	0.12576266987
Mos99	HGYENV	5	2.1745	-18.9069	0.553482845747
Mos99	HGYESA	4	2.0434	-9.6032	0.019438749449
Mos99	HGYESV	4	1.9279	-14.6654	0.232292454089
Mos99	HKFDFA	4	2.2016	-5.8507	0.00797960762633
Mos99	HKFDFV	4	2.317	-10.9128	0.0140184828229
Mos99	HKFDNA	4	1.8306	-6.6385	0.192010742216
Mos99	HKFDNV	4	1.8344	-11.7007	0.130968523279
Mos99	HKFDSA	3	2.1266	-2.397	0.0528646140834
Mos99	HKFDSV	3	1.7803	-7.4592	0.105763116081
Mos99	HKFEFA	5	2.0434	-9.3256	0.00786998330083
Mos99	HKFEFV	5	2.3839	-14.3877	0.00980833967825
Mos99	HKFENA	5	1.7269	-10.1134	0.0119582011423
Mos99	HKFENV	5	1.9736	-15.1755	0.0401844553946
Mos99	HKFESA	4	1.9338	-5.8719	0.00395490411443
Mos99	HKFESV	4	1.7451	-10.9341	0.0320724376187
Mos99	HKSDFA	4	1.9132	-9.9216	0.0832028145424
Mos99	HKSDFV	4	2.7498	-14.9837	0.0304034130681
Mos99	HKSDNA	4	1.5493	-10.7094	0.461934577136
Mos99	HKSDNV	4	2.2522	-15.7716	0.280236391783
Mos99	HKSDSA	3	1.5655	-6.4679	0.199123869118
Mos99	HKSDSV	3	1.9433	-11.5301	0.314221710127
Mos99	HKSEFA	5	2.0659	-13.3965	0.00770676185224
Mos99	HKSEFV	5	2.9845	-18.4586	0.0111227037191
Mos99	HKSENA	5	1.898	-14.1843	0.0191698724709
Mos99	HKSENV	5	2.6102	-19.2464	0.269713942251
Mos99	HKSESA	4	1.6993	-9.9428	0.0363201175021
Mos99	HKSESV	4	2.1452	-15.005	0.0924059246577
Mos99	HKYDFA	3	2.1426	-4.7522	0.0137381272054
Mos99	HKYDFV	3	2.0315	-9.8144	0.010776609995
Mos99	HKYDNA	3	1.8762	-5.5401	0.152406333839
Mos99	HKYDNV	3	1.5821	-10.6022	0.0855264347448
Mos99	HKYDSA	2	2.2733	-1.2986	0.0914893177021
Mos99	HKYDSV	2	1.7117	-6.3608	0.143381850505
Mos99	HKYEFA	4	1.9228	-8.2271	0.00443732187185
Mos99	HKYEFV	4	2.0088	-13.2893	0.00304878051353
Mos99	HKYENA	4	1.6681	-9.015	0.0491052057267
Mos99	HKYENV	4	1.6033	-14.0771	0.0823583006734
Mos99	HKYESA	3	2.0318	-4.7735	0.00544100181905
Mos99	HKYESV	3	1.6048	-9.8356	0.118915724471
Mos99	HNFDFA	5	2.1266	-7.4382	0.146619806938
Mos99	HNFDFV	5	2.5931	-12.5003	0.149010324581
Mos99	HNFDNA	5	1.9399	-8.226	4.10834094228
Mos99	HNFDNV	5	2.3335	-13.2881	3.04755662874
Mos99	HNFDSA	4	1.8176	-3.9845	0.439463221193
Mos99	HNFDSV	4	1.9366	-9.0467	1.97030600905
Mos99	HNFEFA	6	2.2016	-10.913	0.0149166653363
Mos99	HNFEFV	6	2.8397	-15.9752	0.0248988111808
Mos99	HNFENA	6	2.1425	-11.7009	0.0298032240642
Mos99	HNFENV	6	2.6589	-16.763	0.150457390918
Mos99	HNFESA	5	1.8778	-7.4594	0.022563606542
Mos99	HNFESV	5	2.1172	-12.5216	0.1785285335
Mos99	HNSDFA	5	2.2901	-11.5091	0.491869049271
Mos99	HNSDFV	5	3.196	-16.5712	0.313710262783
Mos99	HNSDNA	5	2.2	-12.2969	3.20660973056
Mos99	HNSDNV	5	2.9146	-17.359	4.43380892027
Mos99	HNSDSA	4	1.9085	-8.0554	4.81286649055
Mos99	HNSDSV	4	2.4653	-13.1176	4.36982974795
Mos99	HNSEFA	6	2.6103	-14.9839	0.0371921845037
Mos99	HNSEFV	6	3.5485	-20.0461	0.0369328608324
Mos99	HNSENA	6	2.6435	-15.7718	0.0507712140045
Mos99	HNSENV	6	3.3533	-20.8339	0.160773131861
Mos99	HNSESA	5	2.2471	-11.5303	0.0456490132135
Mos99	HNSESV	5	2.7746	-16.5925	0.0452220859303
Mos99	HNYDFA	4	1.8437	-6.3397	0.163211418156
Mos99	HNYDFV	4	2.2006	-11.4019	0.370631972635
Mos99	HNYDNA	4	1.747	-7.1276	5.03518098061
Mos99	HNYDNV	4	1.9643	-12.1897	3.44655126653
Mos99	HNYDSA	3	1.6748	-2.8861	0.802906161199
Mos99	HNYDSV	3	1.6145	-7.9483	2.83215907877
Mos99	HNYEFA	5	1.8967	-9.8146	0.00877688160082
Mos99	HNYEFV	5	2.4413	-14.8768	0.05990012447
Mos99	HNYENA	5	1.902	-10.6025	0.0478416381555
Mos99	HNYENV	5	2.3007	-15.6646	0.479800540741
Mos99	HNYESA	4	1.709	-6.361	0.0213225394627
Mos99	HNYESV	4	1.7914	-11.4231	0.195617523986
Mos99	KEFDFA	5	2.2075	-11.5753	0.774046369098
Mos99	KEFDFV	5	3.0958	-16.6375	0.0764278688376
Mos99	KEFDNA	5	1.9326	-12.3632	3.59674645977
Mos99	KEFDNV	5	2.7707	-17.4253	1.31384049029
Mos99	KEFDSA	4	1.6836	-8.1217	2.28057216722
Mos99	KEFDSV	4	2.2768	-13.1838	1.02575224521
Mos99	KEFEFA	6	2.4642	-15.0502	0.0503580955953
Mos99	KEFEFV	6	3.4136	-20.1124	0.0171422254413
Mos99	KEFENA	6	2.2956	-15.838	0.104167256418
Mos99	KEFENV	6	3.1578	-20.9002	0.285420150081
Mos99	KEFESA	5	1.9089	-11.5966	0.0789230963525
Mos99	KEFESV	5	2.5547	-16.6587	0.0815144255841
Mos99	KESDFA	5	2.5006	-15.6462	2.66353856804
Mos99	KESDFV	5	3.5184	-20.7084	0.379265425702
Mos99	KESDNA	5	2.3183	-16.4341	10.7701770328
Mos99	KESDNV	5	3.1938	-21.4962	6.19243720176
Mos99	KESDSA	4	2.0382	-12.1926	8.04951920848
Mos99	KESDSV	4	2.7329	-17.2547	6.48692869491
Mos99	KESEFA	6	2.8447	-19.1211	0.0638137104296
Mos99	KESEFV	6	3.87	-24.1832	0.042396443765
Mos99	KESENA	6	2.7862	-19.9089	0.216290294344
Mos99	KESENV	6	3.6198	-24.9711	0.367516381123
Mos99	KESESA	5	2.3954	-15.6675	0.103797448245
Mos99	KESESV	5	3.0343	-20.7296	0.224060424636
Mos99	KEYDFA	4	1.8945	-10.4769	0.958731011245
Mos99	KEYDFV	4	2.7183	-15.539	0.104295752511
Mos99	KEYDNA	4	1.7028	-11.2647	3.13901445947
Mos99	KEYDNV	4	2.4179	-16.3269	1.79298920279
Mos99	KEYDSA	3	1.4962	-7.0233	2.76347250197
Mos99	KEYDSV	3	1.9472	-12.0854	1.39557021094
Mos99	KEYEFA	5	2.1612	-13.9518	0.137655769122
Mos99	KEYEFV	5	3.0652	-19.0139	0.0467287900124
Mos99	KEYENA	5	2.1032	-14.7396	0.572691636
Mos99	KEYENV	5	2.8491	-19.8018	0.853705390946
Mos99	KEYESA	4	1.7642	-10.4981	0.0874242205979
Mos99	KEYESV	4	2.2803	-15.5603	0.248071519557
Mos99	KGFDFA	5	2.0206	-13.4675	0.0611572584083
Mos99	KGFDFV	5	2.3943	-18.5296	0.0185071846901
Mos99	KGFDNA	5	1.693	-14.2553	0.264159738077
Mos99	KGFDNV	5	1.9981	-19.3175	0.131307834142
Mos99	KGFDSA	4	1.8259	-10.0139	0.153119899115
Mos99	KGFDSV	4	1.724	-15.076	0.120625731874
Mos99	KGFEFA	6	1.9951	-16.9424	0.100207389723
Mos99	KGFEFV	6	2.5602	-22.0045	0.0176159492708
Mos99	KGFENA	6	1.7428	-17.7302	0.0477613718657
Mos99	KGFENV	6	2.2351	-22.7923	0.263199955611
Mos99	KGFESA	5	1.7317	-13.4887	0.0248612948398
Mos99	KGFESV	5	1.7778	-18.5509	0.058061811631
Mos99	KGSDFA	5	1.8088	-17.5384	0.383339557123
Mos99	KGSDFV	5	2.5471	-22.6005	0.0902801716912
Mos99	KGSDNA	5	1.6831	-18.3262	0.873304531989
Mos99	KGSDNV	5	2.2682	-23.3884	0.614386431217
Mos99	KGSDSA	4	1.6929	-14.0847	0.724319656835
Mos99	KGSDSV	4	1.9566	-19.1469	0.832216489991
Mos99	KGSEFA	6	1.9856	-21.0133	0.0301019635997
Mos99	KGSEFV	6	2.8462	-26.0754	0.0231723362068
Mos99	KGSENA	6	1.9828	-21.8011	0.135858812468
Mos99	KGSENV	6	2.6422	-26.8632	0.17818138502
Mos99	KGSESA	5	1.7976	-17.5596	0.0538356049628
Mos99	KGSESV	5	2.1539	-22.6218	0.182656758448
Mos99	KGYDFA	4	1.8081	-12.3691	0.0756228588496
Mos99	KGYDFV	4	2.1085	-17.4312	0.0260467217151
Mos99	KGYDNA	4	1.5773	-13.1569	0.212832900162
Mos99	KGYDNV	4	1.7761	-18.219	0.1470402463
Mos99	KGYDSA	3	1.7357	-8.9154	0.162525619826
Mos99	KGYDSV	3	1.5306	-13.9776	0.136002571446
Mos99	KGYEFA	5	1.7635	-15.8439	0.0125896089638
Mos99	KGYEFV	5	2.2964	-20.9061	0.0305419121843
Mos99	KGYENA	5	1.6091	-16.6318	0.0590134360564
Mos99	KGYENV	5	2.0459	-21.6939	0.114826573726
Mos99	KGYESA	4	1.6414	-12.3903	0.0527104651997
Mos99	KGYESV	4	1.5964	-17.4525	0.090429920071
Mos99	KKFDFA	4	1.96	-8.6377	0.00206114506702
Mos99	KKFDFV	4	2.2741	-13.6999	0.00278364863134
Mos99	KKFDNA	4	1.6375	-9.4256	0.0115181678386
Mos99	KKFDNV	4	1.8456	-14.4877	0.0034755906822
Mos99	KKFDSA	3	1.8597	-5.1841	0.00892536295339
Mos99	KKFDSV	3	1.6605	-10.2463	0.00975692353628
Mos99	KKFEFA	5	1.8251	-12.1126	0.0
Mos99	KKFEFV	5	2.3812	-17.1748	0.0150467872784
Mos99	KKFENA	5	1.5754	-12.9005	0.00121197526711
Mos99	KKFENV	5	2.0328	-17.9626	0.00215079601318
Mos99	KKFESA	4	1.6735	-8.659	0.00121484724641
Mos99	KKFESV	4	1.6449	-13.7211	0.00743100960202
Mos99	KKSDFA	4	1.9496	-12.7086	0.0
Mos99	KKSDFV	4	2.8863	-17.7708	0.00361158171615
Mos99	KKSDNA	4	1.639	-13.4965	0.00529256984518
Mos99	KKSDNV	4	2.441	-18.5586	0.00569508638482
Mos99	KKSDSA	3	1.5985	-9.255	0.0103835525186
Mos99	KKSDSV	3	2.0674	-14.3172	0.00171177585318
Mos99	KKSEFA	5	2.1078	-16.1835	0.0
Mos99	KKSEFV	5	3.1359	-21.2457	0.0
Mos99	KKSENA	5	1.9701	-16.9713	0.0
Mos99	KKSENV	5	2.7981	-22.0335	0.00408543811557
Mos99	KKSESA	4	1.7111	-12.7299	0.0
Mos99	KKSESV	4	2.2557	-17.792	0.00181153900349
Mos99	KKYDFA	3	1.9012	-7.5393	0.00163179986835
Mos99	KKYDFV	3	1.9416	-12.6015	0.0
Mos99	KKYDNA	3	1.6594	-8.3271	0.00991031123843
Mos99	KKYDNV	3	1.4862	-13.3893	0.0103377480675
Mos99	KKYDSA	2	2.0222	-4.0857	0.00791879493543
Mos99	KKYDSV	2	1.5214	-9.1478	0.00248131103233
Mos99	KKYEFA	4	1.666	-11.0142	0.000865135275031
Mos99	KKYEFV	4	1.9576	-16.0763	0.0107284481322
Mos99	KKYENA	4	1.4621	-11.802	0.0
Mos99	KKYENV	4	1.5806	-16.8642	0.00334518973012
Mos99	KKYESA	3	1.7623	-7.5606	0.0
Mos99	KKYESV	3	1.3986	-12.6227	0.0014990220409
Mos99	KNFDFA	5	1.8413	-10.2252	0.0595885930283
Mos99	KNFDFV	5	2.4396	-15.2874	0.0154504732583
Mos99	KNFDNA	5	1.7476	-11.0131	0.303886557175
Mos99	KNFDNV	5	2.2517	-16.0752	0.210416267761
Mos99	KNFDSA	4	1.5283	-6.7716	0.267763761392
Mos99	KNFDSV	4	1.7207	-11.8337	0.196089098803
Mos99	KNFEFA	6	1.9469	-13.7001	0.0105319732062
Mos99	KNFEFV	6	2.7043	-18.7623	0.00710867168448
Mos99	KNFENA	6	1.9753	-14.4879	0.0755376658237
Mos99	KNFENV	6	2.5913	-19.5501	0.149601207538
Mos99	KNFESA	5	1.6012	-10.2465	0.0731355428338
Mos99	KNFESV	5	1.9231	-15.3086	0.0353391135085
Mos99	KNSDFA	5	2.0776	-14.2961	0.435266391308
Mos99	KNSDFV	5	3.0528	-19.3583	0.141370577657
Mos99	KNSDNA	5	2.0532	-15.084	1.20476311764
Mos99	KNSDNV	5	2.8465	-20.1461	0.87373484778
Mos99	KNSDSA	4	1.7105	-10.8425	0.701602262049
Mos99	KNSDSV	4	2.3222	-15.9046	0.965947908963
Mos99	KNSEFA	6	2.4107	-17.771	0.0740196171357
Mos99	KNSEFV	6	3.4019	-22.8332	0.115614286843
Mos99	KNSENA	6	2.5035	-18.5588	0.109899362636
Mos99	KNSENV	6	3.2847	-23.621	0.214558442617
Mos99	KNSESA	5	2.0441	-14.3174	0.0372913243489
Mos99	KNSESV	5	2.6329	-19.3795	0.0653320679319
Mos99	KNYDFA	4	1.5407	-9.1268	0.0834689239139
Mos99	KNYDFV	4	2.0538	-14.189	0.0176927041452
Mos99	KNYDNA	4	1.5344	-9.9146	0.242835887923
Mos99	KNYDNV	4	1.8798	-14.9768	0.176931864404
Mos99	KNYDSA	3	1.3697	-5.6732	0.200246888435
Mos99	KNYDSV	3	1.3505	-10.7353	0.170966527264
Mos99	KNYEFA	5	1.6133	-12.6017	0.013428448682
Mos99	KNYEFV	5	2.3171	-17.6638	0.019326876976
Mos99	KNYENA	5	1.7267	-13.3895	0.149273372527
Mos99	KNYENV	5	2.2361	-18.4517	0.135257446785
Mos99	KNYESA	4	1.4048	-9.1481	0.0216372608423
Mos99	KNYESV	4	1.5674	-14.2102	0.0820502059347
Mos99	QEFDFA	4	2.517	-11.4358	1.43448519479
Mos99	QEFDFV	4	3.4791	-16.4979	0.383033791836
Mos99	QEFDNA	4	2.2572	-12.2236	12.5589813872
Mos99	QEFDNV	4	3.1493	-17.2857	9.97066376649
Mos99	QEFDSA	3	1.9534	-7.9821	10.2255649545
Mos99	QEFDSV	3	2.6666	-13.0443	6.32320081603
Mos99	QEFEFA	5	2.7969	-14.9106	0.0210985750632
Mos99	QEFEFV	5	3.793	-19.9728	0.068778893145
Mos99	QEFENA	5	2.6306	-15.6985	0.137038682157
Mos99	QEFENV	5	3.5313	-20.7606	0.586631269579
Mos99	QEFESA	4	2.2193	-11.457	0.149910548488
Mos99	QEFESV	4	2.937	-16.5192	0.151138830982
Mos99	QESDFA	4	2.8363	-15.5067	3.35532358075
Mos99	QESDFV	4	3.8687	-20.5688	0.911355741769
Mos99	QESDNA	4	2.6404	-16.2945	11.8034520492
Mos99	QESDNV	4	3.5373	-21.3566	12.467688622
Mos99	QESDSA	3	2.3226	-12.053	9.84844928493
Mos99	QESDSV	3	3.0554	-17.1152	15.835772398
Mos99	QESEFA	5	3.171	-18.9815	0.0748716624754
Mos99	QESEFV	5	4.2034	-24.0437	0.0601496149387
Mos99	QESENA	5	3.0933	-19.7694	0.155306265515
Mos99	QESENV	5	3.944	-24.8315	0.515750291757
Mos99	QESESA	4	2.6651	-15.5279	0.0968092203904
Mos99	QESESV	4	3.3526	-20.5901	0.232765159572
Mos99	QEYDFA	3	2.1583	-10.3373	3.99603802388
Mos99	QEYDFV	3	3.0468	-15.3995	0.795791311583
Mos99	QEYDNA	3	1.9648	-11.1252	13.7438190354
Mos99	QEYDNV	3	2.7426	-16.1873	9.52042329478
Mos99	QEYDSA	2	1.7061	-6.8837	11.2786003783
Mos99	QEYDSV	2	2.2769	-11.9459	8.43779948501
Mos99	QEYEFA	4	2.4306	-13.8122	0.0192349570691
Mos99	QEYEFV	4	3.3871	-18.8744	0.0521025279194
Mos99	QEYENA	4	2.351	-14.6	0.181254657669
Mos99	QEYENV	4	3.1567	-19.6622	1.04899334371
Mos99	QEYESA	3	1.9904	-10.3586	0.282583242232
Mos99	QEYESV	3	2.586	-15.4207	0.412776245967
Mos99	QGFDFA	4	2.1231	-13.3279	0.437847309155
Mos99	QGFDFV	4	2.7502	-18.3901	0.156946294851
Mos99	QGFDNA	4	1.7967	-14.1158	4.46234434423
Mos99	QGFDNV	4	2.3593	-19.1779	2.20306470957
Mos99	QGFDSA	3	1.7951	-9.8743	2.72862679383
Mos99	QGFDSV	3	1.9668	-14.9364	1.98141424244
Mos99	QGFEFA	5	2.1892	-16.8028	0.0609865871911
Mos99	QGFEFV	5	2.9761	-21.8649	0.0727532777022
Mos99	QGFENA	5	1.9434	-17.5906	0.152557414523
Mos99	QGFENV	5	2.6464	-22.6528	1.49410605655
Mos99	QGFESA	4	1.7626	-13.3492	0.183313679559
Mos99	QGFESV	4	2.0993	-18.4113	0.62188091206
Mos99	QGSDFA	4	2.0283	-17.3988	3.41831412086
Mos99	QGSDFV	4	2.8404	-22.461	0.603450255538
Mos99	QGSDNA	4	1.8622	-18.1866	5.95701752234
Mos99	QGSDNV	4	2.5697	-23.2488	4.23515048058
Mos99	QGSDSA	3	1.7682	-13.9452	6.61574571475
Mos99	QGSDSV	3	2.2024	-19.0073	6.73161968319
Mos99	QGSEFA	5	2.2696	-20.8737	0.0943196399497
Mos99	QGSEFV	5	3.1597	-25.9358	0.123000072203
Mos99	QGSENA	5	2.2054	-21.6615	0.132757998214
Mos99	QGSENV	5	2.9556	-26.7237	0.966936397886
Mos99	QGSESA	4	1.9344	-17.4201	0.063956881356
Mos99	QGSESV	4	2.4224	-22.4822	0.199615469664
Mos99	QGYDFA	3	1.8395	-12.2295	1.09431402214
Mos99	QGYDFV	3	2.4023	-17.2916	0.173630418894
Mos99	QGYDNA	3	1.6096	-13.0173	3.00245665131
Mos99	QGYDNV	3	2.071	-18.0795	2.25205549935
Mos99	QGYDSA	2	1.6505	-8.7759	1.89761242356
Mos99	QGYDSV	2	1.702	-13.838	1.69557389604
Mos99	QGYEFA	4	1.898	-15.7044	0.0559537378083
Mos99	QGYEFV	4	2.6632	-20.7665	0.123052375494
Mos99	QGYENA	4	1.7603	-16.4922	1.52836094808
Mos99	QGYENV	4	2.4044	-21.5544	1.74773379505
Mos99	QGYESA	3	1.6203	-12.2507	0.318772527462
Mos99	QGYESV	3	1.8637	-17.3129	1.27339515615
Mos99	QKFDFA	3	1.7201	-8.4982	0.0615691977233
Mos99	QKFDFV	3	2.26	-13.5603	0.0154930221288
Mos99	QKFDNA	3	1.3097	-9.286	0.220621708992
Mos99	QKFDNV	3	1.8041	-14.3482	0.109748137338
Mos99	QKFDSA	2	1.4322	-5.0445	0.165632311227
Mos99	QKFDSV	2	1.4536	-10.1067	0.122705810263
Mos99	QKFEFA	4	1.6559	-11.9731	0.0219061628171
Mos99	QKFEFV	4	2.4408	-17.0352	0.00441719456219
Mos99	QKFENA	4	1.365	-12.7609	0.0410760806287
Mos99	QKFENV	4	2.0726	-17.823	0.100651931911
Mos99	QKFESA	3	1.2925	-8.5194	0.0346059716155
Mos99	QKFESV	3	1.5404	-13.5816	0.11055773313
Mos99	QKSDFA	3	1.8734	-12.5691	0.175159235794
Mos99	QKSDFV	3	2.9407	-17.6312	0.040200975388
Mos99	QKSDNA	3	1.5577	-13.3569	1.41431895915
Mos99	QKSDNV	3	2.5064	-18.4191	0.89766097171
Mos99	QKSDSA	2	1.3596	-9.1154	0.701251845634
Mos99	QKSDSV	2	2.0296	-14.1776	0.55109443208
Mos99	QKSEFA	4	2.1204	-16.044	0.0688300855397
Mos99	QKSEFV	4	3.232	-21.1061	0.0412438024932
Mos99	QKSENA	4	1.9849	-16.8318	0.140831922931
Mos99	QKSENV	4	2.9066	-21.8939	0.179624339529
Mos99	QKSESA	3	1.5855	-12.5903	0.043123072718
Mos99	QKSESV	3	2.2737	-17.6525	0.082901650546
Mos99	QKYDFA	2	1.4989	-7.3997	0.050190382905
Mos99	QKYDFV	2	1.7746	-12.4619	0.0395606875767
Mos99	QKYDNA	2	1.2087	-8.1876	0.243384947183
Mos99	QKYDNV	2	1.274	-13.2497	0.10794620377
Mos99	QKYDSA	1	1.5311	-3.9461	0.161881422379
Mos99	QKYDSV	1	1.1094	-9.0083	0.13342950073
Mos99	QKYEFA	3	1.3319	-10.8746	0.0498062605511
Mos99	QKYEFV	3	1.9011	-15.9368	0.0106702915051
Mos99	QKYENA	3	1.0918	-11.6625	0.0527874581065
Mos99	QKYENV	3	1.494	-16.7246	0.292348148394
Mos99	QKYESA	2	1.2793	-7.421	0.088544230275
Mos99	QKYESV	2	1.0826	-12.4831	0.207260326198
Mos99	QNFDFA	4	2.0396	-10.0857	1.98106247523
Mos99	QNFDFV	4	2.841	-15.1478	0.363378129881
Mos99	QNFDNA	4	1.9692	-10.8735	5.4484927116
Mos99	QNFDNV	4	2.6567	-15.9356	4.03381120073
Mos99	QNFDSA	3	1.6214	-6.632	5.30491637523
Mos99	QNFDSV	3	2.0888	-11.6942	3.17682492627
Mos99	QNFEFA	5	2.2614	-13.5605	0.100044520134
Mos99	QNFEFV	5	3.1369	-18.6227	0.115588536557
Mos99	QNFENA	5	2.2972	-14.3484	0.30591358161
Mos99	QNFENV	5	3.0214	-19.4105	0.932073618409
Mos99	QNFESA	4	1.8143	-10.1069	0.148952968803
Mos99	QNFESV	4	2.3302	-15.1691	1.24998326377
Mos99	QNSDFA	4	2.4173	-14.1566	4.90685666846
Mos99	QNSDFV	4	3.4333	-19.2187	1.36379930201
Mos99	QNSDNA	4	2.3609	-14.9444	12.2754643295
Mos99	QNSDNV	4	3.2269	-20.0065	11.1330538353
Mos99	QNSDSA	3	1.9667	-10.7029	9.69136036755
Mos99	QNSDSV	3	2.6734	-15.7651	9.07017858714
Mos99	QNSEFA	5	2.7824	-17.6314	0.0557663847289
Mos99	QNSEFV	5	3.801	-22.6936	0.120862753558
Mos99	QNSENA	5	2.8309	-18.4193	0.177107826249
Mos99	QNSENV	5	3.6605	-23.4814	0.95873410539
Mos99	QNSESA	4	2.3189	-14.1778	0.0976711153367
Mos99	QNSESV	4	2.9979	-19.24	0.460766389707
Mos99	QNYDFA	3	1.6482	-8.9872	3.09733694976
Mos99	QNYDFV	3	2.392	-14.0494	0.506239230011
Mos99	QNYDNA	3	1.6389	-9.7751	5.21472000388
Mos99	QNYDNV	3	2.2208	-14.8372	4.13125361605
Mos99	QNYDSA	2	1.3307	-5.5336	4.33812210063
Mos99	QNYDSV	2	1.639	-10.5958	3.30266963896
Mos99	QNYEFA	4	1.8321	-12.4621	0.0282525923669
Mos99	QNYEFV	4	2.7101	-17.5243	0.188398550052
Mos99	QNYENA	4	1.9345	-13.25	0.731312519671
Mos99	QNYENV	4	2.6125	-18.3121	1.49025384879
Mos99	QNYESA	3	1.4838	-9.0085	0.536429144147
Mos99	QNYESV	3	1.9204	-14.0706	2.72552763545
Bris07L194	EEFDFA	2	4.0593	-18.7501	0.34204376283
Bris07L194	EEFDFV	3	4.9194	-23.0129	0.0069661596018
Bris07L194	EEFDNA	3	5.0892	-19.709	0.0279405200726
Bris07L194	EEFDNV	4	5.668	-23.9717	0.0427880149772
Bris07L194	EEFDSA	3	4.3435	-14.6652	0.26245079676
Bris07L194	EEFDSV	4	4.9696	-18.9279	0.034561076473
Bris07L194	EEFEFA	3	4.5031	-20.2346	0.0130478544907
Bris07L194	EEFEFV	4	5.2272	-24.4973	0.00815420503678
Bris07L194	EEFENA	4	5.6753	-21.1935	0.00360623505457
Bris07L194	EEFENV	5	6.135	-25.4562	0.0158796613247
Bris07L194	EEFESA	4	4.8579	-16.1496	0.00477623440727
Bris07L194	EEFESV	5	5.3303	-20.4124	0.0305930487087
Bris07L194	EESDFA	3	5.3167	-23.1754	0.0557036395435
Bris07L194	EESDFV	4	6.137	-27.4381	0.0100961570207
Bris07L194	EESDNA	4	6.2358	-24.1342	0.0397240638534
Bris07L194	EESDNV	5	6.8398	-28.397	0.0387378722453
Bris07L194	EESDSA	4	5.5269	-19.0904	0.0353624917864
Bris07L194	EESDSV	5	6.1861	-23.3531	0.0531821143204
Bris07L194	EESEFA	4	5.7465	-24.6598	0.0125599299035
Bris07L194	EESEFV	5	6.4003	-28.9225	0.0167141576693
Bris07L194	EESENA	5	6.7915	-25.6187	0.0384029555384
Bris07L194	EESENV	6	7.2652	-29.8814	0.0135661506353
Bris07L194	EESESA	5	6.0334	-20.5748	0.0238879049601
Bris07L194	EESESV	6	6.5225	-24.8376	0.00249878485318
Bris07L194	EEYDFA	3	4.0081	-16.5338	1.5849103378
Bris07L194	EEYDFV	4	4.8228	-20.7966	0.0383413829117
Bris07L194	EEYDNA	4	5.0306	-17.4927	0.226637866326
Bris07L194	EEYDNV	5	5.5878	-21.7554	0.0566333381228
Bris07L194	EEYDSA	4	4.3052	-12.4489	1.36703518319
Bris07L194	EEYDSV	5	4.9079	-16.7116	0.115148245224
Bris07L194	EEYEFA	4	4.4666	-18.0183	0.00732032627548
Bris07L194	EEYEFV	5	5.1561	-22.281	0.031520115954
Bris07L194	EEYENA	5	5.6194	-18.9772	0.0130305065937
Bris07L194	EEYENV	6	6.0699	-23.2399	0.00904675187485
Bris07L194	EEYESA	5	4.8244	-13.9333	0.0104776728749
Bris07L194	EEYESV	6	5.2921	-18.1961	0.019478226374
Bris07L194	EGFDFA	2	2.7516	-21.0534	0.984032650549
Bris07L194	EGFDFV	3	3.5557	-25.3162	0.0335354877345
Bris07L194	EGFDNA	3	3.7934	-22.0123	0.181335126095
Bris07L194	EGFDNV	4	4.3275	-26.2751	0.0756678026351
Bris07L194	EGFDSA	3	3.085	-16.9685	0.793695370055
Bris07L194	EGFDSV	4	3.6572	-21.2312	0.0971089466032
Bris07L194	EGFEFA	3	3.2001	-22.5379	0.00713316938589
Bris07L194	EGFEFV	4	3.8769	-26.8006	0.0159433738539
Bris07L194	EGFENA	4	4.4122	-23.4968	0.0147645100887
Bris07L194	EGFENV	5	4.8351	-27.7595	0.0361789405493
Bris07L194	EGFESA	4	3.6136	-18.4529	0.00447410394761
Bris07L194	EGFESV	5	4.0411	-22.7157	0.00505090255291
Bris07L194	EGSDFA	3	4.2237	-25.4787	0.0962858895861
Bris07L194	EGSDFV	4	4.9731	-29.7414	0.0168588823112
Bris07L194	EGSDNA	4	5.2881	-26.4375	0.0304170350265
Bris07L194	EGSDNV	5	5.8075	-30.7003	0.0500175842498
Bris07L194	EGSDSA	4	4.5902	-21.3937	0.0524947137973
Bris07L194	EGSDSV	5	5.1567	-25.6564	0.0458284466186
Bris07L194	EGSEFA	4	4.684	-26.9631	0.0166585656879
Bris07L194	EGSEFV	5	5.2878	-31.2259	0.0163840722352
Bris07L194	EGSENA	5	5.8954	-27.922	0.0229714446819
Bris07L194	EGSENV	6	6.2892	-32.1847	0.0388846501191
Bris07L194	EGSESA	5	5.1413	-22.8781	0.0390508321817
Bris07L194	EGSESV	6	5.5384	-27.1409	0.0147051103368
Bris07L194	EGYDFA	3	2.7688	-18.8372	3.28842796357
Bris07L194	EGYDFV	4	3.5018	-23.0999	0.124978954513
Bris07L194	EGYDNA	4	3.8288	-19.796	0.988552895858
Bris07L194	EGYDNV	5	4.3274	-24.0588	0.157655677773
Bris07L194	EGYDSA	4	3.1383	-14.7522	6.15522548809
Bris07L194	EGYDSV	5	3.6692	-19.0149	0.415474258698
Bris07L194	EGYEFA	4	3.1966	-20.3216	0.0113037510191
Bris07L194	EGYEFV	5	3.8343	-24.5844	0.0178017986699
Bris07L194	EGYENA	5	4.4246	-21.2805	0.0581487124347
Bris07L194	EGYENV	6	4.8223	-25.5432	0.0221766880825
Bris07L194	EGYESA	5	3.6485	-16.2366	0.0253281123007
Bris07L194	EGYESV	6	4.0575	-20.4994	0.0141432951562
Bris07L194	EKFDFA	1	2.4956	-15.4941	0.405362021605
Bris07L194	EKFDFV	2	3.3824	-19.7568	0.0160263627171
Bris07L194	EKFDNA	2	3.6946	-16.453	0.155674600742
Bris07L194	EKFDNV	3	4.2148	-20.7157	0.0429634203109
Bris07L194	EKFDSA	2	2.852	-11.4091	0.793935721958
Bris07L194	EKFDSV	3	3.4409	-15.6719	0.0586206583134
Bris07L194	EKFEFA	2	3.0261	-16.9786	0.0128023765841
Bris07L194	EKFEFV	3	3.7293	-21.2413	0.00579815264609
Bris07L194	EKFENA	3	4.3536	-17.9374	0.027946641341
Bris07L194	EKFENV	4	4.7449	-22.2002	0.027541172805
Bris07L194	EKFESA	3	3.4491	-12.8936	0.0196421495727
Bris07L194	EKFESV	4	3.8521	-17.1563	0.0079977043162
Bris07L194	EKSDFA	2	4.2706	-19.9193	0.0722375865155
Bris07L194	EKSDFV	3	5.0776	-24.1821	0.0136117973063
Bris07L194	EKSDNA	3	5.2749	-20.8782	0.0292606419126
Bris07L194	EKSDNV	4	5.8527	-25.1409	0.0450661740866
Bris07L194	EKSDSA	3	4.517	-15.8343	0.0673156585639
Bris07L194	EKSDSV	4	5.1418	-20.0971	0.0312993206459
Bris07L194	EKSEFA	3	4.7314	-21.4038	0.0148119957293
Bris07L194	EKSEFV	4	5.3858	-25.6665	0.0171563819583
Bris07L194	EKSENA	4	5.8639	-22.3626	0.017225145956
Bris07L194	EKSENV	5	6.3231	-26.6254	0.035223976082
Bris07L194	EKSESA	4	5.0558	-17.3188	0.00233381727231
Bris07L194	EKSESV	5	5.5097	-21.5815	0.0432221404384
Bris07L194	EKYDFA	2	2.3124	-13.2778	0.981415021402
Bris07L194	EKYDFV	3	3.1225	-17.5405	0.0683108122266
Bris07L194	EKYDNA	3	3.4557	-14.2367	0.840051749736
Bris07L194	EKYDNV	4	3.9566	-18.4994	0.138882424765
Bris07L194	EKYDSA	3	2.6754	-9.1928	2.36881487844
Bris07L194	EKYDSV	4	3.226	-13.4556	0.186353639558
Bris07L194	EKYEFA	3	2.8211	-14.7623	0.00894094174906
Bris07L194	EKYEFV	4	3.4876	-19.025	0.00885866023787
Bris07L194	EKYENA	4	4.0961	-15.7211	0.0114459969919
Bris07L194	EKYENV	5	4.4824	-19.9839	0.0208783683769
Bris07L194	EKYESA	4	3.2421	-10.6773	0.0400762822933
Bris07L194	EKYESV	5	3.6418	-14.94	0.0195290490265
Bris07L194	ENFDFA	2	3.476	-17.3322	1.46974617631
Bris07L194	ENFDFV	3	4.2542	-21.5949	0.0321236674625
Bris07L194	ENFDNA	3	4.5972	-18.2911	0.146708667943
Bris07L194	ENFDNV	4	5.089	-22.5538	0.0875552907346
Bris07L194	ENFDSA	3	3.7805	-13.2472	0.975472845494
Bris07L194	ENFDSV	4	4.3287	-17.51	0.0760543999592
Bris07L194	ENFEFA	3	3.9809	-18.8167	0.0147077250612
Bris07L194	ENFEFV	4	4.6119	-23.0794	0.0144050219441
Bris07L194	ENFENA	4	5.2354	-19.7755	0.0172684854671
Bris07L194	ENFENV	5	5.6072	-24.0383	0.0156499797509
Bris07L194	ENFESA	4	4.3666	-14.7317	0.0193655425764
Bris07L194	ENFESV	5	4.7388	-18.9944	0.0120803084886
Bris07L194	ENSDFA	3	5.0772	-21.7574	0.0442302404523
Bris07L194	ENSDFV	4	5.8192	-26.0202	0.0103163574696
Bris07L194	ENSDNA	4	6.0572	-22.7163	0.0901747740754
Bris07L194	ENSDNV	5	6.5969	-26.979	0.0555230154083
Bris07L194	ENSDSA	4	5.3231	-17.6725	0.0351051544583
Bris07L194	ENSDSV	5	5.9064	-21.9352	0.0365297712123
Bris07L194	ENSEFA	4	5.5562	-23.2419	0.0142050258549
Bris07L194	ENSEFV	5	6.142	-27.5046	0.0150660566595
Bris07L194	ENSENA	5	6.6659	-24.2007	0.00866458800863
Bris07L194	ENSENV	6	7.0791	-28.4635	0.0110644080277
Bris07L194	ENSESA	5	5.8801	-19.1569	0.0061280086337
Bris07L194	ENSESV	6	6.2905	-23.4196	0.00352363333127
Bris07L194	ENYDFA	3	3.3584	-15.1159	3.87727287122
Bris07L194	ENYDFV	4	4.1064	-19.3787	0.162263505488
Bris07L194	ENYDNA	4	4.4762	-16.0748	1.28957907884
Bris07L194	ENYDNV	5	4.9585	-20.3375	0.142619824036
Bris07L194	ENYDSA	4	3.6752	-11.0309	5.14243599944
Bris07L194	ENYDSV	5	4.2113	-15.2937	0.543059772116
Bris07L194	ENYEFA	4	3.8688	-16.6004	0.00715905305439
Bris07L194	ENYEFV	5	4.4753	-20.8631	0.00843333806959
Bris07L194	ENYENA	5	5.1079	-17.5592	0.0221603572926
Bris07L194	ENYENV	6	5.476	-21.822	0.0304570764641
Bris07L194	ENYESA	5	4.2554	-12.5154	0.0163352852734
Bris07L194	ENYESV	6	4.6331	-16.7781	0.0360632622718
Bris07L194	HEFDFA	1	1.9486	-10.7315	5.35649381827
Bris07L194	HEFDFV	2	2.8103	-14.9942	0.205958631921
Bris07L194	HEFDNA	2	2.8987	-11.6903	0.202520612417
Bris07L194	HEFDNV	3	3.5038	-15.9531	0.101100374745
Bris07L194	HEFDSA	2	2.2273	-6.6465	2.79403802976
Bris07L194	HEFDSV	3	2.8492	-10.9092	0.493440447864
Bris07L194	HEFEFA	2	2.4139	-12.2159	0.0140056865841
Bris07L194	HEFEFV	3	3.1456	-16.4787	0.0295924507094
Bris07L194	HEFENA	3	3.5256	-13.1748	0.0139820777477
Bris07L194	HEFENV	4	4.018	-17.4375	0.0116062092439
Bris07L194	HEFESA	3	2.7722	-8.1309	0.0166384116353
Bris07L194	HEFESV	4	3.2574	-12.3937	0.032700589938
Bris07L194	HESDFA	2	3.5769	-15.1567	0.044816923244
Bris07L194	HESDFV	3	4.3505	-19.4194	0.0402755889469
Bris07L194	HESDNA	3	4.516	-16.1155	0.0141635482027
Bris07L194	HESDNV	4	5.0648	-20.3783	0.0383260006091
Bris07L194	HESDSA	3	3.8544	-11.0717	0.0554577758036
Bris07L194	HESDSV	4	4.4388	-15.3344	0.0140650082735
Bris07L194	HESEFA	3	4.0645	-16.6411	0.051298413709
Bris07L194	HESEFV	4	4.688	-20.9039	0.0101325865334
Bris07L194	HESENA	4	5.1347	-17.6	0.0113865938952
Bris07L194	HESENV	5	5.5559	-21.8627	0.022993245389
Bris07L194	HESESA	4	4.4096	-12.5562	0.0108456336435
Bris07L194	HESESV	5	4.8341	-16.8189	0.00893792591372
Bris07L194	HEYDFA	2	2.1484	-8.5152	19.4000853377
Bris07L194	HEYDFV	3	2.9146	-12.7779	0.783133352543
Bris07L194	HEYDNA	3	3.0892	-9.474	1.15026281828
Bris07L194	HEYDNV	4	3.6405	-13.7368	0.568167851318
Bris07L194	HEYDSA	3	2.4532	-4.4302	14.0331028804
Bris07L194	HEYDSV	4	3.0026	-8.6929	2.17285096687
Bris07L194	HEYEFA	3	2.6152	-9.9996	0.0262249972985
Bris07L194	HEYEFV	4	3.2868	-14.2624	0.0136304979844
Bris07L194	HEYENA	4	3.7138	-10.9585	0.049531019614
Bris07L194	HEYENV	5	4.1514	-15.2212	0.0516949855981
Bris07L194	HEYESA	4	2.9779	-5.9147	0.0213504574267
Bris07L194	HEYESV	5	3.4241	-10.1774	0.0390913912898
Bris07L194	HGFDFA	1	1.2846	-13.0348	14.3591453071
Bris07L194	HGFDFV	2	1.8277	-17.2975	0.816078476316
Bris07L194	HGFDNA	2	2.0931	-13.9936	0.999173871561
Bris07L194	HGFDNV	3	2.5557	-18.2564	0.842581218084
Bris07L194	HGFDSA	2	1.6193	-8.9498	14.4063914372
Bris07L194	HGFDSV	3	1.971	-13.2125	2.56076115159
Bris07L194	HGFEFA	2	1.5819	-14.5192	0.033846099265
Bris07L194	HGFEFV	3	2.1258	-18.782	0.0347848531965
Bris07L194	HGFENA	3	2.6861	-15.4781	0.0221615233247
Bris07L194	HGFENV	4	3.0757	-19.7408	0.0419548848286
Bris07L194	HGFESA	3	2.0111	-10.4343	0.0289440586333
Bris07L194	HGFESV	4	2.3381	-14.697	0.0329814044701
Bris07L194	HGSDFA	2	2.7966	-17.46	0.0918780112513
Bris07L194	HGSDFV	3	3.4683	-21.7227	0.0218794294337
Bris07L194	HGSDNA	3	3.8311	-18.4189	0.0331642465301
Bris07L194	HGSDNV	4	4.2745	-22.6816	0.066791787743
Bris07L194	HGSDSA	3	3.1995	-13.375	0.0918990344908
Bris07L194	HGSDSV	4	3.6713	-17.6378	0.0637101718962
Bris07L194	HGSEFA	3	3.2722	-18.9445	0.0292473947003
Bris07L194	HGSEFV	4	3.8244	-23.2072	0.00612207482567
Bris07L194	HGSENA	4	4.4622	-19.9033	0.066322603335
Bris07L194	HGSENV	5	4.8037	-24.1661	0.0311213938949
Bris07L194	HGSESA	4	3.7497	-14.8595	0.00295889353384
Bris07L194	HGSESV	5	4.0857	-19.1222	0.0110980324705
Bris07L194	HGYDFA	2	1.6277	-10.8185	24.8044938998
Bris07L194	HGYDFV	3	1.9994	-15.0812	1.74662064607
Bris07L194	HGYDNA	3	2.3595	-11.7774	5.7408157691
Bris07L194	HGYDNV	4	2.7488	-16.0401	2.27111890492
Bris07L194	HGYDSA	3	1.9509	-6.7335	23.2657578957
Bris07L194	HGYDSV	4	2.222	-10.9963	7.93447913308
Bris07L194	HGYEFA	3	1.8657	-12.3029	0.0348069719067
Bris07L194	HGYEFV	4	2.3032	-16.5657	0.0453894571227
Bris07L194	HGYENA	4	2.8993	-13.2618	0.0423154486813
Bris07L194	HGYENV	5	3.2459	-17.5245	0.0660648420668
Bris07L194	HGYESA	4	2.3003	-8.218	0.0365795579021
Bris07L194	HGYESV	5	2.567	-12.4807	0.0478512977205
Bris07L194	HKFDFA	0	0.0	-7.4754	5.08629470505
Bris07L194	HKFDFV	1	1.1627	-11.7382	0.212722746613
Bris07L194	HKFDNA	1	1.4814	-8.4343	1.23165102161
Bris07L194	HKFDNV	2	1.9834	-12.697	0.678190829716
Bris07L194	HKFDSA	1	0.8256	-3.3905	6.9096775322
Bris07L194	HKFDSV	2	1.2735	-7.6532	1.38869537066
Bris07L194	HKFEFA	1	0.7324	-8.9599	0.0228453848036
Bris07L194	HKFEFV	2	1.5212	-13.2226	0.0120127808928
Bris07L194	HKFENA	2	2.1521	-9.9187	0.0252364215372
Bris07L194	HKFENV	3	2.5327	-14.1815	0.0415353713347
Bris07L194	HKFESA	2	1.3226	-4.8749	0.0348497830777
Bris07L194	HKFESV	3	1.685	-9.1376	0.0188650229511
Bris07L194	HKSDFA	1	2.519	-11.9006	0.102410891002
Bris07L194	HKSDFV	2	3.2522	-16.1634	0.00792471767723
Bris07L194	HKSDNA	2	3.5636	-12.8595	0.0419358900002
Bris07L194	HKSDNV	3	4.0505	-17.1223	0.0789674052529
Bris07L194	HKSDSA	2	2.8661	-7.8157	0.0439269918147
Bris07L194	HKSDSV	3	3.3797	-12.0784	0.0374418761914
Bris07L194	HKSEFA	2	3.013	-13.3851	0.0344393344476
Bris07L194	HKSEFV	3	3.5974	-17.6478	0.0250742359993
Bris07L194	HKSENA	3	4.1976	-14.344	0.0107908436548
Bris07L194	HKSENV	4	4.5634	-18.6067	0.0207102441749
Bris07L194	HKSESA	3	3.4289	-9.3001	0.044513735549
Bris07L194	HKSESV	4	3.7764	-13.5629	0.00175380426595
Bris07L194	HKYDFA	1	0.9609	-5.2591	9.44900472251
Bris07L194	HKYDFV	2	1.3108	-9.5219	0.429300194566
Bris07L194	HKYDNA	2	1.6794	-6.218	4.27238484961
Bris07L194	HKYDNV	3	2.0435	-10.4807	1.67934941803
Bris07L194	HKYDSA	2	1.3018	-1.1742	14.3335266636
Bris07L194	HKYDSV	3	1.4918	-5.4369	3.11553380929
Bris07L194	HKYEFA	2	1.1644	-6.7436	0.0370672017097
Bris07L194	HKYEFV	3	1.6425	-11.0063	0.0235904901302
Bris07L194	HKYENA	3	2.2649	-7.7025	0.0418240774787
Bris07L194	HKYENV	4	2.5699	-11.9652	0.0408119977125
Bris07L194	HKYESA	3	1.6157	-2.6586	0.0865029245552
Bris07L194	HKYESV	4	1.8525	-6.9214	0.0600138690081
Bris07L194	HNFDFA	1	1.5914	-9.3135	13.3301858309
Bris07L194	HNFDFV	2	2.3166	-13.5763	0.890635219722
Bris07L194	HNFDNA	2	2.7058	-10.2724	0.737073741172
Bris07L194	HNFDNV	3	3.1432	-14.5351	0.793252565274
Bris07L194	HNFDSA	2	1.9128	-5.2286	8.25186664689
Bris07L194	HNFDSV	3	2.4	-9.4913	1.99174582969
Bris07L194	HNFEFA	2	2.084	-10.798	0.0197979637908
Bris07L194	HNFEFV	3	2.6857	-15.0607	0.026302270095
Bris07L194	HNFENA	3	3.3519	-11.7569	0.0232062191348
Bris07L194	HNFENV	4	3.6888	-16.0196	0.02943889629
Bris07L194	HNFESA	3	2.4977	-6.713	0.0222016887459
Bris07L194	HNFESV	4	2.8365	-10.9758	0.0215060035105
Bris07L194	HNSDFA	2	3.5624	-13.7388	0.0622650293523
Bris07L194	HNSDFV	3	4.275	-18.0015	0.01085226959
Bris07L194	HNSDNA	3	4.5964	-14.6976	0.0116977399183
Bris07L194	HNSDNV	4	5.0634	-18.9604	0.0542842006406
Bris07L194	HNSDSA	3	3.8647	-9.6538	0.0602189864406
Bris07L194	HNSDSV	4	4.3799	-13.9165	0.0427935542231
Bris07L194	HNSEFA	3	4.0914	-15.2232	0.0121848566899
Bris07L194	HNSEFV	4	4.6446	-19.486	0.0140521789839
Bris07L194	HNSENA	4	5.2372	-16.1821	0.0133613990547
Bris07L194	HNSENV	5	5.5939	-20.4448	0.0072517829924
Bris07L194	HNSESA	4	4.4583	-11.1382	0.00851505019557
Bris07L194	HNSESV	5	4.8105	-15.401	0.00720092360186
Bris07L194	HNYDFA	2	1.8233	-7.0972	26.0868729887
Bris07L194	HNYDFV	3	2.4261	-11.36	2.70229174273
Bris07L194	HNYDNA	3	2.8674	-8.0561	3.55046133644
Bris07L194	HNYDNV	4	3.2703	-12.3189	2.889815789
Bris07L194	HNYDSA	3	2.1445	-3.0123	23.0032380683
Bris07L194	HNYDSV	4	2.5561	-7.275	7.14496255361
Bris07L194	HNYEFA	3	2.2913	-8.5817	0.0289951129391
Bris07L194	HNYEFV	4	2.8162	-12.8444	0.0526748478992
Bris07L194	HNYENA	4	3.4829	-9.5406	0.0372485068685
Bris07L194	HNYENV	5	3.795	-13.8033	0.0502278543426
Bris07L194	HNYESA	4	2.6823	-4.4967	0.0441696069439
Bris07L194	HNYESV	5	2.984	-8.7595	0.0447835457734
Bris07L194	KEFDFA	2	2.4236	-17.1548	0.70382155138
Bris07L194	KEFDFV	3	3.2829	-21.4176	0.0171572584347
Bris07L194	KEFDNA	3	3.5731	-18.1137	0.0569173605256
Bris07L194	KEFDNV	4	4.1281	-22.3764	0.0707353474574
Bris07L194	KEFDSA	3	2.7786	-13.0699	0.200667667843
Bris07L194	KEFDSV	4	3.38	-17.3326	0.0468534869356
Bris07L194	KEFEFA	3	2.916	-18.6393	0.0187142468048
Bris07L194	KEFEFV	4	3.6273	-22.902	0.00941410416331
Bris07L194	KEFENA	4	4.1983	-19.5981	0.0136564876097
Bris07L194	KEFENV	5	4.6293	-23.8609	0.014830788778
Bris07L194	KEFESA	4	3.3334	-14.5543	0.0106971430879
Bris07L194	KEFESV	5	3.7691	-18.817	0.0064940849814
Bris07L194	KESDFA	3	4.1589	-21.5801	0.1152000589
Bris07L194	KESDFV	4	4.9009	-25.8428	0.0237620389411
Bris07L194	KESDNA	4	5.1837	-22.5389	0.0566662570114
Bris07L194	KESDNV	5	5.7075	-26.8017	0.101362882487
Bris07L194	KESDSA	4	4.4542	-17.4951	0.0786542441931
Bris07L194	KESDSV	5	5.0154	-21.7578	0.0283225197951
Bris07L194	KESEFA	4	4.6455	-23.0645	0.0200603082067
Bris07L194	KESEFV	5	5.2299	-27.3272	0.0184967207842
Bris07L194	KESENA	5	5.7841	-24.0234	0.0161053713984
Bris07L194	KESENV	6	6.1859	-28.2861	0.009512502226
Bris07L194	KESESA	5	5.0091	-18.9795	0.01871680808
Bris07L194	KESESV	6	5.3954	-23.2423	0.0174975014021
Bris07L194	KEYDFA	3	2.5916	-14.9385	2.40038117238
Bris07L194	KEYDFV	4	3.3683	-19.2013	0.0559388192227
Bris07L194	KEYDNA	4	3.7648	-15.8974	0.201209368933
Bris07L194	KEYDNV	5	4.2602	-20.1601	0.140774920808
Bris07L194	KEYDSA	4	2.9757	-10.8536	0.726399843475
Bris07L194	KEYDSV	5	3.515	-15.1163	0.195798071287
Bris07L194	KEYEFA	4	3.1011	-16.423	0.0219609246964
Bris07L194	KEYEFV	5	3.7442	-20.6857	0.0309481810551
Bris07L194	KEYENA	5	4.4052	-17.3819	0.0268801232825
Bris07L194	KEYENV	6	4.7902	-21.6446	0.0711543445041
Bris07L194	KEYESA	5	3.5537	-12.338	0.0191502997289
Bris07L194	KEYESV	6	3.9412	-16.6008	0.0457005034244
Bris07L194	KGFDFA	2	1.5878	-19.4581	0.33080470781
Bris07L194	KGFDFV	3	2.2369	-23.7209	0.0194328901355
Bris07L194	KGFDNA	3	2.7145	-20.417	0.188095545097
Bris07L194	KGFDNV	4	3.1299	-24.6797	0.392308592498
Bris07L194	KGFDSA	3	2.0178	-15.3732	0.324048998462
Bris07L194	KGFDSV	4	2.4298	-19.6359	0.226462068162
Bris07L194	KGFEFA	3	1.9547	-20.9426	0.00885757269239
Bris07L194	KGFEFV	4	2.5329	-25.2053	0.0191300211726
Bris07L194	KGFENA	4	3.279	-21.9015	0.0245446734581
Bris07L194	KGFENV	5	3.6198	-26.1642	0.0454598858449
Bris07L194	KGFESA	4	2.4633	-16.8576	0.00487188541062
Bris07L194	KGFESV	5	2.7807	-21.1204	0.0186309728065
Bris07L194	KGSDFA	3	3.2283	-23.8834	0.159858287118
Bris07L194	KGSDFV	4	3.8548	-28.1461	0.0797878024789
Bris07L194	KGSDNA	4	4.3838	-24.8422	0.0683645010548
Bris07L194	KGSDNV	5	4.7745	-29.105	0.265551433051
Bris07L194	KGSDSA	4	3.6816	-19.7984	0.116465396427
Bris07L194	KGSDSV	5	4.1045	-24.0611	0.215001189408
Bris07L194	KGSEFA	4	3.7018	-25.3678	0.0267175925846
Bris07L194	KGSEFV	5	4.1979	-29.6306	0.0425377746735
Bris07L194	KGSENA	5	5.0079	-26.3267	0.00649436282723
Bris07L194	KGSENV	6	5.2859	-30.5894	0.0136900817748
Bris07L194	KGSESA	5	4.2325	-21.2828	0.0217899266818
Bris07L194	KGSESV	6	4.5046	-25.5456	0.032447724198
Bris07L194	KGYDFA	3	1.8157	-17.2419	2.40500697117
Bris07L194	KGYDFV	4	2.3241	-21.5046	0.0674727280262
Bris07L194	KGYDNA	4	2.8763	-18.2007	0.678384032858
Bris07L194	KGYDNV	5	3.2556	-22.4635	0.451627882121
Bris07L194	KGYDSA	4	2.2274	-13.1569	0.817073722284
Bris07L194	KGYDSV	5	2.5763	-17.4196	0.352887350763
Bris07L194	KGYEFA	4	2.1317	-18.7263	0.0333508136805
Bris07L194	KGYEFV	5	2.6251	-22.989	0.0295648653877
Bris07L194	KGYENA	5	3.433	-19.6852	0.0499559487222
Bris07L194	KGYENV	6	3.7442	-23.9479	0.0476951490781
Bris07L194	KGYESA	5	2.6547	-14.6413	0.0175909112093
Bris07L194	KGYESV	6	2.9405	-18.9041	0.047364238631
Bris07L194	KKFDFA	1	1.2676	-13.8988	0.665908735557
Bris07L194	KKFDFV	2	2.0362	-18.1615	0.0141299407526
Bris07L194	KKFDNA	2	2.4842	-14.8577	0.433741832741
Bris07L194	KKFDNV	3	2.9055	-19.1204	0.236011363554
Bris07L194	KKFDSA	2	1.7102	-9.8138	0.42459355439
Bris07L194	KKFDSV	3	2.1307	-14.0766	0.129507131691
Bris07L194	KKFEFA	2	1.6729	-15.3832	0.00892250448542
Bris07L194	KKFEFV	3	2.3463	-19.646	0.00520908198007
Bris07L194	KKFENA	3	3.0721	-16.3421	0.0129997423714
Bris07L194	KKFENV	4	3.3965	-20.6049	0.0386045248421
Bris07L194	KKFESA	3	2.188	-11.2983	0.0223352865923
Bris07L194	KKFESV	4	2.4835	-15.561	0.00852039951091
Bris07L194	KKSDFA	2	3.2667	-18.324	0.1937987937
Bris07L194	KKSDFV	3	3.9717	-22.5868	0.01302371847
Bris07L194	KKSDNA	3	4.3515	-19.2829	0.23071808891
Bris07L194	KKSDNV	4	4.8064	-23.5456	0.156353949736
Bris07L194	KKSDSA	3	3.6057	-14.239	0.196155458917
Bris07L194	KKSDSV	4	4.1071	-18.5018	0.157671394505
Bris07L194	KKSEFA	3	3.7393	-19.8085	0.0173936634156
Bris07L194	KKSEFV	4	4.3039	-24.0712	0.0216660018336
Bris07L194	KKSENA	4	4.9417	-20.7673	0.0369701853631
Bris07L194	KKSENV	5	5.2972	-25.0301	0.0759247533036
Bris07L194	KKSESA	4	4.1402	-15.7235	0.0450622099893
Bris07L194	KKSESV	5	4.4841	-19.9862	0.0198082740987
Bris07L194	KKYDFA	2	1.4386	-11.6825	0.530278996329
Bris07L194	KKYDFV	3	1.9822	-15.9452	0.03715837854
Bris07L194	KKYDNA	3	2.4904	-12.6414	0.53781154256
Bris07L194	KKYDNV	4	2.852	-16.9041	0.227917037679
Bris07L194	KKYDSA	3	1.8378	-7.5975	0.565369070668
Bris07L194	KKYDSV	4	2.1703	-11.8603	0.135540892943
Bris07L194	KKYEFA	3	1.7799	-13.167	0.00696316013294
Bris07L194	KKYEFV	4	2.2931	-17.4297	0.00938369547575
Bris07L194	KKYENA	4	3.054	-14.1258	0.0312506982821
Bris07L194	KKYENV	5	3.3389	-18.3886	0.0255519753269
Bris07L194	KKYESA	4	2.2609	-9.082	0.0152439910929
Bris07L194	KKYESV	5	2.5255	-13.3447	0.0265092227061
Bris07L194	KNFDFA	2	2.0949	-15.7369	3.92369183029
Bris07L194	KNFDFV	3	2.796	-19.9996	0.0794681474567
Bris07L194	KNFDNA	3	3.3444	-16.6958	0.580270552641
Bris07L194	KNFDNV	4	3.7341	-20.9585	0.662680636646
Bris07L194	KNFDSA	3	2.4844	-11.6519	1.23742901968
Bris07L194	KNFDSV	4	2.918	-15.9147	0.271913537466
Bris07L194	KNFEFA	3	2.5774	-17.2214	0.00794316755836
Bris07L194	KNFEFV	4	3.1487	-21.4841	0.0196242102833
Bris07L194	KNFENA	4	3.9468	-18.1802	0.0199533683869
Bris07L194	KNFENV	5	4.2384	-22.443	0.0340474601455
Bris07L194	KNFESA	4	3.0339	-13.1364	0.0183658161969
Bris07L194	KNFESV	5	3.3132	-17.3991	0.0141932534177
Bris07L194	KNSDFA	3	4.0554	-20.1621	0.109490627116
Bris07L194	KNSDFV	4	4.7108	-24.4249	0.024007294817
Bris07L194	KNSDNA	4	5.1528	-21.121	0.0632086909418
Bris07L194	KNSDNV	5	5.5776	-25.3837	0.206844280375
Bris07L194	KNSDSA	4	4.3945	-16.0771	0.0804758278355
Bris07L194	KNSDSV	5	4.862	-20.3399	0.0915403717521
Bris07L194	KNSEFA	4	4.5627	-21.6466	0.0203204969673
Bris07L194	KNSEFV	5	5.0649	-25.9093	0.0108433802414
Bris07L194	KNSENA	5	5.7817	-22.6054	0.0162447340259
Bris07L194	KNSENV	6	6.0848	-26.8682	0.0213926881029
Bris07L194	KNSESA	5	4.9684	-17.5616	0.058676679554
Bris07L194	KNSESV	6	5.267	-21.8243	0.0104160316609
Bris07L194	KNYDFA	3	2.2917	-13.5206	7.60666430112
Bris07L194	KNYDFV	4	2.8965	-17.7834	0.168243228069
Bris07L194	KNYDNA	4	3.508	-14.4795	2.20201402483
Bris07L194	KNYDNV	5	3.8715	-18.7422	1.09086776166
Bris07L194	KNYDSA	4	2.6809	-9.4356	2.76628566125
Bris07L194	KNYDSV	5	3.0769	-13.6984	0.933176634198
Bris07L194	KNYEFA	4	2.769	-15.0051	0.0125758128083
Bris07L194	KNYEFV	5	3.2691	-19.2678	0.0215196989449
Bris07L194	KNYENA	5	4.1116	-15.9639	0.0243851791565
Bris07L194	KNYENV	6	4.388	-20.2267	0.0250359526224
Bris07L194	KNYESA	5	3.2289	-10.9201	0.0177024075459
Bris07L194	KNYESV	6	3.4977	-15.1828	0.0231496478382
Bris07L194	QEFDFA	2	3.0022	-15.9332	3.6844773623
Bris07L194	QEFDFV	3	3.8527	-20.196	0.115383605842
Bris07L194	QEFDNA	3	4.0445	-16.8921	0.169129810094
Bris07L194	QEFDNV	4	4.6093	-21.1548	0.117488203426
Bris07L194	QEFDSA	3	3.2871	-11.8482	1.89999495622
Bris07L194	QEFDSV	4	3.8963	-16.111	0.357006149637
Bris07L194	QEFEFA	3	3.4745	-17.4177	0.0154676741508
Bris07L194	QEFEFV	4	4.1855	-21.6804	0.0340152476166
Bris07L194	QEFENA	4	4.6502	-18.3765	0.0302415165193
Bris07L194	QEFENV	5	5.0985	-22.6393	0.0306108429921
Bris07L194	QEFESA	4	3.8285	-13.3327	0.00734324692203
Bris07L194	QEFESV	5	4.2797	-17.5954	0.00345093084685
Bris07L194	QESDFA	3	4.5564	-20.3584	0.0459296043508
Bris07L194	QESDFV	4	5.3388	-24.6212	0.0345797988185
Bris07L194	QESDNA	4	5.4787	-21.3173	0.0485275029654
Bris07L194	QESDNV	5	6.0463	-25.58	0.0328750188182
Bris07L194	QESDSA	4	4.7613	-16.2735	0.0656563975512
Bris07L194	QESDSV	5	5.3678	-20.5362	0.0350488491073
Bris07L194	QESEFA	4	5.0158	-21.8429	0.0101200100641
Bris07L194	QESEFV	5	5.6338	-26.1056	0.0348027692345
Bris07L194	QESENA	5	6.0532	-22.8018	0.0148087543451
Bris07L194	QESENV	6	6.4905	-27.0645	0.00766400231717
Bris07L194	QESESA	5	5.2893	-17.7579	0.0113968294926
Bris07L194	QESESV	6	5.7264	-22.0207	0.0215527694708
Bris07L194	QEYDFA	3	3.0109	-13.7169	14.4460644622
Bris07L194	QEYDFV	4	3.7975	-17.9797	0.433853725423
Bris07L194	QEYDNA	4	4.0465	-14.6758	1.01893853526
Bris07L194	QEYDNV	5	4.5784	-18.9385	0.418090676564
Bris07L194	QEYDSA	4	3.305	-9.632	11.9813547609
Bris07L194	QEYDSV	5	3.8753	-13.8947	1.45403318098
Bris07L194	QEYEFA	4	3.4991	-15.2014	0.0518100462059
Bris07L194	QEYEFV	5	4.158	-19.4641	0.0336625073548
Bris07L194	QEYENA	5	4.6684	-16.1602	0.0535499313299
Bris07L194	QEYENV	6	5.0827	-20.423	0.0326700430605
Bris07L194	QEYESA	5	3.8542	-11.1164	0.0236799451269
Bris07L194	QEYESV	6	4.286	-15.3791	0.0434459488269
Bris07L194	QGFDFA	2	2.1059	-18.2365	8.02452235486
Bris07L194	QGFDFV	3	2.7758	-22.4993	0.335854806688
Bris07L194	QGFDNA	3	3.0555	-19.1954	0.640142305947
Bris07L194	QGFDNV	4	3.5281	-23.4581	0.747673071484
Bris07L194	QGFDSA	3	2.4123	-14.1516	6.509615691
Bris07L194	QGFDSV	4	2.872	-18.4143	1.38560182615
Bris07L194	QGFEFA	3	2.4911	-19.721	0.0227350432395
Bris07L194	QGFEFV	4	3.0817	-23.9837	0.0340646552217
Bris07L194	QGFENA	4	3.6278	-20.6799	0.0686505898563
Bris07L194	QGFENV	5	4.012	-24.9426	0.049991713226
Bris07L194	QGFESA	4	2.8673	-15.636	0.0279793824936
Bris07L194	QGFESV	5	3.2186	-19.8988	0.022682682451
Bris07L194	QGSDFA	3	3.6799	-22.6618	0.125670074821
Bris07L194	QGSDFV	4	4.3654	-26.9245	0.0339553121428
Bris07L194	QGSDNA	4	4.6884	-23.6206	0.0697932729673
Bris07L194	QGSDNV	5	5.1481	-27.8834	0.117833689116
Bris07L194	QGSDSA	4	3.9995	-18.5768	0.107372685392
Bris07L194	QGSDSV	5	4.4992	-22.8395	0.071949112648
Bris07L194	QGSEFA	4	4.157	-24.1462	0.0132319720882
Bris07L194	QGSEFV	5	4.694	-28.409	0.0209160528959
Bris07L194	QGSENA	5	5.3147	-25.1051	0.0160438151325
Bris07L194	QGSENV	6	5.6483	-29.3678	0.0318393931121
Bris07L194	QGSESA	5	4.5507	-20.0612	0.0104361060982
Bris07L194	QGSESV	6	4.8871	-24.324	0.0382973255753
Bris07L194	QGYDFA	3	2.1533	-16.0202	19.2748128591
Bris07L194	QGYDFV	4	2.7245	-20.283	0.833673413245
Bris07L194	QGYDNA	4	3.0942	-16.9791	4.52019375409
Bris07L194	QGYDNV	5	3.5324	-21.2418	1.44484267407
Bris07L194	QGYDSA	4	2.4832	-11.9353	19.3256821424
Bris07L194	QGYDSV	5	2.8924	-16.198	4.81351529661
Bris07L194	QGYEFA	4	2.512	-17.5047	0.0333510730137
Bris07L194	QGYEFV	5	3.0428	-21.7674	0.0278962426869
Bris07L194	QGYENA	5	3.6576	-18.4636	0.109335349352
Bris07L194	QGYENV	6	4.0077	-22.7263	0.0803971627531
Bris07L194	QGYESA	5	2.9216	-13.4197	0.0301725956168
Bris07L194	QGYESV	6	3.2522	-17.6825	0.0528052847459
Bris07L194	QKFDFA	1	1.4893	-12.6772	3.02889420518
Bris07L194	QKFDFV	2	2.3163	-16.9399	0.0975277660905
Bris07L194	QKFDNA	2	2.6737	-13.6361	0.537221246671
Bris07L194	QKFDNV	3	3.1352	-17.8988	0.353985904417
Bris07L194	QKFDSA	2	1.8758	-8.5922	5.00088073974
Bris07L194	QKFDSV	3	2.374	-12.855	0.847705920596
Bris07L194	QKFEFA	2	1.9622	-14.1616	0.0332936204557
Bris07L194	QKFEFV	3	2.6518	-18.4244	0.0181954184595
Bris07L194	QKFENA	3	3.289	-15.1205	0.0222852750285
Bris07L194	QKFENV	4	3.6443	-19.3832	0.0134374211744
Bris07L194	QKFESA	3	2.4052	-10.0767	0.00739723383458
Bris07L194	QKFESV	4	2.7542	-14.3394	0.0172062151
Bris07L194	QKSDFA	2	3.5648	-17.1024	0.129212044242
Bris07L194	QKSDFV	3	4.3073	-21.3651	0.0119658563604
Bris07L194	QKSDNA	3	4.5719	-18.0613	0.167360911788
Bris07L194	QKSDNV	4	5.087	-22.324	0.145590298792
Bris07L194	QKSDSA	3	3.8132	-13.0174	0.126413265418
Bris07L194	QKSDSV	4	4.3747	-17.2802	0.050733975919
Bris07L194	QKSEFA	3	4.0367	-18.5869	0.0854311765486
Bris07L194	QKSEFV	4	4.6271	-22.8496	0.0344866817334
Bris07L194	QKSENA	4	5.1578	-19.5457	0.0501847616982
Bris07L194	QKSENV	5	5.5675	-23.8085	0.0260975276994
Bris07L194	QKSESA	4	4.3519	-14.5019	0.0198018560318
Bris07L194	QKSESV	5	4.7474	-18.7646	0.0161651317619
Bris07L194	QKYDFA	2	1.4821	-10.4609	5.19187072388
Bris07L194	QKYDFV	3	2.1378	-14.7236	0.1982292408
Bris07L194	QKYDNA	3	2.5412	-11.4198	4.4755360434
Bris07L194	QKYDNV	4	2.9661	-15.6825	1.00624339017
Bris07L194	QKYDSA	3	1.8585	-6.3759	10.7434675636
Bris07L194	QKYDSV	4	2.2746	-10.6387	2.39608947191
Bris07L194	QKYEFA	3	1.899	-11.9453	0.0248206832755
Bris07L194	QKYEFV	4	2.4867	-16.2081	0.012158321017
Bris07L194	QKYENA	4	3.1419	-12.9042	0.0245586364133
Bris07L194	QKYENV	5	3.4687	-17.167	0.041969292192
Bris07L194	QKYESA	4	2.3415	-7.8604	0.0237181148347
Bris07L194	QKYESV	5	2.6487	-12.1231	0.0190882527982
Bris07L194	QNFDFA	2	2.742	-14.5153	8.74558634606
Bris07L194	QNFDFV	3	3.4769	-18.778	0.417485883363
Bris07L194	QNFDNA	3	3.845	-15.4742	0.510637657406
Bris07L194	QNFDNV	4	4.2886	-19.7369	0.322769122061
Bris07L194	QNFDSA	3	3.0181	-10.4303	4.87550577476
Bris07L194	QNFDSV	4	3.5234	-14.6931	1.82106458921
Bris07L194	QNFEFA	3	3.231	-15.9998	0.0252317021783
Bris07L194	QNFEFV	4	3.829	-20.2625	0.0211109463088
Bris07L194	QNFENA	4	4.4599	-16.9586	0.0224285296298
Bris07L194	QNFENV	5	4.7969	-21.2214	0.0166014066619
Bris07L194	QNFESA	4	3.581	-11.9148	0.0181121613738
Bris07L194	QNFESV	5	3.9252	-16.1775	0.0355604927087
Bris07L194	QNSDFA	3	4.5514	-18.9405	0.214164508879
Bris07L194	QNSDFV	4	5.2516	-23.2033	0.0237531808456
Bris07L194	QNSDNA	4	5.5311	-19.8994	0.0512188374934
Bris07L194	QNSDNV	5	6.0069	-24.1621	0.0798297853234
Bris07L194	QNSDSA	4	4.7717	-14.8555	0.15570871701
Bris07L194	QNSDSV	5	5.3013	-19.1183	0.0808769006628
Bris07L194	QNSEFA	4	5.0483	-20.425	0.0393865532369
Bris07L194	QNSEFV	5	5.5936	-24.6877	0.0255744647208
Bris07L194	QNSENA	5	6.1481	-21.3838	0.0158912331782
Bris07L194	QNSENV	6	6.5017	-25.6466	0.0683321116901
Bris07L194	QNSESA	5	5.3475	-16.34	0.0224310549725
Bris07L194	QNSESV	6	5.7009	-20.6027	0.0303099860261
Bris07L194	QNYDFA	3	2.7364	-12.299	18.8780272088
Bris07L194	QNYDFV	4	3.4073	-16.5617	1.62351775348
Bris07L194	QNYDNA	4	3.8285	-13.2579	2.87374209921
Bris07L194	QNYDNV	5	4.2445	-17.5206	1.41210485946
Bris07L194	QNYDSA	4	3.0261	-8.214	16.3633113054
Bris07L194	QNYDSV	5	3.4958	-12.4768	4.92471629548
Bris07L194	QNYEFA	4	3.221	-13.7835	0.0276662584727
Bris07L194	QNYEFV	5	3.7764	-18.0462	0.0359382514183
Bris07L194	QNYENA	5	4.4372	-14.7423	0.0396157519985
Bris07L194	QNYENV	6	4.7554	-19.0051	0.0449073454744
Bris07L194	QNYESA	5	3.5813	-9.6985	0.0297154912306
Bris07L194	QNYESV	6	3.9052	-13.9612	0.0452061167589
NDako16	EEFDFA	3	2.4194	-14.0826	0.250949328783
NDako16	EEFDFV	4	3.2152	-19.553	0.0996296493904
NDako16	EEFDNA	4	2.5588	-17.4932	1.52745992836
NDako16	EEFDNV	5	3.398	-22.9636	0.477750878771
NDako16	EEFDSA	4	2.3225	-12.3837	1.36471097244
NDako16	EEFDSV	5	2.8254	-17.8541	0.479994663629
NDako16	EEFEFA	4	2.6411	-16.7111	0.136291069176
NDako16	EEFEFV	5	3.5692	-22.1815	0.0423286257712
NDako16	EEFENA	5	2.905	-20.1217	0.296008787627
NDako16	EEFENV	6	3.7737	-25.5921	0.12984909945
NDako16	EEFESA	5	2.5067	-15.0122	0.208092953629
NDako16	EEFESV	6	3.1365	-20.4826	0.100315788558
NDako16	EESDFA	2	2.5284	-18.9944	0.899110624788
NDako16	EESDFV	3	3.608	-24.4648	0.0649915995825
NDako16	EESDNA	3	2.8467	-22.405	0.733453130524
NDako16	EESDNV	4	3.8451	-27.8754	0.362474405879
NDako16	EESDSA	3	2.381	-17.2955	1.49048856755
NDako16	EESDSV	4	3.1698	-22.7659	0.55167640677
NDako16	EESEFA	3	2.8834	-21.6229	0.141731702232
NDako16	EESEFV	4	3.9721	-27.0933	0.0991628837825
NDako16	EESENA	4	3.2865	-25.0335	0.35723770533
NDako16	EESENV	5	4.2475	-30.5039	0.229885147152
NDako16	EESESA	4	2.7316	-19.924	0.250313177798
NDako16	EESESV	5	3.5237	-25.3944	0.220511239542
NDako16	EEYDFA	3	2.3748	-13.1026	0.216409227256
NDako16	EEYDFV	4	3.0707	-18.5731	0.109128701192
NDako16	EEYDNA	4	2.5655	-16.5133	1.10813689935
NDako16	EEYDNV	5	3.3016	-21.9837	0.56889572535
NDako16	EEYDSA	4	2.3902	-11.4037	0.820340198519
NDako16	EEYDSV	5	2.7382	-16.8741	0.532336129928
NDako16	EEYEFA	4	2.5778	-15.7311	0.109335339792
NDako16	EEYEFV	5	3.4188	-21.2016	0.0439303137051
NDako16	EEYENA	5	2.8998	-19.1418	0.339441458504
NDako16	EEYENV	6	3.7153	-24.6122	0.121830219178
NDako16	EEYESA	5	2.5601	-14.0322	0.198666448315
NDako16	EEYESV	6	3.0624	-19.5026	0.122214632817
NDako16	EGFDFA	3	2.1416	-14.5165	0.319215237057
NDako16	EGFDFV	4	2.2034	-19.9869	0.102601420251
NDako16	EGFDNA	4	2.0669	-17.9271	1.73107084677
NDako16	EGFDNV	5	2.3276	-23.3975	0.673327734609
NDako16	EGFDSA	4	2.3533	-12.8176	1.18479504721
NDako16	EGFDSV	5	2.0643	-18.288	0.610164950177
NDako16	EGFEFA	4	2.0221	-17.145	0.142944501304
NDako16	EGFEFV	5	2.4156	-22.6154	0.0626462305441
NDako16	EGFENA	5	2.1061	-20.5556	0.313612555151
NDako16	EGFENV	6	2.6151	-26.026	0.185775639233
NDako16	EGFESA	5	2.217	-15.446	0.264816169685
NDako16	EGFESV	6	2.1927	-20.9165	0.151766197518
NDako16	EGSDFA	2	1.5137	-19.4283	1.02682032234
NDako16	EGSDFV	3	2.3806	-24.8987	0.136828186964
NDako16	EGSDNA	3	1.9709	-22.8389	1.70861273951
NDako16	EGSDNV	4	2.78	-28.3093	0.433951050752
NDako16	EGSDSA	3	1.8692	-17.7293	2.58935341671
NDako16	EGSDSV	4	2.2384	-23.1998	0.602353997484
NDako16	EGSEFA	3	1.7568	-22.0568	0.18501159669
NDako16	EGSEFV	4	2.7515	-27.5272	0.0987983104985
NDako16	EGSENA	4	2.3422	-25.4674	0.389237473473
NDako16	EGSENV	5	3.1778	-30.9378	0.189778376873
NDako16	EGSESA	4	2.044	-20.3578	0.191662300897
NDako16	EGSESV	5	2.5468	-25.8283	0.178006770391
NDako16	EGYDFA	3	2.2075	-13.5365	0.16773184799
NDako16	EGYDFV	4	2.1223	-19.0069	0.0874030887113
NDako16	EGYDNA	4	2.172	-16.9471	1.11680851479
NDako16	EGYDNV	5	2.3177	-22.4175	0.610521438953
NDako16	EGYDSA	4	2.5153	-11.8376	0.788915599448
NDako16	EGYDSV	5	2.1067	-17.308	0.561252920063
NDako16	EGYEFA	4	2.0635	-16.165	0.111951826016
NDako16	EGYEFV	5	2.3197	-21.6354	0.0701929346832
NDako16	EGYENA	5	2.1925	-19.5756	0.329613529024
NDako16	EGYENV	6	2.5952	-25.046	0.129519267632
NDako16	EGYESA	5	2.3673	-14.4661	0.242929500191
NDako16	EGYESV	6	2.2201	-19.9365	0.171767471295
NDako16	EKFDFA	3	1.9902	-11.8384	0.153093366457
NDako16	EKFDFV	4	2.3552	-17.3088	0.0459151865686
NDako16	EKFDNA	4	1.9332	-15.249	0.470529287414
NDako16	EKFDNV	5	2.4971	-20.7194	0.228605380679
NDako16	EKFDSA	4	2.0553	-10.1395	0.419597194404
NDako16	EKFDSV	5	2.0232	-15.6099	0.232750700351
NDako16	EKFEFA	4	1.9635	-14.4669	0.0560722329998
NDako16	EKFEFV	5	2.6379	-19.9373	0.0412042739323
NDako16	EKFENA	5	2.0913	-17.8775	0.178788400674
NDako16	EKFENV	6	2.8346	-23.3479	0.0912889594235
NDako16	EKFESA	5	1.9679	-12.768	0.127199999814
NDako16	EKFESV	6	2.2335	-18.2384	0.0979122589321
NDako16	EKSDFA	2	1.8583	-16.7502	0.422287672908
NDako16	EKSDFV	3	2.9651	-22.2206	0.0776989106035
NDako16	EKSDNA	3	2.1795	-20.1608	1.00112780525
NDako16	EKSDNV	4	3.2033	-25.6312	0.250042935383
NDako16	EKSDSA	3	1.7818	-15.0513	1.26219100011
NDako16	EKSDSV	4	2.4979	-20.5217	0.288412267077
NDako16	EKSEFA	3	2.1619	-19.3787	0.119592944579
NDako16	EKSEFV	4	3.3221	-24.8491	0.0383891089135
NDako16	EKSENA	4	2.574	-22.7893	0.163190850112
NDako16	EKSENV	5	3.5802	-28.2597	0.178466517599
NDako16	EKSESA	4	2.0244	-17.6798	0.27537346007
NDako16	EKSESV	5	2.8201	-23.1502	0.152297619739
NDako16	EKYDFA	3	2.0162	-10.8584	0.0985271181837
NDako16	EKYDFV	4	2.1397	-16.3288	0.0357353287528
NDako16	EKYDNA	4	1.9581	-14.269	0.365976553758
NDako16	EKYDNV	5	2.2784	-19.7395	0.214389519645
NDako16	EKYDSA	4	2.2707	-9.1595	0.295907254195
NDako16	EKYDSV	5	1.9493	-14.6299	0.144540801875
NDako16	EKYEFA	4	1.9409	-13.4869	0.0624432099174
NDako16	EKYEFV	5	2.3897	-18.9573	0.043082085134
NDako16	EKYENA	5	2.0634	-16.8975	0.316511310603
NDako16	EKYENV	6	2.6082	-22.368	0.0762691715333
NDako16	EKYESA	5	2.1374	-11.788	0.173119745565
NDako16	EKYESV	6	2.1251	-17.2584	0.0763660893406
NDako16	ENFDFA	2	1.6483	-12.4918	0.406993850801
NDako16	ENFDFV	3	2.3844	-17.9622	0.107558366811
NDako16	ENFDNA	3	2.0076	-15.9024	2.17438740343
NDako16	ENFDNV	4	2.7849	-21.3729	1.02982109602
NDako16	ENFDSA	3	1.7103	-10.7929	1.83222121254
NDako16	ENFDSV	4	2.0604	-16.2633	0.968836771842
NDako16	ENFEFA	3	1.8159	-15.1203	0.119689339754
NDako16	ENFEFV	4	2.7597	-20.5907	0.0730975046479
NDako16	ENFENA	4	2.3266	-18.5309	0.284304350728
NDako16	ENFENV	5	3.1693	-24.0014	0.186093219019
NDako16	ENFESA	4	1.8183	-13.4214	0.236509961202
NDako16	ENFESV	5	2.3804	-18.8918	0.167713997435
NDako16	ENSDFA	1	1.8044	-17.4036	1.75311075682
NDako16	ENSDFV	2	3.0398	-22.874	0.215658274454
NDako16	ENSDNA	2	2.4113	-20.8142	1.66435340539
NDako16	ENSDNV	3	3.4725	-26.2846	0.586305064805
NDako16	ENSDSA	2	1.7738	-15.7047	4.08117934565
NDako16	ENSDSV	3	2.6699	-21.1751	0.871219945787
NDako16	ENSEFA	2	2.2404	-20.0321	0.164071859895
NDako16	ENSEFV	3	3.4452	-25.5025	0.101031703764
NDako16	ENSENA	3	2.9084	-23.4427	0.31511681696
NDako16	ENSENV	4	3.9014	-28.9131	0.251117349501
NDako16	ENSESA	3	2.1817	-18.3332	0.28923658586
NDako16	ENSESV	4	3.0463	-23.8036	0.201885973593
NDako16	ENYDFA	2	1.5674	-11.5119	0.264466535353
NDako16	ENYDFV	3	2.1787	-16.9823	0.114724023219
NDako16	ENYDNA	3	1.9799	-14.9225	1.62737845056
NDako16	ENYDNV	4	2.6561	-20.3929	1.04902497393
NDako16	ENYDSA	3	1.8231	-9.8129	1.25128114817
NDako16	ENYDSV	4	1.9627	-15.2833	0.797892384519
NDako16	ENYEFA	3	1.6826	-14.1404	0.138083862615
NDako16	ENYEFV	4	2.54	-19.6108	0.060040927062
NDako16	ENYENA	4	2.2651	-17.551	0.490747832514
NDako16	ENYENV	5	3.0561	-23.0214	0.165581192819
NDako16	ENYESA	4	1.8724	-12.4414	0.336054836989
NDako16	ENYESV	5	2.2792	-17.9118	0.221845833191
NDako16	HEFDFA	2	2.4218	-6.6176	0.951842375691
NDako16	HEFDFV	3	2.2151	-12.088	0.230452699636
NDako16	HEFDNA	3	2.147	-10.0282	7.12433611275
NDako16	HEFDNV	4	2.1865	-15.4986	2.89713344851
NDako16	HEFDSA	3	2.5993	-4.9186	4.08629111018
NDako16	HEFDSV	4	2.0579	-10.3891	1.93727533953
NDako16	HEFEFA	3	2.2419	-9.2461	0.249480045327
NDako16	HEFEFV	4	2.3798	-14.7165	0.140679153123
NDako16	HEFENA	4	2.0731	-12.6567	0.4419981513
NDako16	HEFENV	5	2.475	-18.1271	0.281008719896
NDako16	HEFESA	4	2.3718	-7.5471	0.380893143755
NDako16	HEFESV	5	2.1476	-13.0176	0.338200916873
NDako16	HESDFA	1	1.2802	-11.5294	3.68385505098
NDako16	HESDFV	2	2.0638	-16.9998	0.26864521434
NDako16	HESDNA	2	1.5335	-14.94	6.35668666572
NDako16	HESDNV	3	2.3006	-20.4104	1.16771507473
NDako16	HESDSA	2	1.6422	-9.8304	7.26871745117
NDako16	HESDSV	3	1.8212	-15.3009	2.17748317317
NDako16	HESEFA	2	1.5354	-14.1579	0.255592182384
NDako16	HESEFV	3	2.4647	-19.6283	0.0895077932278
NDako16	HESENA	3	1.9546	-17.5685	0.574596498782
NDako16	HESENV	4	2.7605	-23.0389	0.40311655142
NDako16	HESESA	3	1.7854	-12.4589	0.434592266986
NDako16	HESESV	4	2.1752	-17.9294	0.423216690214
NDako16	HEYDFA	2	2.3859	-5.6376	0.657401282472
NDako16	HEYDFV	3	2.1014	-11.108	0.191588718032
NDako16	HEYDNA	3	2.1565	-9.0482	4.60952756415
NDako16	HEYDNV	4	2.1089	-14.5186	2.17990398432
NDako16	HEYDSA	3	2.6521	-3.9387	2.40814689041
NDako16	HEYDSV	4	2.0576	-9.4091	1.60469473291
NDako16	HEYEFA	3	2.2031	-8.2661	0.274342098708
NDako16	HEYEFV	4	2.2551	-13.7365	0.107434249315
NDako16	HEYENA	4	2.1144	-11.6767	0.608589117481
NDako16	HEYENV	5	2.4159	-17.1471	0.368070197708
NDako16	HEYESA	4	2.4528	-6.5672	0.415220459206
NDako16	HEYESV	5	2.139	-12.0376	0.31302708682
NDako16	HGFDFA	2	3.0939	-7.0514	0.614358832802
NDako16	HGFDFV	3	2.2384	-12.5219	0.183351204518
NDako16	HGFDNA	3	2.7194	-10.4621	4.12547596758
NDako16	HGFDNV	4	1.9675	-15.9325	2.1193323925
NDako16	HGFDSA	3	3.4406	-5.3525	1.88952283726
NDako16	HGFDSV	4	2.3969	-10.8229	1.17666808628
NDako16	HGFEFA	3	2.6875	-9.6799	0.243030177051
NDako16	HGFEFV	4	2.0176	-15.1504	0.0976017228081
NDako16	HGFENA	4	2.3613	-13.0906	0.407296104942
NDako16	HGFENV	5	1.8965	-18.561	0.353637950543
NDako16	HGFESA	4	3.0365	-7.981	0.427120787099
NDako16	HGFESV	5	2.164	-13.4514	0.241316368762
NDako16	HGSDFA	1	1.5574	-11.9632	1.84735467025
NDako16	HGSDFV	2	1.3683	-17.4336	0.288372391281
NDako16	HGSDNA	2	1.6584	-15.3739	7.40732711992
NDako16	HGSDNV	3	1.7173	-20.8443	1.84319793845
NDako16	HGSDSA	2	2.2168	-10.2643	7.97491937576
NDako16	HGSDSV	3	1.652	-15.7347	1.73266101311
NDako16	HGSEFA	2	1.3445	-14.5917	0.32674255938
NDako16	HGSEFV	3	1.5909	-20.0621	0.111946737684
NDako16	HGSENA	3	1.6725	-18.0024	0.432271865688
NDako16	HGSENV	4	2.0377	-23.4728	0.371638089068
NDako16	HGSESA	3	2.0086	-12.8928	0.447683605605
NDako16	HGSESV	4	1.7699	-18.3632	0.472380415086
NDako16	HGYDFA	2	3.2295	-6.0715	0.373561966836
NDako16	HGYDFV	3	2.3092	-11.5419	0.151069638051
NDako16	HGYDNA	3	2.87	-9.4821	2.30275880711
NDako16	HGYDNV	4	2.0712	-14.9525	1.45218257755
NDako16	HGYDSA	3	3.6102	-4.3726	1.28490245331
NDako16	HGYDSV	4	2.5634	-9.843	0.882497594041
NDako16	HGYEFA	3	2.8447	-8.7	0.239809556434
NDako16	HGYEFV	4	2.0767	-14.1704	0.107549476146
NDako16	HGYENA	4	2.5399	-12.1106	0.882966846213
NDako16	HGYENV	5	2.0117	-17.581	0.351270591171
NDako16	HGYESA	4	3.2293	-7.001	0.326371244041
NDako16	HGYESV	5	2.3453	-12.4715	0.265767752784
NDako16	HKFDFA	2	3.0788	-4.3734	0.263380273824
NDako16	HKFDFV	3	2.3203	-9.8438	0.120425142833
NDako16	HKFDNA	3	2.7247	-7.784	1.47963162388
NDako16	HKFDNV	4	2.0564	-13.2544	0.674741788591
NDako16	HKFDSA	3	3.4221	-2.6744	0.876695005617
NDako16	HKFDSV	4	2.4176	-8.1448	0.490727751592
NDako16	HKFEFA	3	2.6945	-7.0019	0.20493275118
NDako16	HKFEFV	4	2.1689	-12.4723	0.0598531359109
NDako16	HKFENA	4	2.3729	-10.4125	0.590090938749
NDako16	HKFENV	5	2.0224	-15.8829	0.22545767416
NDako16	HKFESA	4	3.0191	-5.3029	0.265242897393
NDako16	HKFESV	5	2.21	-10.7733	0.170594129988
NDako16	HKSDFA	1	1.4723	-9.2851	0.583372183202
NDako16	HKSDFV	2	1.6614	-14.7556	0.140701063176
NDako16	HKSDNA	2	1.5198	-12.6958	2.68425233468
NDako16	HKSDNV	3	1.8693	-18.1662	0.595417922968
NDako16	HKSDSA	2	1.9896	-7.5862	2.66442391551
NDako16	HKSDSV	3	1.5857	-13.0566	0.783568685724
NDako16	HKSEFA	2	1.3831	-11.9136	0.176200845405
NDako16	HKSEFV	3	1.9509	-17.3841	0.101863585824
NDako16	HKSENA	3	1.6446	-15.3243	0.420159944116
NDako16	HKSENV	4	2.2215	-20.7947	0.209770915843
NDako16	HKSESA	3	1.8293	-10.2147	0.369710488526
NDako16	HKSESV	4	1.7639	-15.6851	0.284436142334
NDako16	HKYDFA	2	3.2657	-3.3934	0.185081638758
NDako16	HKYDFV	3	2.3982	-8.8638	0.124666130872
NDako16	HKYDNA	3	2.8997	-6.804	0.951092427464
NDako16	HKYDNV	4	2.1182	-12.2744	0.525746231969
NDako16	HKYDSA	3	3.6671	-1.6945	0.53557152985
NDako16	HKYDSV	4	2.6084	-7.1649	0.379614086826
NDako16	HKYEFA	3	2.8927	-6.0219	0.213476636143
NDako16	HKYEFV	4	2.2205	-11.4923	0.0568815200429
NDako16	HKYENA	4	2.576	-9.4325	0.833630564769
NDako16	HKYENV	5	2.0558	-14.9029	0.297617381634
NDako16	HKYESA	4	3.2946	-4.323	0.541251313313
NDako16	HKYESV	5	2.3996	-9.7934	0.229220542801
NDako16	HNFDFA	1	2.163	-5.0268	0.958824717325
NDako16	HNFDFV	2	1.6557	-10.4972	0.36080350723
NDako16	HNFDNA	2	2.0513	-8.4374	5.22011693194
NDako16	HNFDNV	3	1.8363	-13.9078	3.92236753471
NDako16	HNFDSA	2	2.4908	-3.3279	2.79299352714
NDako16	HNFDSV	3	1.6588	-8.7983	2.44940817714
NDako16	HNFEFA	2	1.8488	-7.6553	0.211940466619
NDako16	HNFEFV	3	1.7215	-13.1257	0.151797375934
NDako16	HNFENA	3	1.8777	-11.0659	0.522764576216
NDako16	HNFENV	4	2.0716	-16.5363	0.351203498172
NDako16	HNFESA	3	2.1546	-5.9564	0.38929094841
NDako16	HNFESV	4	1.6511	-11.4268	0.33694743217
NDako16	HNSDFA	0	0.0	-9.9386	4.70511717902
NDako16	HNSDFV	1	1.5009	-15.409	0.642571015114
NDako16	HNSDNA	1	1.292	-13.3492	10.098869679
NDako16	HNSDNV	2	2.1365	-18.8196	2.79469272559
NDako16	HNSDSA	1	1.1718	-8.2397	13.0502589415
NDako16	HNSDSV	2	1.399	-13.7101	3.80394876867
NDako16	HNSEFA	1	0.7026	-12.5671	0.396777041429
NDako16	HNSEFV	2	1.9767	-18.0375	0.1405040607
NDako16	HNSENA	2	1.7324	-15.9777	0.676350044508
NDako16	HNSENV	3	2.6065	-21.4481	0.44357900461
NDako16	HNSESA	2	1.2789	-10.8682	0.425165102475
NDako16	HNSESV	3	1.8022	-16.3386	0.32708983376
NDako16	HNYDFA	1	2.1867	-4.0468	0.610740975951
NDako16	HNYDFV	2	1.5603	-9.5172	0.214242455694
NDako16	HNYDNA	2	2.0902	-7.4574	3.01988884248
NDako16	HNYDNV	3	1.7806	-12.9279	2.71034298962
NDako16	HNYDSA	2	2.59	-2.3479	1.83790505809
NDako16	HNYDSV	3	1.7079	-7.8183	1.58047540931
NDako16	HNYEFA	2	1.8641	-6.6753	0.316536000172
NDako16	HNYEFV	3	1.6002	-12.1457	0.136958140579
NDako16	HNYENA	3	1.9247	-10.0859	0.805125914141
NDako16	HNYENV	4	2.0174	-15.5564	0.557683286584
NDako16	HNYESA	3	2.2663	-4.9764	0.308770356684
NDako16	HNYESV	4	1.6902	-10.4468	0.485371490771
NDako16	KEFDFA	3	2.0359	-12.2914	0.41209570736
NDako16	KEFDFV	4	2.3031	-17.7619	0.137583686315
NDako16	KEFDNA	4	2.0022	-15.7021	3.00191179955
NDako16	KEFDNV	5	2.4873	-21.1725	1.04830730688
NDako16	KEFDSA	4	2.1847	-10.5925	2.11517768706
NDako16	KEFDSV	5	2.0658	-16.0629	0.63382937437
NDako16	KEFEFA	4	1.9763	-14.9199	0.170025220379
NDako16	KEFEFV	5	2.5731	-20.3904	0.0681853516229
NDako16	KEFENA	5	2.1358	-18.3306	0.45973597813
NDako16	KEFENV	6	2.8264	-23.801	0.19310051589
NDako16	KEFESA	5	2.0731	-13.221	0.224166446476
NDako16	KEFESV	6	2.2575	-18.6914	0.188421658591
NDako16	KESDFA	2	1.5583	-17.2032	2.33866355214
NDako16	KESDFV	3	2.5727	-22.6736	0.2098137129
NDako16	KESDNA	3	2.0041	-20.6139	5.36062784749
NDako16	KESDNV	4	2.9285	-26.0843	1.83305843126
NDako16	KESDSA	3	1.7024	-15.5043	5.18286633526
NDako16	KESDSV	4	2.2534	-20.9747	1.67315623595
NDako16	KESEFA	3	1.9186	-19.8317	0.399222312834
NDako16	KESEFV	4	2.9737	-25.3021	0.171629660072
NDako16	KESENA	4	2.4572	-23.2424	0.462163734345
NDako16	KESENV	5	3.3453	-28.7128	0.303180571675
NDako16	KESESA	4	1.9779	-18.1328	0.464244494991
NDako16	KESESV	5	2.6099	-23.6032	0.325032055547
NDako16	KEYDFA	3	1.9488	-11.3115	0.389703068157
NDako16	KEYDFV	4	2.1475	-16.7819	0.127533423059
NDako16	KEYDNA	4	2.0153	-14.7221	2.78150585942
NDako16	KEYDNV	5	2.4254	-20.1925	1.16315595774
NDako16	KEYDSA	4	2.2332	-9.6125	2.46671998543
NDako16	KEYDSV	5	2.0204	-15.083	0.952484314628
NDako16	KEYEFA	4	1.9069	-13.94	0.124758888647
NDako16	KEYEFV	5	2.433	-19.4104	0.107017623256
NDako16	KEYENA	5	2.1783	-17.3506	0.340060508695
NDako16	KEYENV	6	2.7967	-22.821	0.177199849303
NDako16	KEYESA	5	2.1481	-12.241	0.304635273613
NDako16	KEYESV	6	2.2388	-17.7115	0.183998036258
NDako16	KGFDFA	3	2.5738	-12.7253	0.430870088959
NDako16	KGFDFV	4	2.0202	-18.1957	0.0957310072653
NDako16	KGFDNA	4	2.3873	-16.1359	1.66063219908
NDako16	KGFDNV	5	2.0383	-21.6063	0.773303065221
NDako16	KGFDSA	4	2.9862	-11.0264	1.48291563547
NDako16	KGFDSV	5	2.1675	-16.4968	0.581423763565
NDako16	KGFEFA	4	2.2487	-15.3538	0.15508758922
NDako16	KGFEFV	5	1.9513	-20.8242	0.0705855850501
NDako16	KGFENA	5	2.1433	-18.7644	0.377599972445
NDako16	KGFENV	6	2.1162	-24.2348	0.211715614405
NDako16	KGFESA	5	2.6391	-13.6549	0.254749373819
NDako16	KGFESV	6	2.0274	-19.1253	0.193313300876
NDako16	KGSDFA	2	1.4098	-17.6371	1.40261529923
NDako16	KGSDFV	3	1.7547	-23.1075	0.294001232599
NDako16	KGSDNA	3	1.8368	-21.0477	3.56374889172
NDako16	KGSDNV	4	2.2493	-26.5181	2.39243946378
NDako16	KGSDSA	3	2.0591	-15.9382	3.38518758256
NDako16	KGSDSV	4	1.9029	-21.4086	1.99893447579
NDako16	KGSEFA	3	1.3875	-20.2656	0.292695534613
NDako16	KGSEFV	4	2.0265	-25.736	0.126672523119
NDako16	KGSENA	4	1.9932	-23.6762	0.430478518532
NDako16	KGSENV	5	2.5552	-29.1466	0.332917554094
NDako16	KGSESA	4	1.9842	-18.5667	0.335128829892
NDako16	KGSESV	5	2.048	-24.0371	0.294450284852
NDako16	KGYDFA	3	2.6741	-11.7453	0.474018027012
NDako16	KGYDFV	4	2.0378	-17.2158	0.148716890547
NDako16	KGYDNA	4	2.5096	-15.156	1.94871345938
NDako16	KGYDNV	5	2.1006	-20.6264	1.12314843099
NDako16	KGYDSA	4	3.1252	-10.0464	1.51392748137
NDako16	KGYDSV	5	2.2861	-15.5168	0.753334172078
NDako16	KGYEFA	4	2.3487	-14.3738	0.174762789175
NDako16	KGYEFV	5	1.9454	-19.8443	0.130569008396
NDako16	KGYENA	5	2.2796	-17.7845	0.442203412989
NDako16	KGYENV	6	2.1805	-23.2549	0.227628988208
NDako16	KGYESA	5	2.7982	-12.6749	0.389545643233
NDako16	KGYESV	6	2.1377	-18.1453	0.301784504518
NDako16	KKFDFA	3	2.649	-10.0472	0.11085407952
NDako16	KKFDFV	4	2.3195	-15.5176	0.0607513877826
NDako16	KKFDNA	4	2.4722	-13.4578	0.323565429725
NDako16	KKFDNV	5	2.3327	-18.9283	0.201995268442
NDako16	KKFDSA	4	2.9741	-8.3483	0.274567667
NDako16	KKFDSV	5	2.2925	-13.8187	0.165411719828
NDako16	KKFEFA	4	2.3776	-12.6757	0.0633587145758
NDako16	KKFEFV	5	2.3275	-18.1461	0.0445842323464
NDako16	KKFENA	5	2.2813	-16.0863	0.119712975835
NDako16	KKFENV	6	2.4378	-21.5567	0.0860339009934
NDako16	KKFESA	5	2.6682	-10.9768	0.0792090314598
NDako16	KKFESV	6	2.2081	-16.4472	0.047176614165
NDako16	KKSDFA	2	1.8556	-14.959	0.222232280456
NDako16	KKSDFV	3	2.4809	-20.4294	0.094827472939
NDako16	KKSDNA	3	2.0792	-18.3696	0.396083347532
NDako16	KKSDNV	4	2.6998	-23.84	0.193750067464
NDako16	KKSDSA	3	2.0791	-13.2601	0.299032408574
NDako16	KKSDSV	4	2.2181	-18.7305	0.174448346123
NDako16	KKSEFA	3	1.9314	-17.5875	0.0934312685627
NDako16	KKSEFV	4	2.7533	-23.0579	0.0910358544435
NDako16	KKSENA	4	2.2812	-20.9981	0.0728206660792
NDako16	KKSENV	5	3.0159	-26.4685	0.0973425682321
NDako16	KKSESA	4	2.0826	-15.8886	0.0925616981491
NDako16	KKSESV	5	2.4068	-21.359	0.0840015017352
NDako16	KKYDFA	3	2.7745	-9.0673	0.0912368949792
NDako16	KKYDFV	4	2.2736	-14.5377	0.0715452199732
NDako16	KKYDNA	4	2.6015	-12.4779	0.193206696367
NDako16	KKYDNV	5	2.2652	-17.9483	0.144887281566
NDako16	KKYDSA	4	3.1885	-7.3683	0.17442278272
NDako16	KKYDSV	5	2.3886	-12.8387	0.0976049159538
NDako16	KKYEFA	4	2.4804	-11.6958	0.0321068493014
NDako16	KKYEFV	5	2.2336	-17.1662	0.0242062379362
NDako16	KKYENA	5	2.3993	-15.1064	0.0863958708351
NDako16	KKYENV	6	2.3601	-20.5768	0.0481494360686
NDako16	KKYESA	5	2.8849	-9.9968	0.0586704954927
NDako16	KKYESV	6	2.2879	-15.4672	0.0421366837128
NDako16	KNFDFA	2	1.8867	-10.7007	0.374947053119
NDako16	KNFDFV	3	1.8183	-16.1711	0.159673511618
NDako16	KNFDNA	3	2.018	-14.1113	1.70907954271
NDako16	KNFDNV	4	2.2211	-19.5817	1.22008664973
NDako16	KNFDSA	3	2.2352	-9.0017	1.72252780236
NDako16	KNFDSV	4	1.7804	-14.4721	0.829881680755
NDako16	KNFEFA	3	1.6745	-13.3292	0.206803367602
NDako16	KNFEFV	4	1.9775	-18.7996	0.0973220246017
NDako16	KNFENA	4	2.018	-16.7398	0.482484320126
NDako16	KNFENV	5	2.4713	-22.2102	0.246513909338
NDako16	KNFESA	4	1.9868	-11.6302	0.266514849302
NDako16	KNFESV	5	1.8553	-17.1006	0.164200623729
NDako16	KNSDFA	1	1.2062	-15.6124	2.04052748607
NDako16	KNSDFV	2	2.2556	-21.0829	0.385443823427
NDako16	KNSDNA	2	1.9717	-19.0231	3.26356823097
NDako16	KNSDNV	3	2.8462	-24.4935	2.23940494637
NDako16	KNSDSA	2	1.5687	-13.9135	4.46629700908
NDako16	KNSDSV	3	2.0702	-19.3839	2.84597261543
NDako16	KNSEFA	2	1.5417	-18.2409	0.302243456985
NDako16	KNSEFV	3	2.6522	-23.7114	0.15479521374
NDako16	KNSENA	3	2.3875	-21.6516	0.608983284567
NDako16	KNSENV	4	3.2462	-27.122	0.369772614434
NDako16	KNSESA	3	1.7667	-16.542	0.435710176849
NDako16	KNSESV	4	2.3848	-22.0124	0.436588021997
NDako16	KNYDFA	2	1.854	-9.7207	0.316756750792
NDako16	KNYDFV	3	1.6808	-15.1911	0.137829630923
NDako16	KNYDNA	3	2.0624	-13.1313	1.46843560779
NDako16	KNYDNV	4	2.1906	-18.6017	1.10891162756
NDako16	KNYDSA	3	2.3019	-8.0218	1.32591427123
NDako16	KNYDSV	4	1.778	-13.4922	0.792840008972
NDako16	KNYEFA	3	1.6318	-12.3492	0.152429251765
NDako16	KNYEFV	4	1.856	-17.8196	0.0570157246437
NDako16	KNYENA	4	2.0495	-15.7598	0.49935773408
NDako16	KNYENV	5	2.4654	-21.2302	0.322616014786
NDako16	KNYESA	4	2.0551	-10.6503	0.289396303408
NDako16	KNYESV	5	1.8695	-16.1207	0.129957294235
NDako16	QEFDFA	3	2.1267	-11.2213	0.761108921878
NDako16	QEFDFV	4	2.4945	-16.6917	0.211785732259
NDako16	QEFDNA	4	2.0922	-14.6319	5.85948503712
NDako16	QEFDNV	5	2.6527	-20.1024	2.79757527237
NDako16	QEFDSA	4	2.2136	-9.5224	4.35688700115
NDako16	QEFDSV	5	2.2036	-14.9928	2.271867943
NDako16	QEFEFA	4	2.1148	-13.8498	0.245978923364
NDako16	QEFEFV	5	2.7771	-19.3202	0.0889251636833
NDako16	QEFENA	5	2.2497	-17.2604	0.574952863369
NDako16	QEFENV	6	2.9927	-22.7309	0.312346499662
NDako16	QEFESA	5	2.1459	-12.1509	0.421950120913
NDako16	QEFESV	6	2.4302	-17.6213	0.387811492805
NDako16	QESDFA	2	1.7282	-16.1331	4.58242523279
NDako16	QESDFV	3	2.7488	-21.6035	0.650015273205
NDako16	QESDNA	3	2.0855	-19.5437	7.12612236605
NDako16	QESDNV	4	3.0498	-25.0142	3.71967821727
NDako16	QESDSA	3	1.7717	-14.4342	12.0806940425
NDako16	QESDSV	4	2.3802	-19.9046	4.30788929257
NDako16	QESEFA	3	2.0506	-18.7616	0.615312332823
NDako16	QESEFV	4	3.1248	-24.232	0.241096703135
NDako16	QESENA	4	2.5197	-22.1722	0.678288563656
NDako16	QESENV	5	3.452	-27.6426	0.513388374448
NDako16	QESESA	4	2.0444	-17.0627	0.554200251464
NDako16	QESESV	5	2.7207	-22.5331	0.402651384282
NDako16	QEYDFA	3	2.0455	-10.2414	0.467399448889
NDako16	QEYDFV	4	2.291	-15.7118	0.223649054649
NDako16	QEYDNA	4	2.0746	-13.652	5.10311708859
NDako16	QEYDNV	5	2.513	-19.1224	2.78869759538
NDako16	QEYDSA	4	2.2651	-8.5424	3.07693914694
NDako16	QEYDSV	5	2.1146	-14.0128	2.01046465511
NDako16	QEYEFA	4	2.0176	-12.8699	0.201219436364
NDako16	QEYEFV	5	2.5881	-18.3403	0.107978695961
NDako16	QEYENA	5	2.2254	-16.2805	0.878600533371
NDako16	QEYENV	6	2.8734	-21.7509	0.37051182049
NDako16	QEYESA	5	2.2018	-11.1709	0.517638832846
NDako16	QEYESV	6	2.336	-16.6413	0.338932105589
NDako16	QGFDFA	3	2.5105	-11.6552	0.539808663255
NDako16	QGFDFV	4	2.0476	-17.1256	0.218287828104
NDako16	QGFDNA	4	2.3118	-15.0658	4.12649527391
NDako16	QGFDNV	5	2.0984	-20.5362	2.34525210824
NDako16	QGFDSA	4	2.8635	-9.9563	1.9869318171
NDako16	QGFDSV	5	2.1388	-15.4267	1.63135492663
NDako16	QGFEFA	4	2.2089	-14.2837	0.277807732864
NDako16	QGFEFV	5	2.0289	-19.7541	0.0702877360796
NDako16	QGFENA	5	2.1054	-17.6943	0.631633088808
NDako16	QGFENV	6	2.1949	-23.1647	0.39590195008
NDako16	QGFESA	5	2.5541	-12.5848	0.43045605093
NDako16	QGFESV	6	2.0436	-18.0552	0.288358906386
NDako16	QGSDFA	2	1.3638	-16.567	2.96058508732
NDako16	QGSDFV	3	1.8673	-22.0374	0.552654585699
NDako16	QGSDNA	3	1.8049	-19.9776	7.89722327396
NDako16	QGSDNV	4	2.3175	-25.448	2.48474752308
NDako16	QGSDSA	3	1.9448	-14.8681	7.14418179351
NDako16	QGSDSV	4	1.9306	-20.3385	3.13518220655
NDako16	QGSEFA	3	1.4081	-19.1955	0.340173651102
NDako16	QGSEFV	4	2.1542	-24.6659	0.161856913173
NDako16	QGSENA	4	2.0038	-22.6061	0.619215508518
NDako16	QGSENV	5	2.6453	-28.0765	0.443381485929
NDako16	QGSESA	4	1.9148	-17.4966	0.429266067892
NDako16	QGSESV	5	2.1112	-22.967	0.531986588053
NDako16	QGYDFA	3	2.6299	-10.6752	0.30382548197
NDako16	QGYDFV	4	2.0294	-16.1456	0.158796758274
NDako16	QGYDNA	4	2.456	-14.0858	2.24069152771
NDako16	QGYDNV	5	2.0964	-19.5563	1.94386596614
NDako16	QGYDSA	4	3.05	-8.9763	1.22385083008
NDako16	QGYDSV	5	2.2491	-14.4467	1.12335810008
NDako16	QGYEFA	4	2.306	-13.3037	0.371150979116
NDako16	QGYEFV	5	1.9534	-18.7741	0.107174531038
NDako16	QGYENA	5	2.2316	-16.7143	0.878487953037
NDako16	QGYENV	6	2.1625	-22.1848	0.401569053995
NDako16	QGYESA	5	2.7386	-11.6048	0.404057431582
NDako16	QGYESV	6	2.1313	-17.0752	0.33149908592
NDako16	QKFDFA	3	2.4048	-8.9771	0.235558568795
NDako16	QKFDFV	4	2.1254	-14.4475	0.0902241403976
NDako16	QKFDNA	4	2.2185	-12.3877	1.0317653488
NDako16	QKFDNV	5	2.1453	-17.8581	0.597813393879
NDako16	QKFDSA	4	2.721	-7.2782	0.75836955874
NDako16	QKFDSV	5	2.0544	-12.7486	0.492391378767
NDako16	QKFEFA	4	2.1438	-11.6056	0.169873864506
NDako16	QKFEFV	5	2.1595	-17.076	0.0779173113832
NDako16	QKFENA	5	2.0451	-15.0162	0.764236775218
NDako16	QKFENV	6	2.2976	-20.4866	0.414123674723
NDako16	QKFESA	5	2.4046	-9.9067	0.264728469766
NDako16	QKFESV	6	2.0017	-15.3771	0.277133271994
NDako16	QKSDFA	2	1.48	-13.8889	1.23307737533
NDako16	QKSDFV	3	2.2704	-19.3593	0.254654485216
NDako16	QKSDNA	3	1.7736	-17.2995	3.73418891644
NDako16	QKSDNV	4	2.5598	-22.7699	1.37043324162
NDako16	QKSDSA	3	1.711	-12.19	3.15520806024
NDako16	QKSDSV	4	1.9663	-17.6604	1.71616151108
NDako16	QKSEFA	3	1.6072	-16.5174	0.271290060921
NDako16	QKSEFV	4	2.5859	-21.9878	0.117805921972
NDako16	QKSENA	4	2.0303	-19.928	0.318585444763
NDako16	QKSENV	5	2.8961	-25.3984	0.369376738938
NDako16	QKSESA	4	1.7449	-14.8185	0.356516237072
NDako16	QKSESV	5	2.1898	-20.2889	0.167765532426
NDako16	QKYDFA	3	2.5562	-7.9971	0.143299925029
NDako16	QKYDFV	4	2.0358	-13.4676	0.101885179969
NDako16	QKYDNA	4	2.3545	-11.4078	0.829748038533
NDako16	QKYDNV	5	2.0151	-16.8782	0.543637019655
NDako16	QKYDSA	4	2.9732	-6.2982	0.548673845086
NDako16	QKYDSV	5	2.1318	-11.7686	0.411237599418
NDako16	QKYEFA	4	2.2519	-10.6256	0.208623335521
NDako16	QKYEFV	5	1.9996	-16.096	0.0910823964667
NDako16	QKYENA	5	2.1531	-14.0363	0.515375485307
NDako16	QKYENV	6	2.1287	-19.5067	0.31902645812
NDako16	QKYESA	5	2.6541	-8.9267	0.502250727751
NDako16	QKYESV	6	2.0471	-14.3971	0.360267336099
NDako16	QNFDFA	2	1.8137	-9.6305	1.04666526922
NDako16	QNFDFV	3	1.933	-15.101	0.277539461887
NDako16	QNFDNA	3	1.9777	-13.0412	6.19549421602
NDako16	QNFDNV	4	2.3502	-18.5116	4.1926754653
NDako16	QNFDSA	3	2.0807	-7.9316	3.87125219653
NDako16	QNFDSV	4	1.8186	-13.402	2.68997795724
NDako16	QNFEFA	3	1.6668	-12.259	0.360409420891
NDako16	QNFEFV	4	2.1739	-17.7294	0.166259308305
NDako16	QNFENA	4	2.0194	-15.6697	0.650652254325
NDako16	QNFENV	5	2.6435	-21.1401	0.453958714046
NDako16	QNFESA	4	1.8879	-10.5601	0.591332251623
NDako16	QNFESV	5	1.9671	-16.0305	0.374072868463
NDako16	QNSDFA	1	1.2605	-14.5423	5.27900744823
NDako16	QNSDFV	2	2.4202	-20.0127	1.01362854157
NDako16	QNSDNA	2	1.9869	-17.953	8.58159928954
NDako16	QNSDNV	3	2.9478	-23.4234	4.4112762772
NDako16	QNSDSA	2	1.5195	-12.8434	14.2697979005
NDako16	QNSDSV	3	2.1661	-18.3138	7.80006161256
NDako16	QNSEFA	2	1.6352	-17.1708	0.527587623993
NDako16	QNSEFV	3	2.8203	-22.6412	0.24867017443
NDako16	QNSENA	3	2.4144	-20.5814	0.683389537423
NDako16	QNSENV	4	3.3418	-26.0519	0.828361723169
NDako16	QNSESA	3	1.7641	-15.4719	0.60781518322
NDako16	QNSESV	4	2.4915	-20.9423	0.742485289806
NDako16	QNYDFA	2	1.7489	-8.6506	0.482139216018
NDako16	QNYDFV	3	1.7259	-14.121	0.232955535603
NDako16	QNYDNA	3	1.9692	-12.0612	3.58840558397
NDako16	QNYDNV	4	2.2391	-17.5316	2.75908544393
NDako16	QNYDSA	3	2.164	-6.9516	2.36403304639
NDako16	QNYDSV	4	1.7522	-12.4221	2.3168044833
NDako16	QNYEFA	3	1.553	-11.2791	0.312451100938
NDako16	QNYEFV	4	1.9516	-16.7495	0.132755792504
NDako16	QNYENA	4	1.9824	-14.6897	0.952274018678
NDako16	QNYENV	5	2.5375	-20.1601	0.53677316705
NDako16	QNYESA	4	1.95	-9.5801	0.592576069782
NDako16	QNYESV	5	1.8909	-15.0506	0.363364674274
